2.884445793478909170e-01, 2.884445793478909170e-01, 1.493657195645125002e-01, 1.493657195645125002e-01, 1.493657195645125002e-01, 1.493657195645125002e-01, 1.493657195645125002e-01, 1.493657195645125002e-01, 1.493657195645125002e-01, 1.493657195645125002e-01, 1.493657195645125002e-01, 1.493657195645125002e-01, 1.493657195645125002e-01, 2.065393246734199481e-02, 2.065393246734199481e-02, -2.921476532849019980e-01, -2.921476532849019980e-01, -2.921476532849019980e-01, -2.921476532849019980e-01, -2.921476532849019980e-01, -2.921476532849019980e-01, -2.921476532849019980e-01, -2.921476532849019980e-01, -2.921476532849019980e-01, -2.921476532849019980e-01, -2.921476532849019980e-01, -2.921476532849019980e-01, -2.921476532849019980e-01, -3.884145899751348940e-01, -3.884145899751348940e-01, -7.560310210600721392e-01, -7.560310210600721392e-01, -7.560310210600721392e-01, -7.560310210600721392e-01, -7.560310210600721392e-01, -7.560310210600721392e-01, -7.560310210600721392e-01, -7.560310210600721392e-01, -7.560310210600721392e-01, -7.560310210600721392e-01, -7.560310210600721392e-01, -7.560310210600721392e-01, -7.560310210600721392e-01, -7.560310210600721392e-01, -7.560310210600721392e-01, -7.560310210600721392e-01, -7.560310210600721392e-01, -7.560310210600721392e-01, -7.560310210600721392e-01, -7.560310210600721392e-01, -7.560310210600721392e-01, -7.560310210600721392e-01, -7.560310210600721392e-01, -7.560310210600721392e-01, -7.560310210600721392e-01, -7.560310210600721392e-01, -8.936628289910305556e-01, -8.936628289910305556e-01, -8.936628289910305556e-01, -1.287539046266021892e+00, -1.287539046266021892e+00, -1.287539046266021892e+00, -1.287539046266021892e+00, -1.287539046266021892e+00
5.423097285522445743e-01, 5.423097285522445743e-01, 4.173009763464738953e-01, 2.653724421179618487e-01, 2.653724421179618487e-01, 2.653724421179618487e-01, 2.653724421179618487e-01, 2.653724421179618487e-01, 2.653724421179618487e-01, 2.653724421179618487e-01, 2.653724421179618487e-01, 2.653724421179618487e-01, 2.653724421179618487e-01, 2.653724421179618487e-01, -1.531759294778704261e-01, -1.531759294778704261e-01, -1.531759294778704261e-01, -1.696383926099586104e-01, -1.696383926099586104e-01, -1.696383926099586104e-01, -1.696383926099586104e-01, -1.696383926099586104e-01, -1.696383926099586104e-01, -1.696383926099586104e-01, -2.987142220266404968e-01, -2.987142220266404968e-01, -2.987142220266404968e-01, -2.987142220266404968e-01, -2.987142220266404968e-01, -2.987142220266404968e-01, -2.987142220266404968e-01, -2.987142220266404968e-01, -3.304974055873489691e-01, -3.304974055873489691e-01, -3.304974055873489691e-01, -3.304974055873489691e-01, -3.304974055873489691e-01, -3.304974055873489691e-01, -3.304974055873489691e-01, -3.304974055873489691e-01, -4.226559600848062148e-01, -4.226559600848062148e-01, -4.226559600848062148e-01, -4.226559600848062148e-01, -4.226559600848062148e-01, -4.226559600848062148e-01, -6.693838209864517719e-01, -6.693838209864517719e-01, -6.693838209864517719e-01, -6.693838209864517719e-01, -6.693838209864517719e-01, -6.693838209864517719e-01, -6.693838209864517719e-01, -6.693838209864517719e-01, -6.693838209864517719e-01, -6.693838209864517719e-01, -6.693838209864517719e-01, -6.693838209864517719e-01, -6.693838209864517719e-01, -6.693838209864517719e-01, -6.693838209864517719e-01, -8.882109608752963847e-01, -8.882109608752963847e-01, -8.882109608752963847e-01
4.004948093047832058e-01, 3.623485908887246199e-01, 2.560141959528797750e-01, 2.560141959528797750e-01, 2.560141959528797750e-01, 2.560141959528797750e-01, 2.560141959528797750e-01, 2.560141959528797750e-01, -2.027849152373792721e-02, -2.027849152373792721e-02, -5.071021776218332944e-01, -5.071021776218332944e-01, -5.071021776218332944e-01, -5.071021776218332944e-01, -5.071021776218332944e-01, -5.071021776218332944e-01, -5.071021776218332944e-01, -8.958475861477943614e-01, -8.958475861477943614e-01, -8.958475861477943614e-01, -8.958475861477943614e-01, -8.958475861477943614e-01, -8.958475861477943614e-01, -8.958475861477943614e-01, -8.958475861477943614e-01, -8.958475861477943614e-01, -8.958475861477943614e-01, -8.958475861477943614e-01, -1.048514077268450473e+00, -1.048514077268450473e+00, -1.048514077268450473e+00, -1.048514077268450473e+00, -1.048514077268450473e+00, -1.048514077268450473e+00, -1.048514077268450473e+00, -1.048514077268450473e+00, -1.048514077268450473e+00, -1.048514077268450473e+00, -1.048514077268450473e+00, -1.048514077268450473e+00, -1.048514077268450473e+00, -1.048514077268450473e+00, -1.048514077268450473e+00, -1.048514077268450473e+00, -1.048514077268450473e+00, -1.048514077268450473e+00, -1.048514077268450473e+00, -1.048514077268450473e+00, -1.048514077268450473e+00, -1.048514077268450473e+00, -1.048514077268450473e+00, -1.048514077268450473e+00, -1.078153824341959943e+00, -1.078153824341959943e+00, -1.078153824341959943e+00, -1.078153824341959943e+00, -1.078153824341959943e+00, -1.078153824341959943e+00, -1.078153824341959943e+00, -1.078153824341959943e+00, -1.078153824341959943e+00, -1.078153824341959943e+00, -1.078153824341959943e+00, -1.078153824341959943e+00
4.227987959432844556e-01, -7.208944624299840065e-01, -7.208944624299840065e-01, -7.208944624299840065e-01, -7.208944624299840065e-01, -7.208944624299840065e-01, -7.208944624299840065e-01, -7.208944624299840065e-01, -7.208944624299840065e-01, -7.208944624299840065e-01, -7.208944624299840065e-01, -7.208944624299840065e-01, -7.208944624299840065e-01, -7.208944624299840065e-01, -7.208944624299840065e-01, -7.208944624299840065e-01, -7.208944624299840065e-01, -7.208944624299840065e-01, -7.208944624299840065e-01, -7.208944624299840065e-01, -7.208944624299840065e-01, -7.208944624299840065e-01, -7.208944624299840065e-01, -7.208944624299840065e-01, -7.208944624299840065e-01, -7.208944624299840065e-01, -7.208944624299840065e-01, -7.208944624299840065e-01, -7.208944624299840065e-01, -7.208944624299840065e-01, -7.208944624299840065e-01, -7.208944624299840065e-01, -7.208944624299840065e-01, -7.208944624299840065e-01, -7.208944624299840065e-01, -7.208944624299840065e-01, -7.208944624299840065e-01, -7.208944624299840065e-01, -7.208944624299840065e-01, -7.208944624299840065e-01, -7.208944624299840065e-01, -7.208944624299840065e-01, -7.208944624299840065e-01, -7.208944624299840065e-01, -7.208944624299840065e-01, -7.208944624299840065e-01, -7.208944624299840065e-01, -7.208944624299840065e-01, -7.208944624299840065e-01, -7.208944624299840065e-01, -7.208944624299840065e-01, -7.208944624299840065e-01, -7.208944624299840065e-01, -7.208944624299840065e-01, -1.683189563796355204e+00, -1.683189563796355204e+00, -1.683189563796355204e+00, -1.683189563796355204e+00, -1.683189563796355204e+00, -1.683189563796355204e+00, -1.683189563796355204e+00, -1.683189563796355204e+00, -1.683189563796355204e+00, -1.683189563796355204e+00
5.139341528269736337e-01, 1.864863599680390838e-01, 7.737930959077267412e-02, 7.737930959077267412e-02, 7.737930959077267412e-02, 7.737930959077267412e-02, 7.737930959077267412e-02, 7.737930959077267412e-02, 7.737930959077267412e-02, 7.737930959077267412e-02, 7.737930959077267412e-02, 7.737930959077267412e-02, -1.383945439990497302e-02, -1.383945439990497302e-02, -1.383945439990497302e-02, -1.383945439990497302e-02, -1.383945439990497302e-02, -4.177254036942196908e-02, -4.177254036942196908e-02, -4.177254036942196908e-02, -6.148714268822460527e-01, -6.148714268822460527e-01, -6.148714268822460527e-01, -6.148714268822460527e-01, -6.148714268822460527e-01, -6.148714268822460527e-01, -6.148714268822460527e-01, -6.148714268822460527e-01, -6.148714268822460527e-01, -1.090792585643895141e+00, -1.090792585643895141e+00, -1.090792585643895141e+00, -1.090792585643895141e+00, -1.090792585643895141e+00, -1.090792585643895141e+00, -1.090792585643895141e+00, -1.090792585643895141e+00, -1.090792585643895141e+00, -1.090792585643895141e+00, -1.090792585643895141e+00, -1.090792585643895141e+00, -1.090792585643895141e+00, -1.090792585643895141e+00, -1.090792585643895141e+00, -1.090792585643895141e+00, -1.090792585643895141e+00, -1.090792585643895141e+00, -1.090792585643895141e+00, -1.090792585643895141e+00, -2.080345900372649659e+00, -2.080345900372649659e+00, -2.080345900372649659e+00, -2.080345900372649659e+00, -2.080345900372649659e+00, -2.080345900372649659e+00, -2.080345900372649659e+00, -2.080345900372649659e+00, -2.080345900372649659e+00, -2.080345900372649659e+00, -2.080345900372649659e+00, -2.080345900372649659e+00, -2.080345900372649659e+00, -2.080345900372649659e+00, -2.080345900372649659e+00
3.508953104704488624e-01, 3.508953104704488624e-01, 2.284745797828218461e-01, 2.284745797828218461e-01, 2.284745797828218461e-01, 2.284745797828218461e-01, 1.396348252844170634e-01, 1.396348252844170634e-01, 1.396348252844170634e-01, 1.396348252844170634e-01, 1.396348252844170634e-01, 1.396348252844170634e-01, -1.414937466377737429e+00, -1.414937466377737429e+00, -1.414937466377737429e+00, -1.414937466377737429e+00, -1.414937466377737429e+00, -1.414937466377737429e+00, -1.414937466377737429e+00, -1.414937466377737429e+00, -1.414937466377737429e+00, -1.414937466377737429e+00, -1.414937466377737429e+00, -1.414937466377737429e+00, -1.414937466377737429e+00, -1.414937466377737429e+00, -1.414937466377737429e+00, -1.414937466377737429e+00, -1.414937466377737429e+00, -1.414937466377737429e+00, -1.414937466377737429e+00, -1.414937466377737429e+00, -1.414937466377737429e+00, -1.414937466377737429e+00, -1.414937466377737429e+00, -1.414937466377737429e+00, -1.414937466377737429e+00, -1.414937466377737429e+00, -1.414937466377737429e+00, -1.414937466377737429e+00, -1.414937466377737429e+00, -1.414937466377737429e+00, -1.414937466377737429e+00, -1.414937466377737429e+00, -1.414937466377737429e+00, -1.414937466377737429e+00, -1.414937466377737429e+00, -1.414937466377737429e+00, -1.414937466377737429e+00, -1.414937466377737429e+00, -1.414937466377737429e+00, -1.414937466377737429e+00, -1.414937466377737429e+00, -1.414937466377737429e+00, -1.414937466377737429e+00, -1.414937466377737429e+00, -1.414937466377737429e+00, -1.414937466377737429e+00, -1.414937466377737429e+00, -1.414937466377737429e+00, -1.414937466377737429e+00, -1.414937466377737429e+00, -1.414937466377737429e+00, -1.414937466377737429e+00
4.225925682283734018e-03, 4.225925682283734018e-03, 4.225925682283734018e-03, 4.225925682283734018e-03, 4.225925682283734018e-03, 4.225925682283734018e-03, 4.225925682283734018e-03, 4.225925682283734018e-03, 4.225925682283734018e-03, 4.225925682283734018e-03, 4.225925682283734018e-03, 4.225925682283734018e-03, 4.225925682283734018e-03, 4.225925682283734018e-03, 4.225925682283734018e-03, -3.466156623126462333e-02, -3.466156623126462333e-02, -3.466156623126462333e-02, -3.466156623126462333e-02, -3.466156623126462333e-02, -3.466156623126462333e-02, -3.466156623126462333e-02, -3.466156623126462333e-02, -3.466156623126462333e-02, -3.466156623126462333e-02, -3.466156623126462333e-02, -3.466156623126462333e-02, -3.466156623126462333e-02, -5.299945281488606386e-02, -5.299945281488606386e-02, -5.299945281488606386e-02, -2.303955009690976663e-01, -2.303955009690976663e-01, -2.303955009690976663e-01, -2.303955009690976663e-01, -2.303955009690976663e-01, -2.303955009690976663e-01, -2.303955009690976663e-01, -3.018675458648408250e-01, -6.318814575256911370e-01, -6.318814575256911370e-01, -6.318814575256911370e-01, -6.318814575256911370e-01, -6.318814575256911370e-01, -6.318814575256911370e-01, -6.318814575256911370e-01, -6.318814575256911370e-01, -6.318814575256911370e-01, -1.086416854671523824e+00, -1.086416854671523824e+00, -1.086416854671523824e+00, -1.086416854671523824e+00, -1.086416854671523824e+00, -1.086416854671523824e+00, -1.086416854671523824e+00, -1.241707061719825367e+00, -1.241707061719825367e+00, -1.453111623170967093e+00, -1.453111623170967093e+00, -1.453111623170967093e+00, -1.453111623170967093e+00, -1.453111623170967093e+00, -1.453111623170967093e+00, -1.453111623170967093e+00
5.638480616700336512e-01, 5.114716235805452094e-01, 5.114716235805452094e-01, 3.568833818399735347e-01, 3.568833818399735347e-01, 3.568833818399735347e-01, 3.568833818399735347e-01, 3.568833818399735347e-01, 3.568833818399735347e-01, 3.568833818399735347e-01, 3.568833818399735347e-01, 2.600234580756723424e-01, 2.600234580756723424e-01, 8.409758800399129430e-02, 8.409758800399129430e-02, 8.409758800399129430e-02, 8.409758800399129430e-02, 8.409758800399129430e-02, 8.409758800399129430e-02, 8.409758800399129430e-02, 8.409758800399129430e-02, 8.409758800399129430e-02, 8.409758800399129430e-02, 8.409758800399129430e-02, 8.409758800399129430e-02, -5.184059622008702073e-01, -5.184059622008702073e-01, -5.184059622008702073e-01, -5.184059622008702073e-01, -5.184059622008702073e-01, -5.184059622008702073e-01, -5.184059622008702073e-01, -5.184059622008702073e-01, -5.184059622008702073e-01, -5.184059622008702073e-01, -5.184059622008702073e-01, -5.184059622008702073e-01, -5.184059622008702073e-01, -5.184059622008702073e-01, -5.354704043228529775e-01, -5.354704043228529775e-01, -9.168586075604268082e-01, -9.168586075604268082e-01, -9.168586075604268082e-01, -9.168586075604268082e-01, -9.168586075604268082e-01, -9.168586075604268082e-01, -9.168586075604268082e-01, -9.168586075604268082e-01, -1.101291451183995296e+00, -1.101291451183995296e+00, -1.101291451183995296e+00, -1.101291451183995296e+00, -1.101291451183995296e+00, -1.101291451183995296e+00, -1.101291451183995296e+00, -1.101291451183995296e+00, -1.101291451183995296e+00, -1.101291451183995296e+00, -1.101291451183995296e+00, -1.101291451183995296e+00, -1.101291451183995296e+00, -1.101291451183995296e+00, -1.101291451183995296e+00
-9.570881325953635443e-03, -9.570881325953635443e-03, -9.570881325953635443e-03, -9.570881325953635443e-03, -9.570881325953635443e-03, -9.570881325953635443e-03, -9.570881325953635443e-03, -1.653027537887961362e-01, -1.653027537887961362e-01, -1.653027537887961362e-01, -1.653027537887961362e-01, -3.770457082418602890e-01, -3.770457082418602890e-01, -3.770457082418602890e-01, -3.770457082418602890e-01, -3.770457082418602890e-01, -3.770457082418602890e-01, -3.770457082418602890e-01, -3.770457082418602890e-01, -3.770457082418602890e-01, -3.770457082418602890e-01, -3.770457082418602890e-01, -3.770457082418602890e-01, -3.770457082418602890e-01, -6.208871103757895860e-01, -6.208871103757895860e-01, -6.208871103757895860e-01, -6.208871103757895860e-01, -6.208871103757895860e-01, -6.208871103757895860e-01, -6.208871103757895860e-01, -6.208871103757895860e-01, -6.208871103757895860e-01, -6.208871103757895860e-01, -6.208871103757895860e-01, -6.208871103757895860e-01, -6.208871103757895860e-01, -6.208871103757895860e-01, -6.208871103757895860e-01, -6.208871103757895860e-01, -6.208871103757895860e-01, -6.208871103757895860e-01, -6.208871103757895860e-01, -6.208871103757895860e-01, -6.208871103757895860e-01, -6.208871103757895860e-01, -6.208871103757895860e-01, -6.208871103757895860e-01, -1.775350974868461273e+00, -1.775350974868461273e+00, -1.775350974868461273e+00, -1.775350974868461273e+00, -1.775350974868461273e+00, -1.775350974868461273e+00, -1.775350974868461273e+00, -1.775350974868461273e+00, -1.775350974868461273e+00, -1.775350974868461273e+00, -1.775350974868461273e+00, -1.775350974868461273e+00, -1.775350974868461273e+00, -1.775350974868461273e+00, -1.775350974868461273e+00, -1.775350974868461273e+00
5.610123499974859484e-01, -1.806679619462294578e-02, -1.806679619462294578e-02, -1.806679619462294578e-02, -1.806679619462294578e-02, -1.806679619462294578e-02, -1.806679619462294578e-02, -1.806679619462294578e-02, -1.806679619462294578e-02, -1.806679619462294578e-02, -1.806679619462294578e-02, -1.806679619462294578e-02, -1.806679619462294578e-02, -1.806679619462294578e-02, -1.806679619462294578e-02, -1.806679619462294578e-02, -1.806679619462294578e-02, -1.806679619462294578e-02, -1.806679619462294578e-02, -1.806679619462294578e-02, -1.806679619462294578e-02, -1.806679619462294578e-02, -1.806679619462294578e-02, -1.806679619462294578e-02, -1.806679619462294578e-02, -1.806679619462294578e-02, -1.806679619462294578e-02, -1.806679619462294578e-02, -1.806679619462294578e-02, -1.806679619462294578e-02, -1.806679619462294578e-02, -1.806679619462294578e-02, -1.806679619462294578e-02, -1.806679619462294578e-02, -1.806679619462294578e-02, -1.806679619462294578e-02, -1.806679619462294578e-02, -1.806679619462294578e-02, -1.806679619462294578e-02, -3.546510374492548578e-01, -3.546510374492548578e-01, -3.546510374492548578e-01, -3.546510374492548578e-01, -3.546510374492548578e-01, -3.546510374492548578e-01, -3.546510374492548578e-01, -3.546510374492548578e-01, -3.546510374492548578e-01, -1.984724862128957934e+00, -1.984724862128957934e+00, -1.984724862128957934e+00, -1.984724862128957934e+00, -1.984724862128957934e+00, -1.984724862128957934e+00, -1.984724862128957934e+00, -1.984724862128957934e+00, -1.984724862128957934e+00, -1.984724862128957934e+00, -1.984724862128957934e+00, -1.984724862128957934e+00, -1.984724862128957934e+00, -1.984724862128957934e+00, -1.984724862128957934e+00, -1.984724862128957934e+00
4.392109858528859823e-01, 1.736516608266628348e-01, 1.736516608266628348e-01, 1.736516608266628348e-01, 1.736516608266628348e-01, 1.736516608266628348e-01, 1.736516608266628348e-01, 1.736516608266628348e-01, 1.736516608266628348e-01, 1.056386374439328701e-01, 1.056386374439328701e-01, 2.746378948973386691e-02, 2.746378948973386691e-02, 2.746378948973386691e-02, 2.746378948973386691e-02, 2.746378948973386691e-02, 2.746378948973386691e-02, 2.746378948973386691e-02, 2.746378948973386691e-02, 2.746378948973386691e-02, 2.746378948973386691e-02, 2.746378948973386691e-02, 2.746378948973386691e-02, 2.746378948973386691e-02, 2.746378948973386691e-02, 2.746378948973386691e-02, 2.746378948973386691e-02, 2.746378948973386691e-02, 2.746378948973386691e-02, 2.746378948973386691e-02, 2.746378948973386691e-02, 2.746378948973386691e-02, 2.746378948973386691e-02, 2.746378948973386691e-02, 2.746378948973386691e-02, 2.746378948973386691e-02, 2.746378948973386691e-02, 2.746378948973386691e-02, 2.746378948973386691e-02, 2.746378948973386691e-02, -8.340444617904061927e-03, -8.340444617904061927e-03, -8.340444617904061927e-03, -8.340444617904061927e-03, -8.340444617904061927e-03, -8.340444617904061927e-03, -3.528563768809164225e-01, -3.528563768809164225e-01, -3.528563768809164225e-01, -3.528563768809164225e-01, -4.068180371178812815e-01, -4.068180371178812815e-01, -4.068180371178812815e-01, -4.068180371178812815e-01, -4.068180371178812815e-01, -4.068180371178812815e-01, -8.945745465295360521e-01, -8.945745465295360521e-01, -8.945745465295360521e-01, -8.945745465295360521e-01, -8.945745465295360521e-01, -8.945745465295360521e-01, -8.945745465295360521e-01, -8.945745465295360521e-01
6.094634768698553584e-01, 2.300723198951059867e-01, 2.300723198951059867e-01, 2.300723198951059867e-01, 2.300723198951059867e-01, -1.013004895733742167e-01, -1.013004895733742167e-01, -1.013004895733742167e-01, -1.013004895733742167e-01, -1.013004895733742167e-01, -1.013004895733742167e-01, -2.396212586919776732e-01, -2.396212586919776732e-01, -2.396212586919776732e-01, -2.396212586919776732e-01, -2.396212586919776732e-01, -2.396212586919776732e-01, -2.396212586919776732e-01, -3.575731263003818494e-01, -3.575731263003818494e-01, -3.575731263003818494e-01, -3.575731263003818494e-01, -3.575731263003818494e-01, -8.129183840499302205e-01, -8.129183840499302205e-01, -8.129183840499302205e-01, -8.129183840499302205e-01, -8.129183840499302205e-01, -8.129183840499302205e-01, -8.129183840499302205e-01, -8.129183840499302205e-01, -8.129183840499302205e-01, -8.129183840499302205e-01, -8.129183840499302205e-01, -8.129183840499302205e-01, -8.129183840499302205e-01, -8.129183840499302205e-01, -8.129183840499302205e-01, -8.129183840499302205e-01, -8.129183840499302205e-01, -8.129183840499302205e-01, -8.129183840499302205e-01, -9.949791427618245310e-01, -9.949791427618245310e-01, -9.949791427618245310e-01, -9.949791427618245310e-01, -9.949791427618245310e-01, -9.949791427618245310e-01, -9.949791427618245310e-01, -9.949791427618245310e-01, -9.949791427618245310e-01, -9.949791427618245310e-01, -9.949791427618245310e-01, -9.949791427618245310e-01, -9.949791427618245310e-01, -9.949791427618245310e-01, -9.949791427618245310e-01, -9.949791427618245310e-01, -9.949791427618245310e-01, -9.949791427618245310e-01, -9.949791427618245310e-01, -9.949791427618245310e-01, -9.949791427618245310e-01, -9.949791427618245310e-01
1.830227369227043210e-01, 1.830227369227043210e-01, 1.830227369227043210e-01, 1.218444549364852553e-01, 1.218444549364852553e-01, 1.218444549364852553e-01, 1.942948423214611170e-02, 1.942948423214611170e-02, 1.942948423214611170e-02, 1.942948423214611170e-02, -1.693948105221767531e-01, -1.693948105221767531e-01, -1.693948105221767531e-01, -6.512876305740946670e-01, -6.512876305740946670e-01, -6.512876305740946670e-01, -6.512876305740946670e-01, -6.512876305740946670e-01, -6.512876305740946670e-01, -6.512876305740946670e-01, -6.512876305740946670e-01, -6.512876305740946670e-01, -6.512876305740946670e-01, -6.512876305740946670e-01, -6.512876305740946670e-01, -6.512876305740946670e-01, -1.289647078456302998e+00, -1.289647078456302998e+00, -1.289647078456302998e+00, -1.289647078456302998e+00, -1.289647078456302998e+00, -1.289647078456302998e+00, -1.289647078456302998e+00, -1.289647078456302998e+00, -1.289647078456302998e+00, -1.289647078456302998e+00, -1.289647078456302998e+00, -1.289647078456302998e+00, -1.289647078456302998e+00, -1.289647078456302998e+00, -1.289647078456302998e+00, -1.289647078456302998e+00, -1.784753319404665639e+00, -1.784753319404665639e+00, -1.784753319404665639e+00, -1.784753319404665639e+00, -1.784753319404665639e+00, -1.784753319404665639e+00, -1.784753319404665639e+00, -1.784753319404665639e+00, -1.784753319404665639e+00, -1.784753319404665639e+00, -1.784753319404665639e+00, -1.784753319404665639e+00, -1.784753319404665639e+00, -1.784753319404665639e+00, -1.784753319404665639e+00, -1.784753319404665639e+00, -1.784753319404665639e+00, -1.784753319404665639e+00, -1.784753319404665639e+00, -1.784753319404665639e+00, -1.784753319404665639e+00, -1.784753319404665639e+00
6.347289359728072178e-01, 2.373217732455588647e-01, 2.373217732455588647e-01, 2.373217732455588647e-01, 2.373217732455588647e-01, 2.373217732455588647e-01, 1.618312735479514597e-01, 1.618312735479514597e-01, 1.618312735479514597e-01, 1.618312735479514597e-01, 1.618312735479514597e-01, 1.618312735479514597e-01, -4.076995905180970103e-01, -4.076995905180970103e-01, -6.611659870376632719e-01, -6.611659870376632719e-01, -6.611659870376632719e-01, -6.611659870376632719e-01, -6.611659870376632719e-01, -6.611659870376632719e-01, -6.611659870376632719e-01, -6.611659870376632719e-01, -6.611659870376632719e-01, -6.611659870376632719e-01, -6.611659870376632719e-01, -6.611659870376632719e-01, -6.611659870376632719e-01, -6.611659870376632719e-01, -6.611659870376632719e-01, -1.475179860885555749e+00, -1.475179860885555749e+00, -1.475179860885555749e+00, -1.475179860885555749e+00, -1.475179860885555749e+00, -1.475179860885555749e+00, -1.475179860885555749e+00, -1.475179860885555749e+00, -1.475179860885555749e+00, -1.475179860885555749e+00, -1.475179860885555749e+00, -1.475179860885555749e+00, -1.475179860885555749e+00, -1.475179860885555749e+00, -1.475179860885555749e+00, -1.475179860885555749e+00, -1.475179860885555749e+00, -1.475179860885555749e+00, -1.475179860885555749e+00, -2.413305474439917830e+00, -2.413305474439917830e+00, -2.413305474439917830e+00, -2.413305474439917830e+00, -2.413305474439917830e+00, -2.413305474439917830e+00, -2.413305474439917830e+00, -2.413305474439917830e+00, -2.413305474439917830e+00, -2.413305474439917830e+00, -2.413305474439917830e+00, -2.413305474439917830e+00, -2.413305474439917830e+00, -2.413305474439917830e+00, -2.413305474439917830e+00, -2.413305474439917830e+00
5.396585680127020668e-01, 5.396585680127020668e-01, 3.833509706358267932e-01, 3.833509706358267932e-01, 3.833509706358267932e-01, 3.833509706358267932e-01, 3.833509706358267932e-01, 3.833509706358267932e-01, 2.250323580023801378e-03, 2.250323580023801378e-03, 2.250323580023801378e-03, 2.250323580023801378e-03, 2.250323580023801378e-03, 2.250323580023801378e-03, 2.250323580023801378e-03, 2.250323580023801378e-03, 2.250323580023801378e-03, 2.250323580023801378e-03, -8.006866546291566133e-02, -8.006866546291566133e-02, -8.006866546291566133e-02, -8.006866546291566133e-02, -8.006866546291566133e-02, -8.006866546291566133e-02, -8.006866546291566133e-02, -8.006866546291566133e-02, -8.006866546291566133e-02, -8.006866546291566133e-02, -1.123098120960828727e-01, -1.123098120960828727e-01, -1.123098120960828727e-01, -1.123098120960828727e-01, -1.123098120960828727e-01, -1.123098120960828727e-01, -1.123098120960828727e-01, -1.694430908909809741e-01, -1.694430908909809741e-01, -3.834413456106462448e-01, -3.834413456106462448e-01, -3.834413456106462448e-01, -3.834413456106462448e-01, -3.834413456106462448e-01, -3.834413456106462448e-01, -3.834413456106462448e-01, -1.496642398506191629e+00, -1.496642398506191629e+00, -1.496642398506191629e+00, -1.496642398506191629e+00, -1.496642398506191629e+00, -1.496642398506191629e+00, -1.496642398506191629e+00, -1.496642398506191629e+00, -1.496642398506191629e+00, -1.496642398506191629e+00, -1.496642398506191629e+00, -1.496642398506191629e+00, -1.496642398506191629e+00, -1.496642398506191629e+00, -1.496642398506191629e+00, -1.496642398506191629e+00, -1.496642398506191629e+00, -1.496642398506191629e+00, -1.496642398506191629e+00, -1.496642398506191629e+00
-1.412046911128712612e-01, -1.412046911128712612e-01, -1.412046911128712612e-01, -1.412046911128712612e-01, -1.412046911128712612e-01, -1.412046911128712612e-01, -1.412046911128712612e-01, -1.412046911128712612e-01, -1.412046911128712612e-01, -1.412046911128712612e-01, -1.412046911128712612e-01, -1.129947939339825957e+00, -1.129947939339825957e+00, -1.129947939339825957e+00, -1.129947939339825957e+00, -1.129947939339825957e+00, -1.129947939339825957e+00, -1.129947939339825957e+00, -1.129947939339825957e+00, -1.129947939339825957e+00, -1.129947939339825957e+00, -1.129947939339825957e+00, -1.350693705796135236e+00, -1.350693705796135236e+00, -1.350693705796135236e+00, -1.350693705796135236e+00, -1.350693705796135236e+00, -1.350693705796135236e+00, -1.350693705796135236e+00, -1.350693705796135236e+00, -1.350693705796135236e+00, -1.350693705796135236e+00, -1.350693705796135236e+00, -1.350693705796135236e+00, -1.350693705796135236e+00, -1.350693705796135236e+00, -1.350693705796135236e+00, -1.350693705796135236e+00, -1.350693705796135236e+00, -1.350693705796135236e+00, -1.350693705796135236e+00, -1.350693705796135236e+00, -1.350693705796135236e+00, -1.350693705796135236e+00, -1.350693705796135236e+00, -1.350693705796135236e+00, -1.350693705796135236e+00, -1.477598070740513858e+00, -1.477598070740513858e+00, -1.477598070740513858e+00, -1.477598070740513858e+00, -1.477598070740513858e+00, -1.477598070740513858e+00, -1.477598070740513858e+00, -1.685047148567329733e+00, -1.685047148567329733e+00, -1.685047148567329733e+00, -1.685047148567329733e+00, -1.685047148567329733e+00, -1.685047148567329733e+00, -1.685047148567329733e+00, -1.685047148567329733e+00, -1.685047148567329733e+00, -1.685047148567329733e+00
3.764413886103857854e-01, 2.545845932954141633e-01, 2.545845932954141633e-01, 2.545845932954141633e-01, 2.545845932954141633e-01, 2.545845932954141633e-01, 2.545845932954141633e-01, 2.545845932954141633e-01, 2.545845932954141633e-01, 2.545845932954141633e-01, -3.672549057141648032e-01, -3.672549057141648032e-01, -3.672549057141648032e-01, -3.672549057141648032e-01, -3.672549057141648032e-01, -3.672549057141648032e-01, -3.672549057141648032e-01, -3.672549057141648032e-01, -3.672549057141648032e-01, -3.672549057141648032e-01, -3.672549057141648032e-01, -3.672549057141648032e-01, -3.672549057141648032e-01, -3.672549057141648032e-01, -1.780474703087918886e+00, -1.780474703087918886e+00, -1.780474703087918886e+00, -1.780474703087918886e+00, -1.780474703087918886e+00, -1.780474703087918886e+00, -1.780474703087918886e+00, -1.780474703087918886e+00, -1.780474703087918886e+00, -1.780474703087918886e+00, -1.780474703087918886e+00, -1.780474703087918886e+00, -1.780474703087918886e+00, -1.780474703087918886e+00, -1.780474703087918886e+00, -1.780474703087918886e+00, -1.780474703087918886e+00, -1.780474703087918886e+00, -1.780474703087918886e+00, -1.780474703087918886e+00, -1.780474703087918886e+00, -1.780474703087918886e+00, -1.780474703087918886e+00, -1.780474703087918886e+00, -1.780474703087918886e+00, -1.780474703087918886e+00, -1.780474703087918886e+00, -1.780474703087918886e+00, -1.780474703087918886e+00, -1.780474703087918886e+00, -1.780474703087918886e+00, -1.780474703087918886e+00, -1.780474703087918886e+00, -1.780474703087918886e+00, -1.780474703087918886e+00, -1.780474703087918886e+00, -1.780474703087918886e+00, -1.780474703087918886e+00, -1.780474703087918886e+00, -1.780474703087918886e+00
2.505061530589646202e-01, 2.505061530589646202e-01, 1.117217191013308505e-02, 1.117217191013308505e-02, 1.117217191013308505e-02, 1.117217191013308505e-02, 1.117217191013308505e-02, 1.117217191013308505e-02, 1.117217191013308505e-02, 1.117217191013308505e-02, 1.117217191013308505e-02, 1.117217191013308505e-02, -8.580207034828567225e-02, -8.580207034828567225e-02, -8.580207034828567225e-02, -8.580207034828567225e-02, -8.580207034828567225e-02, -8.580207034828567225e-02, -1.055744159991494069e+00, -1.055744159991494069e+00, -1.055744159991494069e+00, -1.055744159991494069e+00, -1.055744159991494069e+00, -1.055744159991494069e+00, -1.055744159991494069e+00, -1.055744159991494069e+00, -1.055744159991494069e+00, -1.055744159991494069e+00, -1.055744159991494069e+00, -1.055744159991494069e+00, -1.055744159991494069e+00, -1.055744159991494069e+00, -1.055744159991494069e+00, -1.055744159991494069e+00, -1.055744159991494069e+00, -1.055744159991494069e+00, -1.055744159991494069e+00, -1.055744159991494069e+00, -1.055744159991494069e+00, -1.055744159991494069e+00, -1.055744159991494069e+00, -1.055744159991494069e+00, -1.055744159991494069e+00, -1.055744159991494069e+00, -1.055744159991494069e+00, -1.055744159991494069e+00, -1.055744159991494069e+00, -1.630178773855594621e+00, -1.630178773855594621e+00, -1.630178773855594621e+00, -1.630178773855594621e+00, -1.630178773855594621e+00, -1.630178773855594621e+00, -1.630178773855594621e+00, -1.630178773855594621e+00, -1.630178773855594621e+00, -1.630178773855594621e+00, -1.630178773855594621e+00, -1.630178773855594621e+00, -1.630178773855594621e+00, -1.630178773855594621e+00, -1.923504452390370600e+00, -1.923504452390370600e+00, -1.923504452390370600e+00
3.750363086612542030e-01, 7.347579452879203672e-04, 7.347579452879203672e-04, 7.347579452879203672e-04, 7.347579452879203672e-04, 7.347579452879203672e-04, 7.347579452879203672e-04, 7.347579452879203672e-04, 7.347579452879203672e-04, 7.347579452879203672e-04, 7.347579452879203672e-04, 7.347579452879203672e-04, 7.347579452879203672e-04, 7.347579452879203672e-04, 7.347579452879203672e-04, 7.347579452879203672e-04, 7.347579452879203672e-04, 7.347579452879203672e-04, 7.347579452879203672e-04, 7.347579452879203672e-04, 7.347579452879203672e-04, -3.002340083718211053e-02, -3.002340083718211053e-02, -3.002340083718211053e-02, -3.002340083718211053e-02, -3.002340083718211053e-02, -3.002340083718211053e-02, -3.002340083718211053e-02, -3.002340083718211053e-02, -3.002340083718211053e-02, -3.002340083718211053e-02, -3.002340083718211053e-02, -8.484880587798702967e-02, -8.484880587798702967e-02, -8.484880587798702967e-02, -8.484880587798702967e-02, -8.484880587798702967e-02, -8.484880587798702967e-02, -8.484880587798702967e-02, -1.045564083059050686e-01, -1.045564083059050686e-01, -1.045564083059050686e-01, -1.045564083059050686e-01, -1.045564083059050686e-01, -1.045564083059050686e-01, -1.045564083059050686e-01, -1.045564083059050686e-01, -1.045564083059050686e-01, -1.045564083059050686e-01, -1.045564083059050686e-01, -1.045564083059050686e-01, -1.045564083059050686e-01, -1.045564083059050686e-01, -1.045564083059050686e-01, -1.045564083059050686e-01, -1.045564083059050686e-01, -1.045564083059050686e-01, -1.045564083059050686e-01, -1.045564083059050686e-01, -1.045564083059050686e-01, -1.045564083059050686e-01, -1.045564083059050686e-01, -1.045564083059050686e-01, -1.045564083059050686e-01
6.629954169269894892e-01, 5.521019176387534921e-01, 5.521019176387534921e-01, 5.521019176387534921e-01, 5.521019176387534921e-01, 5.521019176387534921e-01, 3.346626797992180435e-01, 3.346626797992180435e-01, 3.346626797992180435e-01, 3.145018248735930722e-01, 3.145018248735930722e-01, 3.145018248735930722e-01, 3.145018248735930722e-01, 3.145018248735930722e-01, 3.145018248735930722e-01, 3.145018248735930722e-01, 3.145018248735930722e-01, 2.971864140537064936e-01, 2.971864140537064936e-01, 2.459036776197837393e-01, 2.459036776197837393e-01, 1.941917369216346612e-01, 1.941917369216346612e-01, 1.941917369216346612e-01, 1.941917369216346612e-01, 1.941917369216346612e-01, -7.210794586532305317e-01, -7.210794586532305317e-01, -7.210794586532305317e-01, -7.210794586532305317e-01, -7.210794586532305317e-01, -8.578332765894400858e-01, -8.578332765894400858e-01, -8.578332765894400858e-01, -8.578332765894400858e-01, -8.578332765894400858e-01, -8.578332765894400858e-01, -8.578332765894400858e-01, -8.578332765894400858e-01, -8.578332765894400858e-01, -8.578332765894400858e-01, -8.578332765894400858e-01, -1.407563173361337183e+00, -1.407563173361337183e+00, -1.407563173361337183e+00, -1.407563173361337183e+00, -1.407563173361337183e+00, -1.407563173361337183e+00, -1.407563173361337183e+00, -1.407563173361337183e+00, -1.447474051153259111e+00, -2.176992353994303020e+00, -2.176992353994303020e+00, -2.176992353994303020e+00, -2.176992353994303020e+00, -2.176992353994303020e+00, -2.176992353994303020e+00, -2.176992353994303020e+00, -2.176992353994303020e+00, -2.176992353994303020e+00, -2.176992353994303020e+00, -2.176992353994303020e+00, -2.176992353994303020e+00, -2.176992353994303020e+00
4.442931770337083530e-01, 3.994551154621066580e-01, 3.936139508988205082e-01, 1.135767194800061525e-01, 1.135767194800061525e-01, 1.135767194800061525e-01, 1.135767194800061525e-01, 1.135767194800061525e-01, 1.135767194800061525e-01, 1.135767194800061525e-01, 3.656354125194045956e-02, 3.656354125194045956e-02, 3.656354125194045956e-02, 3.656354125194045956e-02, 3.656354125194045956e-02, 3.656354125194045956e-02, 3.656354125194045956e-02, 3.656354125194045956e-02, 3.656354125194045956e-02, 1.907340199489807389e-02, 1.907340199489807389e-02, 1.812347378639230389e-03, 1.812347378639230389e-03, 1.812347378639230389e-03, 1.812347378639230389e-03, 1.812347378639230389e-03, 1.812347378639230389e-03, 1.812347378639230389e-03, 1.812347378639230389e-03, 1.812347378639230389e-03, 1.812347378639230389e-03, 1.812347378639230389e-03, 1.812347378639230389e-03, 1.812347378639230389e-03, 1.812347378639230389e-03, 1.812347378639230389e-03, 1.812347378639230389e-03, 1.812347378639230389e-03, -3.726685851278187678e-03, -3.726685851278187678e-03, -3.726685851278187678e-03, -3.726685851278187678e-03, -9.760756023040123575e-02, -9.760756023040123575e-02, -9.760756023040123575e-02, -9.760756023040123575e-02, -9.760756023040123575e-02, -9.760756023040123575e-02, -1.005149977081550156e-01, -1.425331077198137009e-01, -1.425331077198137009e-01, -1.425331077198137009e-01, -1.425331077198137009e-01, -1.425331077198137009e-01, -1.425331077198137009e-01, -1.425331077198137009e-01, -1.425331077198137009e-01, -1.425331077198137009e-01, -1.425331077198137009e-01, -4.615681537117422573e-01, -4.615681537117422573e-01, -4.615681537117422573e-01, -4.615681537117422573e-01, -4.615681537117422573e-01
5.340573762062212904e-01, 4.977044374640157143e-01, 3.132045103279345599e-01, 3.132045103279345599e-01, 3.132045103279345599e-01, 3.132045103279345599e-01, 3.132045103279345599e-01, 2.514057615850347482e-01, 2.514057615850347482e-01, 2.514057615850347482e-01, 2.514057615850347482e-01, 2.297083015992893440e-01, 1.937464629858652310e-01, 9.203134416993286049e-02, 9.203134416993286049e-02, 9.203134416993286049e-02, 9.203134416993286049e-02, -4.094530533900980068e-02, -4.094530533900980068e-02, -1.450071399093020297e-01, -1.450071399093020297e-01, -1.450071399093020297e-01, -1.450071399093020297e-01, -3.181008810392043640e-01, -3.181008810392043640e-01, -3.181008810392043640e-01, -3.181008810392043640e-01, -3.181008810392043640e-01, -3.181008810392043640e-01, -1.140990694556469398e+00, -1.140990694556469398e+00, -1.140990694556469398e+00, -1.140990694556469398e+00, -1.140990694556469398e+00, -1.140990694556469398e+00, -1.140990694556469398e+00, -1.140990694556469398e+00, -1.140990694556469398e+00, -1.213833885498054599e+00, -1.213833885498054599e+00, -1.213833885498054599e+00, -1.213833885498054599e+00, -1.213833885498054599e+00, -1.213833885498054599e+00, -1.213833885498054599e+00, -1.213833885498054599e+00, -1.213833885498054599e+00, -1.213833885498054599e+00, -1.284411364946637324e+00, -1.284411364946637324e+00, -1.284411364946637324e+00, -1.284411364946637324e+00, -1.284411364946637324e+00, -1.284411364946637324e+00, -1.284411364946637324e+00, -1.284411364946637324e+00, -1.284411364946637324e+00, -1.284411364946637324e+00, -1.284411364946637324e+00, -1.284411364946637324e+00, -1.284411364946637324e+00, -1.284411364946637324e+00, -1.284411364946637324e+00, -1.284411364946637324e+00
3.458726111761272759e-01, 3.458726111761272759e-01, 3.458726111761272759e-01, 3.458726111761272759e-01, 3.458726111761272759e-01, 3.458726111761272759e-01, 3.399520977287100454e-01, 3.399520977287100454e-01, 3.399520977287100454e-01, 3.399520977287100454e-01, 1.185765310807585793e-01, 1.185765310807585793e-01, 1.810574637129674924e-02, 1.810574637129674924e-02, 1.810574637129674924e-02, 1.810574637129674924e-02, 1.810574637129674924e-02, 1.810574637129674924e-02, -7.981768145021012062e-01, -7.981768145021012062e-01, -7.981768145021012062e-01, -7.981768145021012062e-01, -7.981768145021012062e-01, -7.981768145021012062e-01, -7.981768145021012062e-01, -7.981768145021012062e-01, -1.842911997131457369e+00, -1.842911997131457369e+00, -1.842911997131457369e+00, -1.842911997131457369e+00, -1.842911997131457369e+00, -1.842911997131457369e+00, -1.842911997131457369e+00, -1.842911997131457369e+00, -1.842911997131457369e+00, -1.842911997131457369e+00, -1.842911997131457369e+00, -1.842911997131457369e+00, -1.842911997131457369e+00, -1.842911997131457369e+00, -1.842911997131457369e+00, -1.842911997131457369e+00, -1.842911997131457369e+00, -1.842911997131457369e+00, -1.842911997131457369e+00, -1.842911997131457369e+00, -1.842911997131457369e+00, -1.842911997131457369e+00, -1.842911997131457369e+00, -1.842911997131457369e+00, -1.842911997131457369e+00, -1.842911997131457369e+00, -1.842911997131457369e+00, -1.842911997131457369e+00, -1.842911997131457369e+00, -1.842911997131457369e+00, -1.842911997131457369e+00, -1.842911997131457369e+00, -1.842911997131457369e+00, -1.842911997131457369e+00, -1.842911997131457369e+00, -1.842911997131457369e+00, -1.842911997131457369e+00, -1.842911997131457369e+00
4.780646062489364856e-01, -9.239663676447344709e-02, -9.239663676447344709e-02, -9.239663676447344709e-02, -9.239663676447344709e-02, -9.239663676447344709e-02, -9.239663676447344709e-02, -9.239663676447344709e-02, -9.239663676447344709e-02, -9.239663676447344709e-02, -9.239663676447344709e-02, -9.239663676447344709e-02, -9.239663676447344709e-02, -9.239663676447344709e-02, -9.239663676447344709e-02, -9.239663676447344709e-02, -9.239663676447344709e-02, -9.239663676447344709e-02, -9.239663676447344709e-02, -9.239663676447344709e-02, -9.239663676447344709e-02, -9.239663676447344709e-02, -9.239663676447344709e-02, -9.239663676447344709e-02, -9.239663676447344709e-02, -9.239663676447344709e-02, -9.239663676447344709e-02, -9.239663676447344709e-02, -1.424409612286796911e-01, -1.424409612286796911e-01, -1.424409612286796911e-01, -1.424409612286796911e-01, -5.142040840545133440e-01, -5.142040840545133440e-01, -5.142040840545133440e-01, -5.142040840545133440e-01, -5.142040840545133440e-01, -5.142040840545133440e-01, -5.142040840545133440e-01, -5.142040840545133440e-01, -1.105161285878390798e+00, -1.105161285878390798e+00, -1.105161285878390798e+00, -1.105161285878390798e+00, -1.105161285878390798e+00, -1.105161285878390798e+00, -1.105161285878390798e+00, -1.105161285878390798e+00, -1.105161285878390798e+00, -1.105161285878390798e+00, -1.105161285878390798e+00, -1.105161285878390798e+00, -1.105161285878390798e+00, -1.105161285878390798e+00, -1.105161285878390798e+00, -1.805203861678986721e+00, -1.805203861678986721e+00, -1.805203861678986721e+00, -1.805203861678986721e+00, -1.805203861678986721e+00, -1.805203861678986721e+00, -1.805203861678986721e+00, -1.805203861678986721e+00, -1.805203861678986721e+00
3.685670631885098331e-02, 3.685670631885098331e-02, 3.685670631885098331e-02, 3.685670631885098331e-02, 3.685670631885098331e-02, -4.274018902078838833e-01, -4.274018902078838833e-01, -4.274018902078838833e-01, -4.274018902078838833e-01, -4.274018902078838833e-01, -4.274018902078838833e-01, -4.274018902078838833e-01, -6.200520858575803151e-01, -6.200520858575803151e-01, -6.200520858575803151e-01, -6.200520858575803151e-01, -6.200520858575803151e-01, -6.200520858575803151e-01, -6.200520858575803151e-01, -6.200520858575803151e-01, -6.200520858575803151e-01, -6.200520858575803151e-01, -6.200520858575803151e-01, -1.493590637772839180e+00, -1.493590637772839180e+00, -1.493590637772839180e+00, -1.493590637772839180e+00, -1.493590637772839180e+00, -1.493590637772839180e+00, -1.493590637772839180e+00, -1.493590637772839180e+00, -1.493590637772839180e+00, -1.493590637772839180e+00, -1.493590637772839180e+00, -1.493590637772839180e+00, -1.493590637772839180e+00, -1.493590637772839180e+00, -1.493590637772839180e+00, -1.493590637772839180e+00, -1.493590637772839180e+00, -1.493590637772839180e+00, -1.493590637772839180e+00, -1.493590637772839180e+00, -1.493590637772839180e+00, -1.493590637772839180e+00, -1.493590637772839180e+00, -1.493590637772839180e+00, -1.493590637772839180e+00, -1.493590637772839180e+00, -1.493590637772839180e+00, -1.493590637772839180e+00, -1.493590637772839180e+00, -1.493590637772839180e+00, -1.493590637772839180e+00, -1.493590637772839180e+00, -1.493590637772839180e+00, -1.493590637772839180e+00, -1.493590637772839180e+00, -1.493590637772839180e+00, -1.493590637772839180e+00, -1.493590637772839180e+00, -1.493590637772839180e+00, -1.493590637772839180e+00, -1.493590637772839180e+00
5.947323772699510958e-01, 3.047055963358903385e-01, 3.047055963358903385e-01, 3.047055963358903385e-01, 3.047055963358903385e-01, 3.047055963358903385e-01, 3.047055963358903385e-01, 5.124169618125860165e-02, 5.124169618125860165e-02, 5.124169618125860165e-02, 5.124169618125860165e-02, -1.372652616665989145e-01, -1.372652616665989145e-01, -1.372652616665989145e-01, -1.372652616665989145e-01, -1.372652616665989145e-01, -1.372652616665989145e-01, -7.450479411129308227e-01, -7.450479411129308227e-01, -7.450479411129308227e-01, -7.450479411129308227e-01, -7.450479411129308227e-01, -7.450479411129308227e-01, -7.450479411129308227e-01, -7.450479411129308227e-01, -7.450479411129308227e-01, -1.672597667404953414e+00, -1.672597667404953414e+00, -1.672597667404953414e+00, -1.672597667404953414e+00, -1.672597667404953414e+00, -1.672597667404953414e+00, -1.672597667404953414e+00, -1.672597667404953414e+00, -1.672597667404953414e+00, -1.672597667404953414e+00, -1.672597667404953414e+00, -1.672597667404953414e+00, -1.672597667404953414e+00, -2.641533162496835008e+00, -2.641533162496835008e+00, -2.641533162496835008e+00, -2.641533162496835008e+00, -2.641533162496835008e+00, -2.641533162496835008e+00, -2.641533162496835008e+00, -2.641533162496835008e+00, -2.641533162496835008e+00, -2.641533162496835008e+00, -2.641533162496835008e+00, -2.641533162496835008e+00, -2.641533162496835008e+00, -2.641533162496835008e+00, -2.641533162496835008e+00, -2.641533162496835008e+00, -2.641533162496835008e+00, -2.641533162496835008e+00, -2.641533162496835008e+00, -2.641533162496835008e+00, -2.641533162496835008e+00, -2.641533162496835008e+00, -2.641533162496835008e+00, -2.641533162496835008e+00, -3.842780040779479211e+00
6.123326737790342200e-01, 5.007815552783827506e-01, 2.691168393356992428e-01, 2.691168393356992428e-01, 2.691168393356992428e-01, 2.691168393356992428e-01, 2.691168393356992428e-01, 2.691168393356992428e-01, 2.691168393356992428e-01, 2.691168393356992428e-01, 2.691168393356992428e-01, 2.691168393356992428e-01, 1.087173127142883194e-01, 1.087173127142883194e-01, 1.087173127142883194e-01, 1.087173127142883194e-01, -4.263548230001469874e-01, -4.263548230001469874e-01, -4.263548230001469874e-01, -4.263548230001469874e-01, -4.263548230001469874e-01, -4.263548230001469874e-01, -4.263548230001469874e-01, -1.086686845264392520e+00, -1.086686845264392520e+00, -1.086686845264392520e+00, -1.086686845264392520e+00, -1.086686845264392520e+00, -1.086686845264392520e+00, -1.086686845264392520e+00, -1.086686845264392520e+00, -1.647944803877438913e+00, -1.647944803877438913e+00, -1.647944803877438913e+00, -1.647944803877438913e+00, -1.647944803877438913e+00, -1.647944803877438913e+00, -1.647944803877438913e+00, -1.647944803877438913e+00, -1.647944803877438913e+00, -1.647944803877438913e+00, -1.647944803877438913e+00, -1.647944803877438913e+00, -1.647944803877438913e+00, -1.647944803877438913e+00, -1.647944803877438913e+00, -1.647944803877438913e+00, -1.647944803877438913e+00, -1.647944803877438913e+00, -1.647944803877438913e+00, -1.647944803877438913e+00, -1.647944803877438913e+00, -1.647944803877438913e+00, -1.647944803877438913e+00, -1.647944803877438913e+00, -1.647944803877438913e+00, -1.647944803877438913e+00, -1.647944803877438913e+00, -1.647944803877438913e+00, -1.647944803877438913e+00, -1.647944803877438913e+00, -1.647944803877438913e+00, -1.647944803877438913e+00, -1.647944803877438913e+00
5.069771131132898567e-01, 3.540938867754775954e-01, 3.540938867754775954e-01, 2.747930175590828639e-01, 2.747930175590828639e-01, 1.094765990085587726e-01, 1.094765990085587726e-01, 1.094765990085587726e-01, 1.094765990085587726e-01, 1.094765990085587726e-01, 1.094765990085587726e-01, -1.885863795646863517e-01, -1.885863795646863517e-01, -1.885863795646863517e-01, -1.885863795646863517e-01, -1.885863795646863517e-01, -2.885703867846742265e-01, -2.885703867846742265e-01, -2.885703867846742265e-01, -2.885703867846742265e-01, -2.885703867846742265e-01, -2.885703867846742265e-01, -3.313658466935904268e-01, -3.313658466935904268e-01, -3.313658466935904268e-01, -3.313658466935904268e-01, -3.313658466935904268e-01, -3.313658466935904268e-01, -3.313658466935904268e-01, -4.190766741140468099e-01, -4.190766741140468099e-01, -4.190766741140468099e-01, -4.190766741140468099e-01, -4.190766741140468099e-01, -4.190766741140468099e-01, -4.190766741140468099e-01, -4.190766741140468099e-01, -4.190766741140468099e-01, -4.917868861285972226e-01, -8.105660392965895467e-01, -8.105660392965895467e-01, -8.105660392965895467e-01, -8.105660392965895467e-01, -8.105660392965895467e-01, -8.105660392965895467e-01, -8.105660392965895467e-01, -8.105660392965895467e-01, -8.105660392965895467e-01, -2.413588871451308737e+00, -2.413588871451308737e+00, -2.413588871451308737e+00, -2.413588871451308737e+00, -2.413588871451308737e+00, -2.413588871451308737e+00, -2.413588871451308737e+00, -2.413588871451308737e+00, -2.413588871451308737e+00, -2.413588871451308737e+00, -2.413588871451308737e+00, -2.413588871451308737e+00, -2.413588871451308737e+00, -2.413588871451308737e+00, -2.413588871451308737e+00, -2.413588871451308737e+00
2.310582797540901567e-01, 2.310582797540901567e-01, 2.310582797540901567e-01, 2.310582797540901567e-01, 2.310582797540901567e-01, 2.310582797540901567e-01, 2.310582797540901567e-01, 2.310582797540901567e-01, 2.310582797540901567e-01, 2.310582797540901567e-01, 2.192346619515014861e-01, 1.589398947360215197e-01, 1.589398947360215197e-01, 1.589398947360215197e-01, 2.906374701834100321e-02, -1.114949916711462236e-01, -1.114949916711462236e-01, -1.114949916711462236e-01, -1.114949916711462236e-01, -1.114949916711462236e-01, -1.114949916711462236e-01, -1.114949916711462236e-01, -2.228110610936561986e-01, -2.228110610936561986e-01, -2.228110610936561986e-01, -2.228110610936561986e-01, -2.228110610936561986e-01, -3.932970505456984678e-01, -3.932970505456984678e-01, -3.932970505456984678e-01, -3.932970505456984678e-01, -3.932970505456984678e-01, -3.932970505456984678e-01, -3.932970505456984678e-01, -3.932970505456984678e-01, -3.932970505456984678e-01, -3.932970505456984678e-01, -5.408886517266626726e-01, -5.408886517266626726e-01, -5.408886517266626726e-01, -5.408886517266626726e-01, -5.408886517266626726e-01, -5.408886517266626726e-01, -5.408886517266626726e-01, -5.408886517266626726e-01, -5.490725540570048357e-01, -5.490725540570048357e-01, -5.490725540570048357e-01, -5.490725540570048357e-01, -5.490725540570048357e-01, -5.490725540570048357e-01, -5.490725540570048357e-01, -5.490725540570048357e-01, -5.490725540570048357e-01, -5.899493128555879373e-01, -5.899493128555879373e-01, -5.899493128555879373e-01, -5.899493128555879373e-01, -5.899493128555879373e-01, -5.899493128555879373e-01, -5.899493128555879373e-01, -5.899493128555879373e-01, -5.899493128555879373e-01, -5.899493128555879373e-01
6.024589217369060723e-01, 3.987586791108095885e-01, -3.945997477525203107e-02, -3.945997477525203107e-02, -3.945997477525203107e-02, -3.945997477525203107e-02, -3.945997477525203107e-02, -3.945997477525203107e-02, -3.945997477525203107e-02, -4.222241521369217709e-01, -4.222241521369217709e-01, -4.222241521369217709e-01, -4.222241521369217709e-01, -4.222241521369217709e-01, -4.222241521369217709e-01, -4.222241521369217709e-01, -4.222241521369217709e-01, -4.222241521369217709e-01, -4.222241521369217709e-01, -7.878051767670134486e-01, -7.878051767670134486e-01, -7.878051767670134486e-01, -7.878051767670134486e-01, -7.878051767670134486e-01, -7.878051767670134486e-01, -7.878051767670134486e-01, -7.878051767670134486e-01, -7.878051767670134486e-01, -9.628175282951377811e-01, -9.628175282951377811e-01, -9.628175282951377811e-01, -9.628175282951377811e-01, -9.628175282951377811e-01, -9.628175282951377811e-01, -9.628175282951377811e-01, -9.868798603651164347e-01, -9.868798603651164347e-01, -1.406445120252008962e+00, -1.406445120252008962e+00, -1.406445120252008962e+00, -1.406445120252008962e+00, -1.406445120252008962e+00, -1.406445120252008962e+00, -1.406445120252008962e+00, -1.406445120252008962e+00, -1.406445120252008962e+00, -1.406445120252008962e+00, -1.406445120252008962e+00, -1.406445120252008962e+00, -1.406445120252008962e+00, -1.406445120252008962e+00, -1.406445120252008962e+00, -1.406445120252008962e+00, -1.406445120252008962e+00, -1.406445120252008962e+00, -1.406445120252008962e+00, -1.406445120252008962e+00, -1.406445120252008962e+00, -1.423111422300332274e+00, -1.423111422300332274e+00, -1.423111422300332274e+00, -1.423111422300332274e+00, -1.423111422300332274e+00, -1.423111422300332274e+00
-3.715849220930386165e-01, -3.715849220930386165e-01, -3.715849220930386165e-01, -3.715849220930386165e-01, -3.715849220930386165e-01, -3.715849220930386165e-01, -3.715849220930386165e-01, -3.715849220930386165e-01, -3.715849220930386165e-01, -3.715849220930386165e-01, -7.089466982234385872e-01, -7.089466982234385872e-01, -7.089466982234385872e-01, -7.089466982234385872e-01, -7.089466982234385872e-01, -7.089466982234385872e-01, -7.089466982234385872e-01, -7.089466982234385872e-01, -7.089466982234385872e-01, -1.767495339547263900e+00, -1.767495339547263900e+00, -1.767495339547263900e+00, -1.767495339547263900e+00, -1.767495339547263900e+00, -1.767495339547263900e+00, -1.767495339547263900e+00, -1.767495339547263900e+00, -1.767495339547263900e+00, -1.767495339547263900e+00, -1.767495339547263900e+00, -1.767495339547263900e+00, -1.767495339547263900e+00, -1.767495339547263900e+00, -1.767495339547263900e+00, -1.767495339547263900e+00, -1.767495339547263900e+00, -1.767495339547263900e+00, -1.767495339547263900e+00, -1.767495339547263900e+00, -1.767495339547263900e+00, -1.767495339547263900e+00, -1.767495339547263900e+00, -1.767495339547263900e+00, -1.767495339547263900e+00, -1.767495339547263900e+00, -1.767495339547263900e+00, -1.767495339547263900e+00, -1.767495339547263900e+00, -1.767495339547263900e+00, -1.767495339547263900e+00, -1.767495339547263900e+00, -1.767495339547263900e+00, -1.767495339547263900e+00, -1.767495339547263900e+00, -1.767495339547263900e+00, -1.767495339547263900e+00, -1.767495339547263900e+00, -1.767495339547263900e+00, -1.767495339547263900e+00, -1.767495339547263900e+00, -1.767495339547263900e+00, -1.767495339547263900e+00, -1.767495339547263900e+00, -1.767495339547263900e+00
4.969440756961207573e-01, 2.922153978257294171e-01, 2.922153978257294171e-01, 2.922153978257294171e-01, 2.922153978257294171e-01, 2.922153978257294171e-01, 2.922153978257294171e-01, 2.922153978257294171e-01, 2.922153978257294171e-01, 2.922153978257294171e-01, -1.852224773152777171e-01, -1.852224773152777171e-01, -1.852224773152777171e-01, -1.852224773152777171e-01, -1.852224773152777171e-01, -1.852224773152777171e-01, -1.852224773152777171e-01, -1.852224773152777171e-01, -3.868846550611322321e-01, -4.693516907453577081e-01, -4.693516907453577081e-01, -4.693516907453577081e-01, -4.693516907453577081e-01, -4.693516907453577081e-01, -4.693516907453577081e-01, -4.693516907453577081e-01, -4.693516907453577081e-01, -4.693516907453577081e-01, -9.405334641191973599e-01, -9.405334641191973599e-01, -9.405334641191973599e-01, -9.405334641191973599e-01, -9.405334641191973599e-01, -9.405334641191973599e-01, -9.405334641191973599e-01, -9.405334641191973599e-01, -1.304800956476378282e+00, -1.304800956476378282e+00, -1.304800956476378282e+00, -1.304800956476378282e+00, -1.304800956476378282e+00, -1.304800956476378282e+00, -1.304800956476378282e+00, -1.304800956476378282e+00, -1.304800956476378282e+00, -1.304800956476378282e+00, -1.304800956476378282e+00, -1.304800956476378282e+00, -1.304800956476378282e+00, -1.304800956476378282e+00, -2.139817278883201723e+00, -2.139817278883201723e+00, -2.139817278883201723e+00, -2.139817278883201723e+00, -2.139817278883201723e+00, -2.139817278883201723e+00, -2.139817278883201723e+00, -2.139817278883201723e+00, -2.139817278883201723e+00, -2.139817278883201723e+00, -2.139817278883201723e+00, -2.277390422724046903e+00, -2.277390422724046903e+00, -2.277390422724046903e+00
