-1.412046911128723159e-01, -1.412046911128723159e-01, -1.412046911128723159e-01, -1.412046911128723159e-01, -1.412046911128723159e-01, -1.412046911128723159e-01, -1.412046911128723159e-01, -1.412046911128723159e-01, -1.412046911128723159e-01, -1.412046911128723159e-01, -1.412046911128723159e-01, -1.412046911128723159e-01, -1.412046911128723159e-01, -1.412046911128723159e-01, -1.412046911128723159e-01, -1.412046911128723159e-01, -1.412046911128723159e-01, -1.412046911128723159e-01, -1.412046911128723159e-01, -1.412046911128723159e-01, -1.412046911128723159e-01, -1.412046911128723159e-01, -1.412046911128723159e-01, -1.412046911128723159e-01, -1.412046911128723159e-01, -1.412046911128723159e-01, -1.412046911128723159e-01, -1.412046911128723159e-01, -1.412046911128723159e-01, -1.412046911128723159e-01, -1.412046911128723159e-01, -1.412046911128723159e-01, -1.412046911128723159e-01, -1.412046911128723159e-01, -1.412046911128723159e-01, -1.412046911128723159e-01, -1.412046911128723159e-01, -1.412046911128723159e-01, -1.412046911128723159e-01, -1.412046911128723159e-01, -1.412046911128723159e-01, -1.412046911128723159e-01, -1.412046911128723159e-01, -1.412046911128723159e-01, -1.412046911128723159e-01, -1.412046911128723159e-01, -1.412046911128723159e-01, -1.412046911128723159e-01, -1.412046911128723159e-01, -1.412046911128723159e-01, -1.412046911128723159e-01, -1.412046911128723159e-01, -1.412046911128723159e-01, -1.412046911128723159e-01, -1.412046911128723159e-01, -1.816841855005733308e-01, -1.816841855005733308e-01, -1.816841855005733308e-01, -1.816841855005733308e-01, -1.816841855005733308e-01, -1.816841855005733308e-01, -1.816841855005733308e-01, -1.816841855005733308e-01, -1.816841855005733308e-01
-3.715849220930386165e-01, -3.715849220930386165e-01, -3.715849220930386165e-01, -3.715849220930386165e-01, -3.715849220930386165e-01, -3.715849220930386165e-01, -3.715849220930386165e-01, -3.715849220930386165e-01, -3.715849220930386165e-01, -3.715849220930386165e-01, -3.715849220930386165e-01, -3.715849220930386165e-01, -3.715849220930386165e-01, -3.715849220930386165e-01, -3.715849220930386165e-01, -3.715849220930386165e-01, -3.715849220930386165e-01, -3.715849220930386165e-01, -3.715849220930386165e-01, -3.715849220930386165e-01, -3.715849220930386165e-01, -3.715849220930386165e-01, -3.715849220930386165e-01, -3.715849220930386165e-01, -3.715849220930386165e-01, -3.715849220930386165e-01, -3.715849220930386165e-01, -3.715849220930386165e-01, -3.715849220930386165e-01, -3.715849220930386165e-01, -3.715849220930386165e-01, -3.715849220930386165e-01, -3.715849220930386165e-01, -3.715849220930386165e-01, -3.715849220930386165e-01, -3.715849220930386165e-01, -3.715849220930386165e-01, -3.715849220930386165e-01, -3.715849220930386165e-01, -3.715849220930386165e-01, -3.715849220930386165e-01, -3.715849220930386165e-01, -3.715849220930386165e-01, -3.715849220930386165e-01, -3.715849220930386165e-01, -3.715849220930386165e-01, -3.715849220930386165e-01, -3.715849220930386165e-01, -3.715849220930386165e-01, -3.715849220930386165e-01, -3.715849220930386165e-01, -3.715849220930386165e-01, -3.715849220930386165e-01, -3.715849220930386165e-01, -3.715849220930386165e-01, -3.715849220930386165e-01, -3.715849220930386165e-01, -3.715849220930386165e-01, -3.715849220930386165e-01, -3.715849220930386165e-01, -3.715849220930386165e-01, -3.715849220930386165e-01, -3.715849220930386165e-01, -3.715849220930386165e-01
2.884445793478909170e-01, 2.884445793478909170e-01, 1.493657195645125002e-01, 1.493657195645125002e-01, 1.493657195645125002e-01, 1.493657195645125002e-01, 1.493657195645125002e-01, 1.493657195645125002e-01, 1.493657195645125002e-01, 1.493657195645125002e-01, 1.493657195645125002e-01, 1.493657195645125002e-01, 1.493657195645125002e-01, 1.493657195645125002e-01, 1.493657195645125002e-01, 1.493657195645125002e-01, 1.493657195645125002e-01, 1.493657195645125002e-01, -7.339881065529642312e-02, -7.339881065529642312e-02, -7.339881065529642312e-02, -7.339881065529642312e-02, -7.339881065529642312e-02, -7.339881065529642312e-02, -7.339881065529642312e-02, -7.339881065529642312e-02, -7.339881065529642312e-02, -7.339881065529642312e-02, -7.339881065529642312e-02, -7.339881065529642312e-02, -7.339881065529642312e-02, -7.339881065529642312e-02, -7.339881065529642312e-02, -7.339881065529642312e-02, -7.339881065529642312e-02, -7.339881065529642312e-02, -7.339881065529642312e-02, -7.339881065529642312e-02, -7.339881065529642312e-02, -7.339881065529642312e-02, -7.339881065529642312e-02, -7.339881065529642312e-02, -7.339881065529642312e-02, -7.339881065529642312e-02, -7.339881065529642312e-02, -7.339881065529642312e-02, -7.339881065529642312e-02, -7.339881065529642312e-02, -7.339881065529642312e-02, -7.339881065529642312e-02, -7.339881065529642312e-02, -7.339881065529642312e-02, -7.339881065529642312e-02, -7.339881065529642312e-02, -7.339881065529642312e-02, -7.339881065529642312e-02, -7.339881065529642312e-02, -7.339881065529642312e-02, -7.339881065529642312e-02, -7.339881065529642312e-02, -7.339881065529642312e-02, -7.339881065529642312e-02, -7.339881065529642312e-02, -7.339881065529642312e-02
-9.570881325953635443e-03, -9.570881325953635443e-03, -9.570881325953635443e-03, -9.570881325953635443e-03, -9.570881325953635443e-03, -9.570881325953635443e-03, -9.570881325953635443e-03, -9.570881325953635443e-03, -9.570881325953635443e-03, -9.570881325953635443e-03, -9.570881325953635443e-03, -9.570881325953635443e-03, -9.570881325953635443e-03, -9.570881325953635443e-03, -9.570881325953635443e-03, -9.570881325953635443e-03, -9.995312443982656836e-02, -9.995312443982656836e-02, -9.995312443982656836e-02, -9.995312443982656836e-02, -9.995312443982656836e-02, -4.133384859504057873e-01, -4.133384859504057873e-01, -4.133384859504057873e-01, -4.133384859504057873e-01, -4.133384859504057873e-01, -4.133384859504057873e-01, -4.133384859504057873e-01, -4.133384859504057873e-01, -4.133384859504057873e-01, -4.133384859504057873e-01, -4.133384859504057873e-01, -4.133384859504057873e-01, -4.133384859504057873e-01, -4.133384859504057873e-01, -4.133384859504057873e-01, -4.133384859504057873e-01, -4.133384859504057873e-01, -4.133384859504057873e-01, -4.133384859504057873e-01, -4.133384859504057873e-01, -4.133384859504057873e-01, -4.133384859504057873e-01, -4.133384859504057873e-01, -4.133384859504057873e-01, -4.133384859504057873e-01, -4.133384859504057873e-01, -4.133384859504057873e-01, -4.133384859504057873e-01, -4.133384859504057873e-01, -4.133384859504057873e-01, -4.133384859504057873e-01, -4.133384859504057873e-01, -4.133384859504057873e-01, -4.133384859504057873e-01, -4.133384859504057873e-01, -4.133384859504057873e-01, -4.133384859504057873e-01, -4.133384859504057873e-01, -4.133384859504057873e-01, -4.133384859504057873e-01, -4.133384859504057873e-01, -4.133384859504057873e-01, -4.133384859504057873e-01
4.392109858528859823e-01, 1.736516608266628348e-01, 1.736516608266628348e-01, 1.736516608266628348e-01, 1.736516608266628348e-01, 1.736516608266628348e-01, 1.736516608266628348e-01, 1.736516608266628348e-01, 1.736516608266628348e-01, 1.736516608266628348e-01, 1.736516608266628348e-01, 1.736516608266628348e-01, 1.079692395288155277e-01, 1.079692395288155277e-01, 1.079692395288155277e-01, 1.079692395288155277e-01, 1.079692395288155277e-01, 1.079692395288155277e-01, 1.079692395288155277e-01, 1.079692395288155277e-01, -2.492244250224909252e-01, -2.492244250224909252e-01, -2.492244250224909252e-01, -2.492244250224909252e-01, -2.492244250224909252e-01, -2.492244250224909252e-01, -2.492244250224909252e-01, -2.492244250224909252e-01, -2.492244250224909252e-01, -2.492244250224909252e-01, -2.492244250224909252e-01, -2.492244250224909252e-01, -2.492244250224909252e-01, -2.492244250224909252e-01, -2.492244250224909252e-01, -2.492244250224909252e-01, -2.492244250224909252e-01, -2.492244250224909252e-01, -2.492244250224909252e-01, -2.492244250224909252e-01, -2.492244250224909252e-01, -2.492244250224909252e-01, -2.492244250224909252e-01, -2.492244250224909252e-01, -2.492244250224909252e-01, -2.492244250224909252e-01, -2.492244250224909252e-01, -2.492244250224909252e-01, -2.492244250224909252e-01, -2.492244250224909252e-01, -2.492244250224909252e-01, -2.492244250224909252e-01, -2.492244250224909252e-01, -2.492244250224909252e-01, -2.492244250224909252e-01, -2.492244250224909252e-01, -2.492244250224909252e-01, -2.492244250224909252e-01, -2.492244250224909252e-01, -2.492244250224909252e-01, -7.226369977905259256e-01, -7.226369977905259256e-01, -7.226369977905259256e-01, -7.226369977905259256e-01
6.347289359728072178e-01, 2.373217732455588647e-01, 2.373217732455588647e-01, 2.373217732455588647e-01, 2.373217732455588647e-01, 2.373217732455588647e-01, 2.373217732455588647e-01, 2.373217732455588647e-01, 1.615346569948677979e-01, 1.615346569948677979e-01, 1.615346569948677979e-01, 1.615346569948677979e-01, -7.496785490736372626e-02, -7.496785490736372626e-02, -7.496785490736372626e-02, -7.496785490736372626e-02, -2.346445023624698922e-01, -2.346445023624698922e-01, -2.346445023624698922e-01, -2.346445023624698922e-01, -2.346445023624698922e-01, -2.346445023624698922e-01, -2.346445023624698922e-01, -2.346445023624698922e-01, -2.346445023624698922e-01, -2.346445023624698922e-01, -2.346445023624698922e-01, -2.346445023624698922e-01, -2.346445023624698922e-01, -3.748560776120776761e-01, -3.748560776120776761e-01, -3.748560776120776761e-01, -3.748560776120776761e-01, -3.748560776120776761e-01, -3.748560776120776761e-01, -3.748560776120776761e-01, -3.748560776120776761e-01, -3.748560776120776761e-01, -3.748560776120776761e-01, -3.748560776120776761e-01, -3.748560776120776761e-01, -3.748560776120776761e-01, -3.748560776120776761e-01, -3.748560776120776761e-01, -3.748560776120776761e-01, -3.748560776120776761e-01, -3.748560776120776761e-01, -3.748560776120776761e-01, -3.748560776120776761e-01, -3.748560776120776761e-01, -8.617041648426431166e-01, -8.617041648426431166e-01, -8.617041648426431166e-01, -8.617041648426431166e-01, -8.617041648426431166e-01, -8.617041648426431166e-01, -8.617041648426431166e-01, -8.617041648426431166e-01, -8.617041648426431166e-01, -8.617041648426431166e-01, -8.617041648426431166e-01, -8.617041648426431166e-01, -8.617041648426431166e-01, -8.617041648426431166e-01
6.024589217369060723e-01, 3.987586791108095885e-01, -3.945997477525203107e-02, -3.945997477525203107e-02, -3.945997477525203107e-02, -3.945997477525203107e-02, -3.945997477525203107e-02, -3.945997477525203107e-02, -3.945997477525203107e-02, -3.945997477525203107e-02, -3.945997477525203107e-02, -3.945997477525203107e-02, -2.241914538073495888e-01, -2.241914538073495888e-01, -2.241914538073495888e-01, -2.241914538073495888e-01, -2.241914538073495888e-01, -2.241914538073495888e-01, -2.241914538073495888e-01, -2.241914538073495888e-01, -2.241914538073495888e-01, -2.241914538073495888e-01, -2.241914538073495888e-01, -2.241914538073495888e-01, -2.241914538073495888e-01, -2.241914538073495888e-01, -2.241914538073495888e-01, -2.241914538073495888e-01, -2.241914538073495888e-01, -2.241914538073495888e-01, -2.241914538073495888e-01, -2.241914538073495888e-01, -2.241914538073495888e-01, -2.241914538073495888e-01, -2.241914538073495888e-01, -2.241914538073495888e-01, -2.241914538073495888e-01, -2.241914538073495888e-01, -2.241914538073495888e-01, -2.241914538073495888e-01, -2.241914538073495888e-01, -2.241914538073495888e-01, -2.241914538073495888e-01, -2.241914538073495888e-01, -2.241914538073495888e-01, -2.241914538073495888e-01, -2.241914538073495888e-01, -2.241914538073495888e-01, -2.241914538073495888e-01, -2.241914538073495888e-01, -2.241914538073495888e-01, -2.241914538073495888e-01, -2.241914538073495888e-01, -2.241914538073495888e-01, -2.241914538073495888e-01, -2.241914538073495888e-01, -2.241914538073495888e-01, -2.241914538073495888e-01, -2.241914538073495888e-01, -2.241914538073495888e-01, -2.241914538073495888e-01, -2.241914538073495888e-01, -2.241914538073495888e-01, -2.241914538073495888e-01
5.396585680127019558e-01, 5.396585680127019558e-01, 3.833509706358266267e-01, 3.833509706358266267e-01, 3.833509706358266267e-01, 3.833509706358266267e-01, 3.833509706358266267e-01, 3.833509706358266267e-01, 3.833509706358266267e-01, 3.833509706358266267e-01, 3.833509706358266267e-01, 3.833509706358266267e-01, 3.371119075683197686e-01, 3.371119075683197686e-01, 3.371119075683197686e-01, 3.371119075683197686e-01, 3.371119075683197686e-01, 3.371119075683197686e-01, 3.371119075683197686e-01, 3.371119075683197686e-01, 2.323180299432429929e-01, 2.323180299432429929e-01, 2.323180299432429929e-01, 2.323180299432429929e-01, 1.149237654008053167e-01, 1.149237654008053167e-01, 1.149237654008053167e-01, 1.149237654008053167e-01, 1.149237654008053167e-01, 1.149237654008053167e-01, 1.149237654008053167e-01, 1.149237654008053167e-01, 1.149237654008053167e-01, 1.149237654008053167e-01, 1.149237654008053167e-01, 1.149237654008053167e-01, -9.447592198828352536e-03, -9.447592198828352536e-03, -9.447592198828352536e-03, -9.447592198828352536e-03, -9.447592198828352536e-03, -9.447592198828352536e-03, -9.447592198828352536e-03, -9.447592198828352536e-03, -9.447592198828352536e-03, -9.447592198828352536e-03, -9.447592198828352536e-03, -9.447592198828352536e-03, -9.447592198828352536e-03, -9.447592198828352536e-03, -9.447592198828352536e-03, -9.447592198828352536e-03, -9.447592198828352536e-03, -9.447592198828352536e-03, -9.447592198828352536e-03, -9.447592198828352536e-03, -9.447592198828352536e-03, -9.447592198828352536e-03, -9.447592198828352536e-03, -9.447592198828352536e-03, -9.447592198828352536e-03, -9.447592198828352536e-03, -9.447592198828352536e-03, -9.447592198828352536e-03
3.764413886103865070e-01, 2.545845932954151625e-01, 2.545845932954151625e-01, 2.545845932954151625e-01, 2.545845932954151625e-01, 2.545845932954151625e-01, 2.545845932954151625e-01, 2.545845932954151625e-01, 2.530178273189156446e-01, 2.530178273189156446e-01, 2.530178273189156446e-01, 2.530178273189156446e-01, -8.503270566685357246e-02, -8.503270566685357246e-02, -8.503270566685357246e-02, -8.503270566685357246e-02, -8.503270566685357246e-02, -8.503270566685357246e-02, -8.503270566685357246e-02, -8.503270566685357246e-02, -8.503270566685357246e-02, -8.503270566685357246e-02, -8.503270566685357246e-02, -8.503270566685357246e-02, -8.503270566685357246e-02, -8.503270566685357246e-02, -8.503270566685357246e-02, -8.503270566685357246e-02, -8.503270566685357246e-02, -8.503270566685357246e-02, -8.503270566685357246e-02, -8.503270566685357246e-02, -8.503270566685357246e-02, -8.503270566685357246e-02, -8.503270566685357246e-02, -8.503270566685357246e-02, -8.503270566685357246e-02, -8.503270566685357246e-02, -8.503270566685357246e-02, -8.503270566685357246e-02, -8.503270566685357246e-02, -2.169616085296391383e-01, -2.169616085296391383e-01, -2.169616085296391383e-01, -2.169616085296391383e-01, -2.169616085296391383e-01, -2.169616085296391383e-01, -2.169616085296391383e-01, -2.169616085296391383e-01, -2.169616085296391383e-01, -2.169616085296391383e-01, -2.169616085296391383e-01, -2.169616085296391383e-01, -2.169616085296391383e-01, -2.169616085296391383e-01, -2.169616085296391383e-01, -2.169616085296391383e-01, -2.169616085296391383e-01, -2.169616085296391383e-01, -2.169616085296391383e-01, -2.169616085296391383e-01, -2.169616085296391383e-01, -2.169616085296391383e-01, -2.169616085296391383e-01
5.340573762062214014e-01, 4.977044374640158253e-01, 3.132045103279346154e-01, 3.132045103279346154e-01, 3.132045103279346154e-01, 3.132045103279346154e-01, 3.132045103279346154e-01, 3.132045103279346154e-01, 3.132045103279346154e-01, 1.312719180610293912e-01, 1.312719180610293912e-01, 1.312719180610293912e-01, 1.312719180610293912e-01, 1.312719180610293912e-01, 1.312719180610293912e-01, 1.312719180610293912e-01, 1.312719180610293912e-01, 1.312719180610293912e-01, 1.312719180610293912e-01, 1.312719180610293912e-01, 1.312719180610293912e-01, 1.312719180610293912e-01, 1.312719180610293912e-01, 3.691250211694151184e-02, 3.691250211694151184e-02, 3.691250211694151184e-02, 3.691250211694151184e-02, 3.691250211694151184e-02, 3.691250211694151184e-02, 3.691250211694151184e-02, 3.691250211694151184e-02, 3.691250211694151184e-02, 3.691250211694151184e-02, 3.691250211694151184e-02, 3.691250211694151184e-02, 3.691250211694151184e-02, 3.691250211694151184e-02, 3.691250211694151184e-02, 3.691250211694151184e-02, 3.691250211694151184e-02, 3.691250211694151184e-02, 3.691250211694151184e-02, 3.691250211694151184e-02, 3.691250211694151184e-02, 3.691250211694151184e-02, 3.691250211694151184e-02, 3.691250211694151184e-02, 3.691250211694151184e-02, 3.691250211694151184e-02, 3.691250211694151184e-02, 3.691250211694151184e-02, 3.691250211694151184e-02, 3.691250211694151184e-02, 3.691250211694151184e-02, 3.691250211694151184e-02, 3.691250211694151184e-02, 3.691250211694151184e-02, 3.691250211694151184e-02, 3.691250211694151184e-02, 3.691250211694151184e-02, 3.691250211694151184e-02, 3.691250211694151184e-02, 3.691250211694151184e-02, 3.691250211694151184e-02
5.610123499974859484e-01, -1.806679619462294578e-02, -1.806679619462294578e-02, -1.806679619462294578e-02, -1.806679619462294578e-02, -1.806679619462294578e-02, -1.806679619462294578e-02, -1.806679619462294578e-02, -1.806679619462294578e-02, -1.806679619462294578e-02, -1.806679619462294578e-02, -1.806679619462294578e-02, -1.806679619462294578e-02, -1.806679619462294578e-02, -1.806679619462294578e-02, -1.806679619462294578e-02, -1.806679619462294578e-02, -1.806679619462294578e-02, -1.806679619462294578e-02, -1.806679619462294578e-02, -1.806679619462294578e-02, -1.806679619462294578e-02, -1.806679619462294578e-02, -1.806679619462294578e-02, -1.806679619462294578e-02, -5.903986067965465434e-01, -5.903986067965465434e-01, -5.903986067965465434e-01, -5.903986067965465434e-01, -5.903986067965465434e-01, -5.903986067965465434e-01, -5.903986067965465434e-01, -5.903986067965465434e-01, -5.903986067965465434e-01, -5.903986067965465434e-01, -5.903986067965465434e-01, -5.903986067965465434e-01, -5.903986067965465434e-01, -5.903986067965465434e-01, -5.903986067965465434e-01, -5.903986067965465434e-01, -5.903986067965465434e-01, -5.903986067965465434e-01, -5.903986067965465434e-01, -5.903986067965465434e-01, -5.903986067965465434e-01, -5.903986067965465434e-01, -5.903986067965465434e-01, -5.903986067965465434e-01, -5.903986067965465434e-01, -5.903986067965465434e-01, -5.903986067965465434e-01, -5.903986067965465434e-01, -5.903986067965465434e-01, -5.903986067965465434e-01, -5.903986067965465434e-01, -5.903986067965465434e-01, -5.903986067965465434e-01, -5.903986067965465434e-01, -5.903986067965465434e-01, -5.903986067965465434e-01, -5.903986067965465434e-01, -5.903986067965465434e-01, -5.903986067965465434e-01
3.508953104704488624e-01, 3.508953104704488624e-01, 2.284745797828218461e-01, 2.284745797828218461e-01, 2.284745797828218461e-01, 2.284745797828218461e-01, 2.284745797828218461e-01, 2.284745797828218461e-01, 2.284745797828218461e-01, 2.284745797828218461e-01, 2.284745797828218461e-01, 2.284745797828218461e-01, 2.284745797828218461e-01, 2.284745797828218461e-01, 2.284745797828218461e-01, 2.284745797828218461e-01, -3.973349549346004428e-02, -3.973349549346004428e-02, -3.973349549346004428e-02, -3.973349549346004428e-02, -3.973349549346004428e-02, -3.973349549346004428e-02, -3.973349549346004428e-02, -3.973349549346004428e-02, -3.973349549346004428e-02, -3.973349549346004428e-02, -3.973349549346004428e-02, -3.973349549346004428e-02, -3.973349549346004428e-02, -3.973349549346004428e-02, -3.973349549346004428e-02, -3.973349549346004428e-02, -3.973349549346004428e-02, -3.973349549346004428e-02, -3.973349549346004428e-02, -3.973349549346004428e-02, -3.973349549346004428e-02, -5.021685302314025240e-02, -5.021685302314025240e-02, -5.021685302314025240e-02, -5.021685302314025240e-02, -5.021685302314025240e-02, -5.021685302314025240e-02, -5.021685302314025240e-02, -5.021685302314025240e-02, -5.021685302314025240e-02, -5.021685302314025240e-02, -5.021685302314025240e-02, -5.021685302314025240e-02, -5.021685302314025240e-02, -5.021685302314025240e-02, -5.021685302314025240e-02, -5.021685302314025240e-02, -5.021685302314025240e-02, -5.021685302314025240e-02, -5.021685302314025240e-02, -5.021685302314025240e-02, -5.021685302314025240e-02, -5.021685302314025240e-02, -5.021685302314025240e-02, -5.021685302314025240e-02, -5.021685302314025240e-02, -5.021685302314025240e-02, -5.021685302314025240e-02
6.123326737790342200e-01, 5.007815552783827506e-01, 2.691168393356992428e-01, 2.691168393356992428e-01, 2.691168393356992428e-01, 2.691168393356992428e-01, 2.691168393356992428e-01, 2.691168393356992428e-01, 2.691168393356992428e-01, 2.691168393356992428e-01, 2.691168393356992428e-01, 2.691168393356992428e-01, 2.691168393356992428e-01, 1.865806634077016302e-01, 1.865806634077016302e-01, 1.865806634077016302e-01, 1.865806634077016302e-01, 1.865806634077016302e-01, 1.617848594236779569e-01, 1.617848594236779569e-01, 1.617848594236779569e-01, 1.617848594236779569e-01, 1.617848594236779569e-01, 1.617848594236779569e-01, 1.617848594236779569e-01, 1.617848594236779569e-01, 1.294911320287041312e-02, 1.294911320287041312e-02, 1.294911320287041312e-02, 1.294911320287041312e-02, 1.294911320287041312e-02, 1.294911320287041312e-02, 1.294911320287041312e-02, 1.294911320287041312e-02, 1.294911320287041312e-02, 1.294911320287041312e-02, 1.294911320287041312e-02, 1.294911320287041312e-02, 1.294911320287041312e-02, 1.294911320287041312e-02, 1.294911320287041312e-02, 1.294911320287041312e-02, 1.294911320287041312e-02, 1.294911320287041312e-02, 1.294911320287041312e-02, 1.294911320287041312e-02, 1.294911320287041312e-02, 1.294911320287041312e-02, 1.294911320287041312e-02, 1.294911320287041312e-02, 1.294911320287041312e-02, 1.294911320287041312e-02, 1.294911320287041312e-02, 1.294911320287041312e-02, 1.294911320287041312e-02, 1.294911320287041312e-02, 1.294911320287041312e-02, 1.294911320287041312e-02, 1.294911320287041312e-02, 1.294911320287041312e-02, 1.294911320287041312e-02, 1.294911320287041312e-02, 1.294911320287041312e-02, 1.294911320287041312e-02
3.458726111761271094e-01, 3.458726111761271094e-01, 3.458726111761271094e-01, 3.458726111761271094e-01, 3.458726111761271094e-01, 3.458726111761271094e-01, 3.458726111761271094e-01, 3.458726111761271094e-01, -3.664606755554745271e-02, -3.664606755554745271e-02, -3.664606755554745271e-02, -3.664606755554745271e-02, -3.664606755554745271e-02, -3.664606755554745271e-02, -3.664606755554745271e-02, -3.664606755554745271e-02, -3.664606755554745271e-02, -3.664606755554745271e-02, -3.664606755554745271e-02, -3.664606755554745271e-02, -3.664606755554745271e-02, -3.664606755554745271e-02, -3.664606755554745271e-02, -3.664606755554745271e-02, -3.664606755554745271e-02, -3.664606755554745271e-02, -3.664606755554745271e-02, -3.664606755554745271e-02, -3.664606755554745271e-02, -3.664606755554745271e-02, -3.664606755554745271e-02, -3.664606755554745271e-02, -3.664606755554745271e-02, -3.664606755554745271e-02, -3.664606755554745271e-02, -3.664606755554745271e-02, -3.664606755554745271e-02, -3.664606755554745271e-02, -3.664606755554745271e-02, -3.664606755554745271e-02, -3.664606755554745271e-02, -3.664606755554745271e-02, -3.664606755554745271e-02, -3.664606755554745271e-02, -3.664606755554745271e-02, -3.664606755554745271e-02, -3.664606755554745271e-02, -3.664606755554745271e-02, -6.733527624959194380e-02, -6.733527624959194380e-02, -6.733527624959194380e-02, -6.733527624959194380e-02, -6.733527624959194380e-02, -6.733527624959194380e-02, -6.733527624959194380e-02, -6.733527624959194380e-02, -1.418136564016075352e-01, -1.418136564016075352e-01, -1.418136564016075352e-01, -1.418136564016075352e-01, -1.418136564016075352e-01, -1.418136564016075352e-01, -1.418136564016075352e-01, -1.418136564016075352e-01
5.139341528269736337e-01, 1.864863599680390838e-01, 7.737930959077267412e-02, 7.737930959077267412e-02, 7.737930959077267412e-02, 7.737930959077267412e-02, 7.737930959077267412e-02, 7.737930959077267412e-02, 7.737930959077267412e-02, 7.737930959077267412e-02, 7.737930959077267412e-02, 7.737930959077267412e-02, 7.737930959077267412e-02, 7.737930959077267412e-02, 7.737930959077267412e-02, 7.737930959077267412e-02, 7.737930959077267412e-02, 7.737930959077267412e-02, 7.737930959077267412e-02, 7.737930959077267412e-02, 7.737930959077267412e-02, 7.737930959077267412e-02, 7.737930959077267412e-02, 7.737930959077267412e-02, 7.737930959077267412e-02, 7.737930959077267412e-02, -4.313958327208818333e-01, -4.313958327208818333e-01, -4.313958327208818333e-01, -4.313958327208818333e-01, -4.313958327208818333e-01, -4.313958327208818333e-01, -4.313958327208818333e-01, -4.313958327208818333e-01, -4.313958327208818333e-01, -4.313958327208818333e-01, -4.313958327208818333e-01, -4.313958327208818333e-01, -4.313958327208818333e-01, -4.313958327208818333e-01, -4.313958327208818333e-01, -4.313958327208818333e-01, -4.313958327208818333e-01, -4.313958327208818333e-01, -4.313958327208818333e-01, -4.313958327208818333e-01, -4.313958327208818333e-01, -4.313958327208818333e-01, -4.313958327208818333e-01, -4.313958327208818333e-01, -4.313958327208818333e-01, -4.313958327208818333e-01, -4.313958327208818333e-01, -4.313958327208818333e-01, -4.313958327208818333e-01, -4.313958327208818333e-01, -4.313958327208818333e-01, -4.313958327208818333e-01, -4.313958327208818333e-01, -4.313958327208818333e-01, -4.313958327208818333e-01, -4.313958327208818333e-01, -4.313958327208818333e-01, -4.313958327208818333e-01
4.225925682283734018e-03, 4.225925682283734018e-03, 4.225925682283734018e-03, 4.225925682283734018e-03, 4.225925682283734018e-03, 4.225925682283734018e-03, 4.225925682283734018e-03, 4.225925682283734018e-03, 4.225925682283734018e-03, 4.225925682283734018e-03, 4.225925682283734018e-03, -1.038783490647786079e-01, -1.038783490647786079e-01, -1.038783490647786079e-01, -1.038783490647786079e-01, -1.038783490647786079e-01, -1.038783490647786079e-01, -1.038783490647786079e-01, -1.038783490647786079e-01, -1.038783490647786079e-01, -1.038783490647786079e-01, -1.038783490647786079e-01, -1.038783490647786079e-01, -1.038783490647786079e-01, -1.038783490647786079e-01, -1.038783490647786079e-01, -1.038783490647786079e-01, -1.038783490647786079e-01, -1.038783490647786079e-01, -1.038783490647786079e-01, -1.038783490647786079e-01, -1.038783490647786079e-01, -1.038783490647786079e-01, -1.038783490647786079e-01, -1.038783490647786079e-01, -1.038783490647786079e-01, -1.038783490647786079e-01, -1.038783490647786079e-01, -1.038783490647786079e-01, -1.038783490647786079e-01, -1.038783490647786079e-01, -1.038783490647786079e-01, -1.038783490647786079e-01, -1.038783490647786079e-01, -1.038783490647786079e-01, -1.038783490647786079e-01, -1.038783490647786079e-01, -1.038783490647786079e-01, -1.038783490647786079e-01, -1.038783490647786079e-01, -1.038783490647786079e-01, -1.038783490647786079e-01, -1.038783490647786079e-01, -1.038783490647786079e-01, -1.038783490647786079e-01, -1.038783490647786079e-01, -1.038783490647786079e-01, -1.038783490647786079e-01, -1.038783490647786079e-01, -1.038783490647786079e-01, -1.038783490647786079e-01, -1.038783490647786079e-01, -1.038783490647786079e-01, -1.038783490647786079e-01
4.227987959432844556e-01, -7.208944624299840065e-01, -7.208944624299840065e-01, -7.208944624299840065e-01, -7.208944624299840065e-01, -7.208944624299840065e-01, -7.208944624299840065e-01, -7.208944624299840065e-01, -7.208944624299840065e-01, -7.208944624299840065e-01, -7.208944624299840065e-01, -7.208944624299840065e-01, -7.208944624299840065e-01, -7.208944624299840065e-01, -7.208944624299840065e-01, -7.208944624299840065e-01, -7.208944624299840065e-01, -7.208944624299840065e-01, -7.208944624299840065e-01, -7.208944624299840065e-01, -7.208944624299840065e-01, -7.208944624299840065e-01, -7.208944624299840065e-01, -7.208944624299840065e-01, -7.208944624299840065e-01, -7.208944624299840065e-01, -7.208944624299840065e-01, -7.208944624299840065e-01, -7.208944624299840065e-01, -7.208944624299840065e-01, -7.208944624299840065e-01, -7.208944624299840065e-01, -7.208944624299840065e-01, -7.208944624299840065e-01, -7.208944624299840065e-01, -7.208944624299840065e-01, -7.208944624299840065e-01, -7.208944624299840065e-01, -7.208944624299840065e-01, -7.208944624299840065e-01, -7.208944624299840065e-01, -7.208944624299840065e-01, -7.208944624299840065e-01, -7.208944624299840065e-01, -7.208944624299840065e-01, -7.208944624299840065e-01, -7.208944624299840065e-01, -7.208944624299840065e-01, -7.208944624299840065e-01, -7.208944624299840065e-01, -7.208944624299840065e-01, -7.208944624299840065e-01, -7.208944624299840065e-01, -7.208944624299840065e-01, -7.208944624299840065e-01, -7.208944624299840065e-01, -7.208944624299840065e-01, -7.208944624299840065e-01, -7.208944624299840065e-01, -7.208944624299840065e-01, -7.208944624299840065e-01, -7.208944624299840065e-01, -7.208944624299840065e-01, -7.208944624299840065e-01
2.505061530589646202e-01, 2.505061530589646202e-01, 1.117217191013308505e-02, 1.117217191013308505e-02, 1.117217191013308505e-02, 1.117217191013308505e-02, 1.117217191013308505e-02, 1.117217191013308505e-02, 1.117217191013308505e-02, 1.117217191013308505e-02, 1.117217191013308505e-02, 1.117217191013308505e-02, 1.117217191013308505e-02, -1.587436730609046720e-01, -1.587436730609046720e-01, -1.587436730609046720e-01, -1.587436730609046720e-01, -1.587436730609046720e-01, -1.587436730609046720e-01, -1.587436730609046720e-01, -1.587436730609046720e-01, -1.587436730609046720e-01, -1.587436730609046720e-01, -1.587436730609046720e-01, -1.587436730609046720e-01, -1.587436730609046720e-01, -1.587436730609046720e-01, -6.045578348246946065e-01, -6.045578348246946065e-01, -6.045578348246946065e-01, -6.045578348246946065e-01, -6.045578348246946065e-01, -6.045578348246946065e-01, -6.045578348246946065e-01, -6.045578348246946065e-01, -6.045578348246946065e-01, -6.045578348246946065e-01, -6.045578348246946065e-01, -6.045578348246946065e-01, -6.045578348246946065e-01, -6.045578348246946065e-01, -6.045578348246946065e-01, -6.045578348246946065e-01, -6.045578348246946065e-01, -6.045578348246946065e-01, -6.045578348246946065e-01, -6.045578348246946065e-01, -6.045578348246946065e-01, -6.045578348246946065e-01, -6.045578348246946065e-01, -6.045578348246946065e-01, -6.045578348246946065e-01, -6.045578348246946065e-01, -6.045578348246946065e-01, -6.045578348246946065e-01, -6.045578348246946065e-01, -6.045578348246946065e-01, -6.045578348246946065e-01, -6.045578348246946065e-01, -6.045578348246946065e-01, -6.045578348246946065e-01, -6.045578348246946065e-01, -6.045578348246946065e-01, -6.045578348246946065e-01
6.094634768698553584e-01, 2.300723198951059867e-01, 2.300723198951059867e-01, 2.300723198951059867e-01, 2.300723198951059867e-01, 2.300723198951059867e-01, 2.300723198951059867e-01, 2.300723198951059867e-01, 2.300723198951059867e-01, 4.491706456991217261e-02, 4.491706456991217261e-02, 4.491706456991217261e-02, 4.491706456991217261e-02, 4.491706456991217261e-02, 4.491706456991217261e-02, 4.491706456991217261e-02, 4.491706456991217261e-02, 4.491706456991217261e-02, 4.491706456991217261e-02, 4.491706456991217261e-02, -1.197434149257160657e-01, -1.197434149257160657e-01, -1.197434149257160657e-01, -1.197434149257160657e-01, -1.197434149257160657e-01, -1.197434149257160657e-01, -1.197434149257160657e-01, -1.197434149257160657e-01, -1.197434149257160657e-01, -1.197434149257160657e-01, -1.197434149257160657e-01, -1.197434149257160657e-01, -1.197434149257160657e-01, -1.197434149257160657e-01, -8.459046265851718482e-01, -8.459046265851718482e-01, -8.459046265851718482e-01, -8.459046265851718482e-01, -8.459046265851718482e-01, -8.459046265851718482e-01, -8.459046265851718482e-01, -8.459046265851718482e-01, -8.459046265851718482e-01, -8.459046265851718482e-01, -8.459046265851718482e-01, -8.459046265851718482e-01, -8.459046265851718482e-01, -8.459046265851718482e-01, -8.459046265851718482e-01, -8.459046265851718482e-01, -8.459046265851718482e-01, -8.459046265851718482e-01, -8.459046265851718482e-01, -8.459046265851718482e-01, -8.459046265851718482e-01, -8.459046265851718482e-01, -8.459046265851718482e-01, -8.459046265851718482e-01, -8.459046265851718482e-01, -8.459046265851718482e-01, -8.459046265851718482e-01, -8.459046265851718482e-01, -8.459046265851718482e-01, -8.459046265851718482e-01
5.069771131132898567e-01, 3.540938867754775954e-01, 3.540938867754775954e-01, 2.747930175590828639e-01, 2.747930175590828639e-01, 2.747930175590828639e-01, 2.747930175590828639e-01, 2.747930175590828639e-01, -2.472128907703469991e-01, -2.472128907703469991e-01, -2.472128907703469991e-01, -2.472128907703469991e-01, -2.472128907703469991e-01, -2.472128907703469991e-01, -2.472128907703469991e-01, -2.472128907703469991e-01, -2.472128907703469991e-01, -2.472128907703469991e-01, -2.472128907703469991e-01, -2.472128907703469991e-01, -2.472128907703469991e-01, -2.472128907703469991e-01, -2.472128907703469991e-01, -2.472128907703469991e-01, -2.472128907703469991e-01, -2.472128907703469991e-01, -2.472128907703469991e-01, -2.472128907703469991e-01, -2.472128907703469991e-01, -2.472128907703469991e-01, -2.472128907703469991e-01, -2.472128907703469991e-01, -2.472128907703469991e-01, -2.472128907703469991e-01, -2.472128907703469991e-01, -2.472128907703469991e-01, -2.472128907703469991e-01, -2.801445529839129978e-01, -2.801445529839129978e-01, -2.801445529839129978e-01, -2.801445529839129978e-01, -2.801445529839129978e-01, -2.801445529839129978e-01, -2.801445529839129978e-01, -2.801445529839129978e-01, -3.271257820402499461e-01, -3.271257820402499461e-01, -3.271257820402499461e-01, -3.271257820402499461e-01, -3.271257820402499461e-01, -3.271257820402499461e-01, -3.271257820402499461e-01, -3.271257820402499461e-01, -3.271257820402499461e-01, -3.271257820402499461e-01, -3.271257820402499461e-01, -3.271257820402499461e-01, -3.271257820402499461e-01, -3.271257820402499461e-01, -3.271257820402499461e-01, -3.271257820402499461e-01, -3.271257820402499461e-01, -3.271257820402499461e-01, -3.271257820402499461e-01
3.685670631885098331e-02, 3.685670631885098331e-02, 3.685670631885098331e-02, 3.685670631885098331e-02, 3.685670631885098331e-02, 3.685670631885098331e-02, 3.685670631885098331e-02, 3.685670631885098331e-02, 3.685670631885098331e-02, 3.685670631885098331e-02, 3.685670631885098331e-02, 3.685670631885098331e-02, 3.685670631885098331e-02, 3.685670631885098331e-02, -3.737749488983179713e-01, -3.737749488983179713e-01, -3.737749488983179713e-01, -3.737749488983179713e-01, -3.737749488983179713e-01, -3.737749488983179713e-01, -3.737749488983179713e-01, -3.737749488983179713e-01, -3.737749488983179713e-01, -3.737749488983179713e-01, -3.737749488983179713e-01, -3.737749488983179713e-01, -3.737749488983179713e-01, -3.737749488983179713e-01, -3.737749488983179713e-01, -3.737749488983179713e-01, -3.737749488983179713e-01, -3.737749488983179713e-01, -3.737749488983179713e-01, -3.737749488983179713e-01, -3.737749488983179713e-01, -3.737749488983179713e-01, -3.737749488983179713e-01, -3.737749488983179713e-01, -3.737749488983179713e-01, -3.737749488983179713e-01, -3.737749488983179713e-01, -3.737749488983179713e-01, -3.737749488983179713e-01, -3.737749488983179713e-01, -3.737749488983179713e-01, -3.737749488983179713e-01, -3.737749488983179713e-01, -3.737749488983179713e-01, -3.737749488983179713e-01, -3.737749488983179713e-01, -3.737749488983179713e-01, -3.737749488983179713e-01, -3.737749488983179713e-01, -3.737749488983179713e-01, -3.737749488983179713e-01, -3.737749488983179713e-01, -3.737749488983179713e-01, -3.737749488983179713e-01, -3.737749488983179713e-01, -3.737749488983179713e-01, -4.029833362188579016e-01, -4.029833362188579016e-01, -6.862901521928496118e-01, -6.862901521928496118e-01
3.750363086612542030e-01, 7.347579452879203672e-04, 7.347579452879203672e-04, 7.347579452879203672e-04, 7.347579452879203672e-04, 7.347579452879203672e-04, 7.347579452879203672e-04, 7.347579452879203672e-04, 7.347579452879203672e-04, 7.347579452879203672e-04, 7.347579452879203672e-04, 7.347579452879203672e-04, 7.347579452879203672e-04, 7.347579452879203672e-04, 7.347579452879203672e-04, 7.347579452879203672e-04, 7.347579452879203672e-04, 7.347579452879203672e-04, 7.347579452879203672e-04, 7.347579452879203672e-04, 7.347579452879203672e-04, 7.347579452879203672e-04, 7.347579452879203672e-04, 7.347579452879203672e-04, 7.347579452879203672e-04, 7.347579452879203672e-04, 7.347579452879203672e-04, 7.347579452879203672e-04, 7.347579452879203672e-04, 7.347579452879203672e-04, 7.347579452879203672e-04, 7.347579452879203672e-04, 7.347579452879203672e-04, 7.347579452879203672e-04, 7.347579452879203672e-04, 7.347579452879203672e-04, 7.347579452879203672e-04, 7.347579452879203672e-04, 7.347579452879203672e-04, 7.347579452879203672e-04, 7.347579452879203672e-04, 7.347579452879203672e-04, 7.347579452879203672e-04, 7.347579452879203672e-04, 7.347579452879203672e-04, 7.347579452879203672e-04, 7.347579452879203672e-04, 7.347579452879203672e-04, -1.020007383758050369e-02, -1.020007383758050369e-02, -1.020007383758050369e-02, -1.020007383758050369e-02, -1.020007383758050369e-02, -1.020007383758050369e-02, -1.020007383758050369e-02, -1.020007383758050369e-02, -1.020007383758050369e-02, -1.020007383758050369e-02, -1.020007383758050369e-02, -1.020007383758050369e-02, -1.020007383758050369e-02, -1.020007383758050369e-02, -1.020007383758050369e-02, -1.020007383758050369e-02
5.638480616700336512e-01, 5.114716235805452094e-01, 5.114716235805452094e-01, 3.568833818399735347e-01, 3.568833818399735347e-01, 3.568833818399735347e-01, 3.568833818399735347e-01, 3.568833818399735347e-01, 3.490615189652619965e-01, 3.490615189652619965e-01, 3.490615189652619965e-01, 3.490615189652619965e-01, 3.490615189652619965e-01, 3.490615189652619965e-01, 3.490615189652619965e-01, 2.159446500774472311e-01, 2.159446500774472311e-01, 2.159446500774472311e-01, 2.159446500774472311e-01, 2.159446500774472311e-01, 2.159446500774472311e-01, 2.159446500774472311e-01, 2.159446500774472311e-01, 2.159446500774472311e-01, 2.159446500774472311e-01, 2.159446500774472311e-01, 2.159446500774472311e-01, 2.159446500774472311e-01, 2.159446500774472311e-01, 2.159446500774472311e-01, 2.159446500774472311e-01, 2.159446500774472311e-01, 2.159446500774472311e-01, -2.144280696656148122e-01, -2.144280696656148122e-01, -2.144280696656148122e-01, -2.144280696656148122e-01, -2.144280696656148122e-01, -2.144280696656148122e-01, -2.144280696656148122e-01, -2.144280696656148122e-01, -2.144280696656148122e-01, -2.144280696656148122e-01, -2.144280696656148122e-01, -2.144280696656148122e-01, -2.144280696656148122e-01, -2.144280696656148122e-01, -2.144280696656148122e-01, -2.144280696656148122e-01, -2.144280696656148122e-01, -2.144280696656148122e-01, -2.144280696656148122e-01, -2.144280696656148122e-01, -2.144280696656148122e-01, -2.144280696656148122e-01, -2.144280696656148122e-01, -2.144280696656148122e-01, -2.144280696656148122e-01, -2.144280696656148122e-01, -2.144280696656148122e-01, -2.144280696656148122e-01, -2.144280696656148122e-01, -2.144280696656148122e-01, -2.144280696656148122e-01
5.947323772699510958e-01, 3.047055963358902830e-01, 3.047055963358902830e-01, 3.047055963358902830e-01, 3.047055963358902830e-01, 3.047055963358902830e-01, 3.047055963358902830e-01, 3.047055963358902830e-01, 2.432387799495122349e-01, 2.432387799495122349e-01, 2.432387799495122349e-01, 8.962102336507336842e-02, 8.962102336507336842e-02, 8.962102336507336842e-02, 8.962102336507336842e-02, -1.741145281967199088e-01, -1.741145281967199088e-01, -1.741145281967199088e-01, -1.741145281967199088e-01, -1.741145281967199088e-01, -1.741145281967199088e-01, -1.741145281967199088e-01, -1.741145281967199088e-01, -1.741145281967199088e-01, -1.741145281967199088e-01, -1.741145281967199088e-01, -1.741145281967199088e-01, -1.741145281967199088e-01, -1.741145281967199088e-01, -1.741145281967199088e-01, -1.741145281967199088e-01, -1.741145281967199088e-01, -1.741145281967199088e-01, -1.741145281967199088e-01, -1.741145281967199088e-01, -1.741145281967199088e-01, -1.741145281967199088e-01, -1.741145281967199088e-01, -1.741145281967199088e-01, -2.591983542649060057e-01, -2.591983542649060057e-01, -2.591983542649060057e-01, -2.591983542649060057e-01, -2.591983542649060057e-01, -2.591983542649060057e-01, -2.591983542649060057e-01, -2.591983542649060057e-01, -2.591983542649060057e-01, -2.591983542649060057e-01, -2.591983542649060057e-01, -2.591983542649060057e-01, -2.591983542649060057e-01, -2.591983542649060057e-01, -2.591983542649060057e-01, -2.591983542649060057e-01, -2.591983542649060057e-01, -2.591983542649060057e-01, -2.591983542649060057e-01, -2.591983542649060057e-01, -2.591983542649060057e-01, -2.591983542649060057e-01, -2.591983542649060057e-01, -2.591983542649060057e-01, -2.591983542649060057e-01
4.442931770337083530e-01, 3.994551154621066580e-01, 3.936139508988205082e-01, 1.135767194800061525e-01, 1.135767194800061525e-01, 1.135767194800061525e-01, 1.135767194800061525e-01, 1.135767194800061525e-01, 9.107819480901757636e-02, 9.107819480901757636e-02, 9.107819480901757636e-02, 9.107819480901757636e-02, 5.711002871354522309e-02, 5.711002871354522309e-02, 5.711002871354522309e-02, 5.711002871354522309e-02, -2.295554456491172637e-02, -2.295554456491172637e-02, -2.295554456491172637e-02, -2.295554456491172637e-02, -2.295554456491172637e-02, -2.295554456491172637e-02, -2.295554456491172637e-02, -2.295554456491172637e-02, -2.295554456491172637e-02, -2.295554456491172637e-02, -2.295554456491172637e-02, -2.295554456491172637e-02, -2.295554456491172637e-02, -2.295554456491172637e-02, -2.295554456491172637e-02, -2.295554456491172637e-02, -2.295554456491172637e-02, -2.295554456491172637e-02, -2.295554456491172637e-02, -2.066742890335815375e-01, -2.066742890335815375e-01, -2.066742890335815375e-01, -2.066742890335815375e-01, -2.066742890335815375e-01, -2.066742890335815375e-01, -2.066742890335815375e-01, -2.066742890335815375e-01, -2.066742890335815375e-01, -2.066742890335815375e-01, -2.066742890335815375e-01, -2.066742890335815375e-01, -2.066742890335815375e-01, -2.066742890335815375e-01, -2.066742890335815375e-01, -2.066742890335815375e-01, -2.066742890335815375e-01, -2.066742890335815375e-01, -2.066742890335815375e-01, -2.066742890335815375e-01, -2.066742890335815375e-01, -2.066742890335815375e-01, -2.066742890335815375e-01, -2.066742890335815375e-01, -2.066742890335815375e-01, -2.066742890335815375e-01, -2.066742890335815375e-01, -2.066742890335815375e-01, -2.066742890335815375e-01
4.969440756961207573e-01, 2.922153978257294171e-01, 2.922153978257294171e-01, 2.922153978257294171e-01, 2.922153978257294171e-01, 2.922153978257294171e-01, 2.922153978257294171e-01, 2.922153978257294171e-01, -8.278008577398533394e-03, -8.278008577398533394e-03, -8.278008577398533394e-03, -8.278008577398533394e-03, -8.278008577398533394e-03, -8.278008577398533394e-03, -8.278008577398533394e-03, -8.278008577398533394e-03, -8.278008577398533394e-03, -8.278008577398533394e-03, -8.278008577398533394e-03, -8.278008577398533394e-03, -8.278008577398533394e-03, -8.278008577398533394e-03, -8.278008577398533394e-03, -8.278008577398533394e-03, -8.278008577398533394e-03, -8.278008577398533394e-03, -8.278008577398533394e-03, -8.278008577398533394e-03, -8.278008577398533394e-03, -8.278008577398533394e-03, -8.278008577398533394e-03, -8.278008577398533394e-03, -9.122431768905558958e-02, -9.122431768905558958e-02, -9.122431768905558958e-02, -9.122431768905558958e-02, -9.122431768905558958e-02, -9.122431768905558958e-02, -9.122431768905558958e-02, -9.122431768905558958e-02, -9.122431768905558958e-02, -9.122431768905558958e-02, -9.122431768905558958e-02, -9.122431768905558958e-02, -9.122431768905558958e-02, -9.122431768905558958e-02, -9.122431768905558958e-02, -9.122431768905558958e-02, -9.122431768905558958e-02, -9.122431768905558958e-02, -9.122431768905558958e-02, -9.122431768905558958e-02, -9.122431768905558958e-02, -9.122431768905558958e-02, -9.122431768905558958e-02, -9.122431768905558958e-02, -9.122431768905558958e-02, -9.122431768905558958e-02, -9.122431768905558958e-02, -9.122431768905558958e-02, -9.122431768905558958e-02, -9.122431768905558958e-02, -9.122431768905558958e-02, -9.122431768905558958e-02
4.004948093047837610e-01, 3.623485908887251750e-01, 2.560141959528804967e-01, 2.560141959528804967e-01, 2.560141959528804967e-01, 2.560141959528804967e-01, 2.560141959528804967e-01, 2.560141959528804967e-01, -1.614842086809213650e-01, -1.614842086809213650e-01, -6.979673262287493518e-01, -6.979673262287493518e-01, -6.979673262287493518e-01, -6.979673262287493518e-01, -6.979673262287493518e-01, -6.979673262287493518e-01, -6.979673262287493518e-01, -6.979673262287493518e-01, -6.979673262287493518e-01, -6.979673262287493518e-01, -6.979673262287493518e-01, -6.979673262287493518e-01, -6.979673262287493518e-01, -6.979673262287493518e-01, -6.979673262287493518e-01, -6.979673262287493518e-01, -6.979673262287493518e-01, -6.979673262287493518e-01, -6.979673262287493518e-01, -6.979673262287493518e-01, -6.979673262287493518e-01, -6.979673262287493518e-01, -6.979673262287493518e-01, -6.979673262287493518e-01, -6.979673262287493518e-01, -6.979673262287493518e-01, -6.979673262287493518e-01, -6.979673262287493518e-01, -6.979673262287493518e-01, -6.979673262287493518e-01, -6.979673262287493518e-01, -6.979673262287493518e-01, -6.979673262287493518e-01, -6.979673262287493518e-01, -6.979673262287493518e-01, -6.979673262287493518e-01, -6.979673262287493518e-01, -6.979673262287493518e-01, -6.979673262287493518e-01, -6.979673262287493518e-01, -6.979673262287493518e-01, -6.979673262287493518e-01, -6.979673262287493518e-01, -6.979673262287493518e-01, -6.979673262287493518e-01, -6.979673262287493518e-01, -6.979673262287493518e-01, -6.979673262287493518e-01, -6.979673262287493518e-01, -6.979673262287493518e-01, -6.979673262287493518e-01, -6.979673262287493518e-01, -6.979673262287493518e-01, -6.979673262287493518e-01
1.830227369227043210e-01, 1.830227369227043210e-01, 1.830227369227043210e-01, 1.218444549364852553e-01, 1.218444549364852553e-01, 1.218444549364852553e-01, 1.218444549364852553e-01, 1.218444549364852553e-01, 4.932909239307518151e-02, 4.932909239307518151e-02, 4.932909239307518151e-02, 4.932909239307518151e-02, 4.932909239307518151e-02, 4.932909239307518151e-02, 4.932909239307518151e-02, 4.932909239307518151e-02, -3.828113009344910611e-01, -3.828113009344910611e-01, -3.828113009344910611e-01, -3.828113009344910611e-01, -3.828113009344910611e-01, -3.828113009344910611e-01, -3.828113009344910611e-01, -3.828113009344910611e-01, -3.828113009344910611e-01, -3.828113009344910611e-01, -3.828113009344910611e-01, -3.828113009344910611e-01, -3.828113009344910611e-01, -3.828113009344910611e-01, -3.828113009344910611e-01, -3.828113009344910611e-01, -3.828113009344910611e-01, -3.828113009344910611e-01, -3.828113009344910611e-01, -3.828113009344910611e-01, -3.828113009344910611e-01, -3.828113009344910611e-01, -3.828113009344910611e-01, -3.828113009344910611e-01, -3.828113009344910611e-01, -3.828113009344910611e-01, -3.828113009344910611e-01, -3.828113009344910611e-01, -3.828113009344910611e-01, -3.828113009344910611e-01, -3.828113009344910611e-01, -3.828113009344910611e-01, -3.828113009344910611e-01, -3.828113009344910611e-01, -3.828113009344910611e-01, -3.828113009344910611e-01, -3.828113009344910611e-01, -3.828113009344910611e-01, -3.828113009344910611e-01, -3.828113009344910611e-01, -3.828113009344910611e-01, -3.828113009344910611e-01, -3.828113009344910611e-01, -3.828113009344910611e-01, -3.828113009344910611e-01, -3.828113009344910611e-01, -3.828113009344910611e-01, -3.828113009344910611e-01
5.423097285522445743e-01, 5.423097285522445743e-01, 4.173009763464738953e-01, 2.653724421179618487e-01, 2.653724421179618487e-01, 2.653724421179618487e-01, 2.653724421179618487e-01, 2.653724421179618487e-01, 2.653724421179618487e-01, 2.653724421179618487e-01, 2.653724421179618487e-01, 2.653724421179618487e-01, 2.653724421179618487e-01, 2.653724421179618487e-01, 2.653724421179618487e-01, 2.653724421179618487e-01, 2.653724421179618487e-01, 2.653724421179618487e-01, 2.653724421179618487e-01, 2.653724421179618487e-01, 1.252289767277347809e-01, 1.252289767277347809e-01, 1.252289767277347809e-01, 1.252289767277347809e-01, 1.252289767277347809e-01, 1.252289767277347809e-01, 1.252289767277347809e-01, 1.252289767277347809e-01, 1.252289767277347809e-01, 1.252289767277347809e-01, 2.434157280873038010e-02, 2.434157280873038010e-02, 2.434157280873038010e-02, 2.434157280873038010e-02, 2.434157280873038010e-02, 2.434157280873038010e-02, 2.434157280873038010e-02, 2.434157280873038010e-02, 2.434157280873038010e-02, 2.434157280873038010e-02, 2.434157280873038010e-02, 2.434157280873038010e-02, 2.434157280873038010e-02, 2.434157280873038010e-02, 2.434157280873038010e-02, 2.434157280873038010e-02, 2.434157280873038010e-02, 2.434157280873038010e-02, 2.434157280873038010e-02, 2.434157280873038010e-02, 2.434157280873038010e-02, 2.434157280873038010e-02, 2.434157280873038010e-02, 2.434157280873038010e-02, 2.434157280873038010e-02, 2.434157280873038010e-02, 2.434157280873038010e-02, 2.434157280873038010e-02, 2.434157280873038010e-02, 2.434157280873038010e-02, 2.434157280873038010e-02, 2.434157280873038010e-02, 2.434157280873038010e-02, 2.434157280873038010e-02
6.629954169269894892e-01, 5.521019176387534921e-01, 5.521019176387534921e-01, 5.521019176387534921e-01, 5.521019176387534921e-01, 5.521019176387534921e-01, 5.521019176387534921e-01, 5.521019176387534921e-01, 5.187944685955871993e-01, 3.383054068378953394e-01, 3.383054068378953394e-01, 3.383054068378953394e-01, 3.383054068378953394e-01, 2.530329245343677647e-01, 2.530329245343677647e-01, 2.530329245343677647e-01, 2.530329245343677647e-01, 2.530329245343677647e-01, 2.530329245343677647e-01, 2.530329245343677647e-01, 1.878423736686655743e-01, 1.878423736686655743e-01, 1.878423736686655743e-01, 1.878423736686655743e-01, 1.878423736686655743e-01, 1.878423736686655743e-01, 1.878423736686655743e-01, 1.878423736686655743e-01, -5.472935516973354009e-01, -5.472935516973354009e-01, -5.472935516973354009e-01, -5.472935516973354009e-01, -5.472935516973354009e-01, -5.472935516973354009e-01, -5.472935516973354009e-01, -5.472935516973354009e-01, -5.472935516973354009e-01, -5.472935516973354009e-01, -5.472935516973354009e-01, -5.472935516973354009e-01, -5.472935516973354009e-01, -5.472935516973354009e-01, -5.472935516973354009e-01, -5.472935516973354009e-01, -5.472935516973354009e-01, -5.472935516973354009e-01, -5.472935516973354009e-01, -5.472935516973354009e-01, -5.472935516973354009e-01, -5.472935516973354009e-01, -5.472935516973354009e-01, -5.472935516973354009e-01, -5.472935516973354009e-01, -5.472935516973354009e-01, -5.472935516973354009e-01, -5.472935516973354009e-01, -5.472935516973354009e-01, -5.472935516973354009e-01, -5.472935516973354009e-01, -5.472935516973354009e-01, -5.472935516973354009e-01, -5.472935516973354009e-01, -5.472935516973354009e-01, -5.472935516973354009e-01
4.780646062489364856e-01, -9.239663676447344709e-02, -9.239663676447344709e-02, -9.239663676447344709e-02, -9.239663676447344709e-02, -9.239663676447344709e-02, -9.239663676447344709e-02, -9.239663676447344709e-02, -9.239663676447344709e-02, -9.239663676447344709e-02, -9.239663676447344709e-02, -9.239663676447344709e-02, -9.239663676447344709e-02, -9.239663676447344709e-02, -9.239663676447344709e-02, -9.239663676447344709e-02, -9.239663676447344709e-02, -9.239663676447344709e-02, -9.239663676447344709e-02, -9.239663676447344709e-02, -9.239663676447344709e-02, -9.239663676447344709e-02, -9.239663676447344709e-02, -9.239663676447344709e-02, -9.239663676447344709e-02, -2.959784592073235743e-01, -2.959784592073235743e-01, -2.959784592073235743e-01, -2.959784592073235743e-01, -2.959784592073235743e-01, -2.959784592073235743e-01, -2.959784592073235743e-01, -2.959784592073235743e-01, -2.959784592073235743e-01, -2.959784592073235743e-01, -2.959784592073235743e-01, -2.959784592073235743e-01, -2.959784592073235743e-01, -2.959784592073235743e-01, -2.959784592073235743e-01, -2.959784592073235743e-01, -2.959784592073235743e-01, -2.959784592073235743e-01, -2.959784592073235743e-01, -2.959784592073235743e-01, -2.959784592073235743e-01, -2.959784592073235743e-01, -2.959784592073235743e-01, -2.959784592073235743e-01, -2.959784592073235743e-01, -2.959784592073235743e-01, -2.959784592073235743e-01, -2.959784592073235743e-01, -2.959784592073235743e-01, -2.959784592073235743e-01, -2.959784592073235743e-01, -2.959784592073235743e-01, -2.959784592073235743e-01, -2.959784592073235743e-01, -2.959784592073235743e-01, -2.959784592073235743e-01, -2.959784592073235743e-01, -2.959784592073235743e-01, -2.959784592073235743e-01
2.310582797540904065e-01, 2.310582797540904065e-01, 2.310582797540904065e-01, 2.310582797540904065e-01, 2.310582797540904065e-01, 2.310582797540904065e-01, 2.310582797540904065e-01, 2.310582797540904065e-01, 2.310582797540904065e-01, -9.552031032369348584e-02, -9.552031032369348584e-02, -9.552031032369348584e-02, -9.552031032369348584e-02, -9.552031032369348584e-02, -9.552031032369348584e-02, -9.552031032369348584e-02, -9.552031032369348584e-02, -9.552031032369348584e-02, -9.552031032369348584e-02, -9.552031032369348584e-02, -9.552031032369348584e-02, -9.552031032369348584e-02, -9.552031032369348584e-02, -9.552031032369348584e-02, -9.552031032369348584e-02, -9.552031032369348584e-02, -9.552031032369348584e-02, -9.552031032369348584e-02, -9.552031032369348584e-02, -9.552031032369348584e-02, -9.552031032369348584e-02, -9.552031032369348584e-02, -9.552031032369348584e-02, -3.939184670380441733e-01, -3.939184670380441733e-01, -3.939184670380441733e-01, -3.939184670380441733e-01, -3.939184670380441733e-01, -3.939184670380441733e-01, -3.939184670380441733e-01, -3.939184670380441733e-01, -3.939184670380441733e-01, -3.939184670380441733e-01, -3.939184670380441733e-01, -3.939184670380441733e-01, -3.939184670380441733e-01, -3.939184670380441733e-01, -3.939184670380441733e-01, -3.939184670380441733e-01, -3.939184670380441733e-01, -3.939184670380441733e-01, -3.939184670380441733e-01, -3.939184670380441733e-01, -3.939184670380441733e-01, -3.939184670380441733e-01, -3.939184670380441733e-01, -3.939184670380441733e-01, -7.620926015384886787e-01, -7.620926015384886787e-01, -7.620926015384886787e-01, -7.620926015384886787e-01, -7.620926015384886787e-01, -7.620926015384886787e-01, -7.620926015384886787e-01
