2.884445793478909170e-01, 2.884445793478909170e-01, 1.493657195645125002e-01, 1.493657195645125002e-01, 1.493657195645125002e-01, 4.983408893148220942e-02, 4.983408893148220942e-02, 4.983408893148220942e-02, 4.983408893148220942e-02, 4.983408893148220942e-02, 4.983408893148220942e-02, -3.853571805174205722e-01, -3.853571805174205722e-01, -3.853571805174205722e-01, -3.853571805174205722e-01, -3.853571805174205722e-01, -6.780163818145167332e-01, -1.313544859873942539e+00, -1.313544859873942539e+00, -1.313544859873942539e+00, -1.313544859873942539e+00, -1.313544859873942539e+00, -1.313544859873942539e+00, -2.030755756679281543e+00, -2.030755756679281543e+00, -2.030755756679281543e+00, -2.030755756679281543e+00, -2.030755756679281543e+00, -2.030755756679281543e+00, -2.030755756679281543e+00, -3.750155494462733330e+00, -3.750155494462733330e+00, -3.750155494462733330e+00, -3.750155494462733330e+00, -3.750155494462733330e+00, -3.750155494462733330e+00, -3.750155494462733330e+00, -3.750155494462733330e+00, -3.750155494462733330e+00, -3.750155494462733330e+00, -3.750155494462733330e+00, -3.750155494462733330e+00, -3.750155494462733330e+00, -3.750155494462733330e+00, -3.750155494462733330e+00, -3.750155494462733330e+00, -3.750155494462733330e+00, -3.750155494462733330e+00, -3.750155494462733330e+00, -3.750155494462733330e+00, -3.750155494462733330e+00, -3.750155494462733330e+00, -3.750155494462733330e+00, -3.750155494462733330e+00, -3.750155494462733330e+00, -3.750155494462733330e+00, -3.750155494462733330e+00, -3.750155494462733330e+00, -3.750155494462733330e+00, -3.750155494462733330e+00, -3.750155494462733330e+00, -3.750155494462733330e+00, -3.750155494462733330e+00, -3.750155494462733330e+00
5.423097285522445743e-01, 5.423097285522445743e-01, 4.173009763464738953e-01, 2.653724421179618487e-01, 2.653724421179618487e-01, 2.653724421179618487e-01, 2.653724421179618487e-01, 2.653724421179618487e-01, 2.653724421179618487e-01, 2.653724421179618487e-01, 2.653724421179618487e-01, 2.653724421179618487e-01, 2.653724421179618487e-01, 2.653724421179618487e-01, 2.653724421179618487e-01, 2.608776193355414885e-01, 2.608776193355414885e-01, 2.608776193355414885e-01, 2.608776193355414885e-01, 2.608776193355414885e-01, 2.608776193355414885e-01, 2.608776193355414885e-01, 2.608776193355414885e-01, 2.608776193355414885e-01, 2.010167242961624079e-01, 2.010167242961624079e-01, 2.010167242961624079e-01, 2.010167242961624079e-01, 1.512377922681346909e-01, 1.512377922681346909e-01, 1.512377922681346909e-01, 1.512377922681346909e-01, 1.512377922681346909e-01, 1.512377922681346909e-01, 1.512377922681346909e-01, -2.054390831898240399e-01, -2.054390831898240399e-01, -4.301662588639324492e-01, -4.301662588639324492e-01, -4.301662588639324492e-01, -5.012152688337302431e-01, -5.012152688337302431e-01, -5.012152688337302431e-01, -5.024655969653258891e-01, -5.024655969653258891e-01, -5.024655969653258891e-01, -5.024655969653258891e-01, -5.024655969653258891e-01, -5.024655969653258891e-01, -5.024655969653258891e-01, -5.024655969653258891e-01, -5.024655969653258891e-01, -5.024655969653258891e-01, -5.024655969653258891e-01, -5.024655969653258891e-01, -5.024655969653258891e-01, -5.024655969653258891e-01, -5.024655969653258891e-01, -5.024655969653258891e-01, -5.024655969653258891e-01, -5.024655969653258891e-01, -5.024655969653258891e-01, -5.024655969653258891e-01, -5.024655969653258891e-01
4.004948093047832058e-01, 3.623485908887246199e-01, 2.560141959528797750e-01, 2.560141959528797750e-01, -2.324088394831140270e-01, -2.324088394831140270e-01, -2.324088394831140270e-01, -2.324088394831140270e-01, -2.324088394831140270e-01, -2.324088394831140270e-01, -9.490314634844223551e-01, -9.490314634844223551e-01, -9.490314634844223551e-01, -9.490314634844223551e-01, -9.490314634844223551e-01, -9.490314634844223551e-01, -9.490314634844223551e-01, -9.490314634844223551e-01, -9.490314634844223551e-01, -9.490314634844223551e-01, -1.618418539054280014e+00, -1.618418539054280014e+00, -1.618418539054280014e+00, -1.618418539054280014e+00, -2.691421865196827135e+00, -2.691421865196827135e+00, -2.691421865196827135e+00, -2.691421865196827135e+00, -2.691421865196827135e+00, -2.691421865196827135e+00, -2.691421865196827135e+00, -2.691421865196827135e+00, -2.691421865196827135e+00, -2.691421865196827135e+00, -2.691421865196827135e+00, -2.691421865196827135e+00, -2.691421865196827135e+00, -2.691421865196827135e+00, -2.691421865196827135e+00, -2.691421865196827135e+00, -2.691421865196827135e+00, -2.691421865196827135e+00, -2.691421865196827135e+00, -2.691421865196827135e+00, -2.691421865196827135e+00, -2.691421865196827135e+00, -2.691421865196827135e+00, -2.691421865196827135e+00, -3.184922589774791923e+00, -3.184922589774791923e+00, -3.184922589774791923e+00, -3.184922589774791923e+00, -3.184922589774791923e+00, -3.184922589774791923e+00, -3.184922589774791923e+00, -3.184922589774791923e+00, -3.184922589774791923e+00, -3.184922589774791923e+00, -3.184922589774791923e+00, -3.184922589774791923e+00, -3.184922589774791923e+00, -3.184922589774791923e+00, -3.184922589774791923e+00, -3.184922589774791923e+00
4.227987959432844556e-01, -7.208944624299840065e-01, -7.208944624299840065e-01, -7.208944624299840065e-01, -7.208944624299840065e-01, -7.208944624299840065e-01, -7.208944624299840065e-01, -7.208944624299840065e-01, -7.208944624299840065e-01, -7.208944624299840065e-01, -7.208944624299840065e-01, -7.208944624299840065e-01, -8.222105733623619184e-01, -8.222105733623619184e-01, -8.222105733623619184e-01, -8.222105733623619184e-01, -8.222105733623619184e-01, -8.222105733623619184e-01, -1.001068169054579071e+00, -1.001068169054579071e+00, -1.001068169054579071e+00, -1.001068169054579071e+00, -1.601018487329633810e+00, -1.601018487329633810e+00, -1.601018487329633810e+00, -1.601018487329633810e+00, -1.601018487329633810e+00, -1.601018487329633810e+00, -1.601018487329633810e+00, -1.601018487329633810e+00, -1.601018487329633810e+00, -1.601018487329633810e+00, -1.601018487329633810e+00, -1.601018487329633810e+00, -1.601018487329633810e+00, -1.601018487329633810e+00, -1.601018487329633810e+00, -1.601018487329633810e+00, -1.601018487329633810e+00, -1.601018487329633810e+00, -1.601018487329633810e+00, -1.601018487329633810e+00, -1.601018487329633810e+00, -1.601018487329633810e+00, -2.185596469853002155e+00, -2.185596469853002155e+00, -2.185596469853002155e+00, -2.185596469853002155e+00, -2.185596469853002155e+00, -2.185596469853002155e+00, -2.185596469853002155e+00, -2.185596469853002155e+00, -2.185596469853002155e+00, -2.185596469853002155e+00, -2.211595445601741705e+00, -2.211595445601741705e+00, -2.211595445601741705e+00, -2.211595445601741705e+00, -2.211595445601741705e+00, -2.211595445601741705e+00, -2.211595445601741705e+00, -2.211595445601741705e+00, -2.211595445601741705e+00, -2.211595445601741705e+00
5.139341528269736337e-01, 1.864863599680390838e-01, 7.737930959077267412e-02, 7.737930959077267412e-02, 7.737930959077267412e-02, 7.737930959077267412e-02, -7.416342689532428034e-01, -7.416342689532428034e-01, -7.416342689532428034e-01, -7.416342689532428034e-01, -7.416342689532428034e-01, -7.416342689532428034e-01, -1.572870512521147290e+00, -1.919675745498844455e+00, -1.919675745498844455e+00, -2.054831223406524465e+00, -3.195904366768084426e+00, -3.195904366768084426e+00, -3.195904366768084426e+00, -3.195904366768084426e+00, -3.195904366768084426e+00, -3.195904366768084426e+00, -3.195904366768084426e+00, -3.195904366768084426e+00, -3.195904366768084426e+00, -3.195904366768084426e+00, -3.195904366768084426e+00, -3.195904366768084426e+00, -3.195904366768084426e+00, -3.195904366768084426e+00, -3.195904366768084426e+00, -3.195904366768084426e+00, -3.195904366768084426e+00, -3.195904366768084426e+00, -3.195904366768084426e+00, -3.195904366768084426e+00, -3.195904366768084426e+00, -3.195904366768084426e+00, -3.195904366768084426e+00, -3.195904366768084426e+00, -3.195904366768084426e+00, -3.195904366768084426e+00, -3.195904366768084426e+00, -3.195904366768084426e+00, -3.195904366768084426e+00, -3.195904366768084426e+00, -3.195904366768084426e+00, -3.195904366768084426e+00, -3.195904366768084426e+00, -3.195904366768084426e+00, -3.195904366768084426e+00, -3.195904366768084426e+00, -3.195904366768084426e+00, -3.195904366768084426e+00, -3.195904366768084426e+00, -3.195904366768084426e+00, -3.195904366768084426e+00, -3.195904366768084426e+00, -3.195904366768084426e+00, -3.195904366768084426e+00, -3.195904366768084426e+00, -3.195904366768084426e+00, -3.195904366768084426e+00, -3.195904366768084426e+00
3.508953104704488624e-01, 3.508953104704488624e-01, 2.284745797828218461e-01, 2.284745797828218461e-01, 2.284745797828218461e-01, 2.284745797828218461e-01, 2.284745797828218461e-01, 2.284745797828218461e-01, 8.189699828138177762e-02, 8.189699828138177762e-02, 8.189699828138177762e-02, 8.189699828138177762e-02, 8.189699828138177762e-02, 8.189699828138177762e-02, 8.189699828138177762e-02, 8.189699828138177762e-02, 8.189699828138177762e-02, 8.189699828138177762e-02, 8.189699828138177762e-02, 8.189699828138177762e-02, -2.197361039147954220e-01, -2.197361039147954220e-01, -2.197361039147954220e-01, -2.197361039147954220e-01, -2.197361039147954220e-01, -2.197361039147954220e-01, -2.197361039147954220e-01, -2.197361039147954220e-01, -3.515585252963354668e-01, -5.771150774323788868e-01, -5.771150774323788868e-01, -1.968926369752393768e+00, -1.968926369752393768e+00, -1.968926369752393768e+00, -2.069694365882571940e+00, -2.069694365882571940e+00, -2.614431514635329190e+00, -2.614431514635329190e+00, -2.614431514635329190e+00, -2.614431514635329190e+00, -2.614431514635329190e+00, -2.614431514635329190e+00, -2.614431514635329190e+00, -2.614431514635329190e+00, -2.614431514635329190e+00, -2.614431514635329190e+00, -2.614431514635329190e+00, -2.614431514635329190e+00, -2.614431514635329190e+00, -2.614431514635329190e+00, -2.614431514635329190e+00, -2.614431514635329190e+00, -2.614431514635329190e+00, -2.614431514635329190e+00, -2.614431514635329190e+00, -2.614431514635329190e+00, -2.614431514635329190e+00, -2.614431514635329190e+00, -2.614431514635329190e+00, -2.614431514635329190e+00, -2.614431514635329190e+00, -2.614431514635329190e+00, -2.614431514635329190e+00, -2.614431514635329190e+00
4.225925682283734018e-03, 4.225925682283734018e-03, 4.225925682283734018e-03, 4.225925682283734018e-03, 4.225925682283734018e-03, 4.225925682283734018e-03, 4.225925682283734018e-03, 4.225925682283734018e-03, 1.161203465736218229e-03, -3.262880958110545015e-02, -3.262880958110545015e-02, -3.262880958110545015e-02, -3.262880958110545015e-02, -3.262880958110545015e-02, -3.262880958110545015e-02, -3.262880958110545015e-02, -3.262880958110545015e-02, -3.262880958110545015e-02, -3.262880958110545015e-02, -3.262880958110545015e-02, -3.262880958110545015e-02, -3.262880958110545015e-02, -3.262880958110545015e-02, -3.262880958110545015e-02, -3.262880958110545015e-02, -3.262880958110545015e-02, -3.262880958110545015e-02, -5.008826570760194219e-01, -5.008826570760194219e-01, -5.008826570760194219e-01, -5.008826570760194219e-01, -5.008826570760194219e-01, -1.092763808057603647e+00, -1.092763808057603647e+00, -1.092763808057603647e+00, -1.092763808057603647e+00, -1.663013973648369781e+00, -1.663013973648369781e+00, -1.663013973648369781e+00, -1.663013973648369781e+00, -2.661820388496433321e+00, -2.661820388496433321e+00, -2.661820388496433321e+00, -2.661820388496433321e+00, -2.661820388496433321e+00, -2.661820388496433321e+00, -2.661820388496433321e+00, -2.661820388496433321e+00, -2.661820388496433321e+00, -2.661820388496433321e+00, -2.661820388496433321e+00, -2.661820388496433321e+00, -2.661820388496433321e+00, -2.661820388496433321e+00, -2.661820388496433321e+00, -2.661820388496433321e+00, -2.661820388496433321e+00, -2.661820388496433321e+00, -2.661820388496433321e+00, -2.661820388496433321e+00, -2.661820388496433321e+00, -2.661820388496433321e+00, -2.661820388496433321e+00, -2.661820388496433321e+00
5.638480616700336512e-01, 5.114716235805452094e-01, 5.114716235805452094e-01, 3.568833818399735347e-01, -2.689134326247347162e-01, -2.689134326247347162e-01, -2.689134326247347162e-01, -2.689134326247347162e-01, -2.689134326247347162e-01, -2.689134326247347162e-01, -2.689134326247347162e-01, -2.689134326247347162e-01, -2.689134326247347162e-01, -2.689134326247347162e-01, -2.689134326247347162e-01, -2.689134326247347162e-01, -2.689134326247347162e-01, -2.689134326247347162e-01, -2.689134326247347162e-01, -2.689134326247347162e-01, -2.694541353888083579e-01, -2.694541353888083579e-01, -2.694541353888083579e-01, -2.694541353888083579e-01, -2.694541353888083579e-01, -2.694541353888083579e-01, -2.694541353888083579e-01, -2.707006298020515067e-01, -2.707006298020515067e-01, -2.707006298020515067e-01, -2.707006298020515067e-01, -2.707006298020515067e-01, -2.707006298020515067e-01, -2.707006298020515067e-01, -2.707006298020515067e-01, -2.707006298020515067e-01, -2.707006298020515067e-01, -2.707006298020515067e-01, -2.707006298020515067e-01, -2.707006298020515067e-01, -2.707006298020515067e-01, -2.707006298020515067e-01, -2.707006298020515067e-01, -2.707006298020515067e-01, -2.707006298020515067e-01, -2.707006298020515067e-01, -2.707006298020515067e-01, -2.707006298020515067e-01, -2.714319640564179514e-01, -2.714319640564179514e-01, -2.714319640564179514e-01, -2.714319640564179514e-01, -4.986423619063296009e-01, -4.986423619063296009e-01, -4.986423619063296009e-01, -1.008683644389976042e+00, -1.008683644389976042e+00, -1.951276058214449050e+00, -1.951276058214449050e+00, -1.951276058214449050e+00, -3.025108045055093786e+00, -3.025108045055093786e+00, -3.025108045055093786e+00, -3.025108045055093786e+00
-9.570881325953635443e-03, -9.570881325953635443e-03, -9.570881325953635443e-03, -9.570881325953635443e-03, -9.570881325953635443e-03, -9.570881325953635443e-03, -9.570881325953635443e-03, -2.426964186592525385e-01, -2.426964186592525385e-01, -2.426964186592525385e-01, -2.426964186592525385e-01, -2.426964186592525385e-01, -2.426964186592525385e-01, -2.426964186592525385e-01, -6.400721171298262568e-01, -6.400721171298262568e-01, -6.400721171298262568e-01, -6.400721171298262568e-01, -6.400721171298262568e-01, -6.400721171298262568e-01, -1.740114433306809927e+00, -1.740114433306809927e+00, -1.740114433306809927e+00, -1.740114433306809927e+00, -1.740114433306809927e+00, -1.897219947878539426e+00, -1.897219947878539426e+00, -1.897219947878539426e+00, -1.897219947878539426e+00, -1.897219947878539426e+00, -1.897219947878539426e+00, -1.897219947878539426e+00, -1.897219947878539426e+00, -1.897219947878539426e+00, -1.897219947878539426e+00, -1.897219947878539426e+00, -1.897219947878539426e+00, -1.897219947878539426e+00, -1.897219947878539426e+00, -1.897219947878539426e+00, -1.897219947878539426e+00, -1.897219947878539426e+00, -1.897219947878539426e+00, -1.897219947878539426e+00, -1.897219947878539426e+00, -1.897219947878539426e+00, -1.897219947878539426e+00, -1.897219947878539426e+00, -1.897219947878539426e+00, -1.897219947878539426e+00, -1.897219947878539426e+00, -1.897219947878539426e+00, -1.897219947878539426e+00, -1.897219947878539426e+00, -1.897219947878539426e+00, -1.897219947878539426e+00, -1.897219947878539426e+00, -1.897219947878539426e+00, -1.897219947878539426e+00, -1.897219947878539426e+00, -1.897219947878539426e+00, -1.897219947878539426e+00, -1.897219947878539426e+00, -1.897219947878539426e+00
5.610123499974859484e-01, -1.806679619462294578e-02, -1.806679619462294578e-02, -1.806679619462294578e-02, -1.806679619462294578e-02, -1.806679619462294578e-02, -1.806679619462294578e-02, -4.556021477761979660e-02, -7.172988703273732725e-01, -1.160940637850990553e+00, -1.160940637850990553e+00, -1.160940637850990553e+00, -3.069963363219266217e+00, -3.069963363219266217e+00, -3.069963363219266217e+00, -3.069963363219266217e+00, -3.069963363219266217e+00, -3.069963363219266217e+00, -3.069963363219266217e+00, -3.069963363219266217e+00, -3.069963363219266217e+00, -3.069963363219266217e+00, -3.069963363219266217e+00, -3.069963363219266217e+00, -3.069963363219266217e+00, -3.069963363219266217e+00, -3.069963363219266217e+00, -3.069963363219266217e+00, -3.069963363219266217e+00, -3.069963363219266217e+00, -3.069963363219266217e+00, -3.069963363219266217e+00, -3.069963363219266217e+00, -3.069963363219266217e+00, -3.069963363219266217e+00, -3.069963363219266217e+00, -3.069963363219266217e+00, -3.069963363219266217e+00, -3.069963363219266217e+00, -3.069963363219266217e+00, -3.069963363219266217e+00, -3.069963363219266217e+00, -3.069963363219266217e+00, -3.069963363219266217e+00, -3.069963363219266217e+00, -3.069963363219266217e+00, -3.069963363219266217e+00, -3.069963363219266217e+00, -3.069963363219266217e+00, -3.069963363219266217e+00, -3.069963363219266217e+00, -3.069963363219266217e+00, -3.069963363219266217e+00, -3.069963363219266217e+00, -3.069963363219266217e+00, -3.069963363219266217e+00, -3.069963363219266217e+00, -3.069963363219266217e+00, -3.069963363219266217e+00, -3.069963363219266217e+00, -3.069963363219266217e+00, -3.069963363219266217e+00, -3.069963363219266217e+00, -3.069963363219266217e+00
4.392109858528859823e-01, 1.736516608266628348e-01, 1.736516608266628348e-01, 1.736516608266628348e-01, 8.127579660549517915e-02, 8.127579660549517915e-02, 8.127579660549517915e-02, 8.127579660549517915e-02, 8.127579660549517915e-02, 8.127579660549517915e-02, 8.127579660549517915e-02, 8.127579660549517915e-02, 8.127579660549517915e-02, -1.446871167964754734e-01, -1.446871167964754734e-01, -1.446871167964754734e-01, -4.237218342215717248e-01, -4.237218342215717248e-01, -4.237218342215717248e-01, -4.237218342215717248e-01, -6.038575798054681698e-01, -6.038575798054681698e-01, -6.038575798054681698e-01, -6.503383042135337799e-01, -6.503383042135337799e-01, -6.503383042135337799e-01, -6.503383042135337799e-01, -6.503383042135337799e-01, -6.503383042135337799e-01, -6.503383042135337799e-01, -6.503383042135337799e-01, -6.503383042135337799e-01, -6.503383042135337799e-01, -7.253731588147075415e-01, -7.253731588147075415e-01, -7.253731588147075415e-01, -7.253731588147075415e-01, -7.253731588147075415e-01, -7.253731588147075415e-01, -7.253731588147075415e-01, -7.253731588147075415e-01, -7.462589382072630784e-01, -7.462589382072630784e-01, -7.462589382072630784e-01, -7.462589382072630784e-01, -8.499347308506930432e-01, -2.596958660050082024e+00, -2.596958660050082024e+00, -2.596958660050082024e+00, -2.596958660050082024e+00, -2.596958660050082024e+00, -2.642300751191659192e+00, -2.642300751191659192e+00, -2.642300751191659192e+00, -2.642300751191659192e+00, -2.642300751191659192e+00, -2.642300751191659192e+00, -2.642300751191659192e+00, -2.642300751191659192e+00, -2.642300751191659192e+00, -2.642300751191659192e+00, -2.642300751191659192e+00, -2.642300751191659192e+00, -2.642300751191659192e+00
6.094634768698553584e-01, 2.300723198951059867e-01, 2.300723198951059867e-01, 2.300723198951059867e-01, 8.120436947163248154e-02, 1.951804597233504010e-02, 1.951804597233504010e-02, 1.951804597233504010e-02, 1.951804597233504010e-02, 1.951804597233504010e-02, 1.951804597233504010e-02, 1.951804597233504010e-02, 1.951804597233504010e-02, 1.951804597233504010e-02, -3.970471816436992873e-01, -3.970471816436992873e-01, -3.970471816436992873e-01, -3.970471816436992873e-01, -5.138468299693872421e-01, -5.138468299693872421e-01, -5.138468299693872421e-01, -5.138468299693872421e-01, -5.138468299693872421e-01, -5.138468299693872421e-01, -5.138468299693872421e-01, -5.138468299693872421e-01, -5.138468299693872421e-01, -5.138468299693872421e-01, -5.138468299693872421e-01, -5.138468299693872421e-01, -7.144966606751249616e-01, -7.144966606751249616e-01, -7.144966606751249616e-01, -7.144966606751249616e-01, -7.144966606751249616e-01, -7.144966606751249616e-01, -8.911447903471153564e-01, -8.911447903471153564e-01, -8.911447903471153564e-01, -8.911447903471153564e-01, -1.275447153980955983e+00, -1.275447153980955983e+00, -1.275447153980955983e+00, -1.275447153980955983e+00, -1.275447153980955983e+00, -1.275447153980955983e+00, -1.275447153980955983e+00, -1.275447153980955983e+00, -1.275447153980955983e+00, -1.275447153980955983e+00, -1.275447153980955983e+00, -1.275447153980955983e+00, -1.275447153980955983e+00, -1.275447153980955983e+00, -1.275447153980955983e+00, -1.275447153980955983e+00, -1.275447153980955983e+00, -1.275447153980955983e+00, -1.275447153980955983e+00, -1.275447153980955983e+00, -1.275447153980955983e+00, -1.275447153980955983e+00, -1.275447153980955983e+00, -1.275447153980955983e+00
1.830227369227043210e-01, 1.830227369227043210e-01, 1.830227369227043210e-01, 1.218444549364852553e-01, 1.218444549364852553e-01, 1.218444549364852553e-01, -9.675565821880682815e-02, -9.675565821880682815e-02, -9.675565821880682815e-02, -3.361636362872563177e-01, -3.361636362872563177e-01, -3.361636362872563177e-01, -3.361636362872563177e-01, -3.361636362872563177e-01, -3.361636362872563177e-01, -3.361636362872563177e-01, -3.361636362872563177e-01, -3.361636362872563177e-01, -3.361636362872563177e-01, -3.361636362872563177e-01, -3.361636362872563177e-01, -3.361636362872563177e-01, -3.361636362872563177e-01, -3.361636362872563177e-01, -3.361636362872563177e-01, -3.361636362872563177e-01, -3.361636362872563177e-01, -3.361636362872563177e-01, -3.361636362872563177e-01, -5.506945779134645447e-01, -5.506945779134645447e-01, -5.506945779134645447e-01, -5.506945779134645447e-01, -5.506945779134645447e-01, -5.506945779134645447e-01, -5.506945779134645447e-01, -5.506945779134645447e-01, -5.506945779134645447e-01, -5.506945779134645447e-01, -5.506945779134645447e-01, -6.575819155370189462e-01, -6.575819155370189462e-01, -6.575819155370189462e-01, -6.575819155370189462e-01, -6.575819155370189462e-01, -6.575819155370189462e-01, -6.575819155370189462e-01, -6.575819155370189462e-01, -6.575819155370189462e-01, -6.575819155370189462e-01, -6.575819155370189462e-01, -6.575819155370189462e-01, -6.575819155370189462e-01, -6.575819155370189462e-01, -6.575819155370189462e-01, -6.575819155370189462e-01, -7.003688568244466062e-01, -7.003688568244466062e-01, -7.003688568244466062e-01, -7.003688568244466062e-01, -7.003688568244466062e-01, -8.089292652566247854e-01, -1.731061436901519812e+00, -1.731061436901519812e+00
6.347289359728072178e-01, 2.373217732455588647e-01, 2.373217732455588647e-01, 2.373217732455588647e-01, 2.373217732455588647e-01, -1.153166159222168474e+00, -1.153166159222168474e+00, -1.153166159222168474e+00, -1.153166159222168474e+00, -1.153166159222168474e+00, -1.153166159222168474e+00, -1.153166159222168474e+00, -1.153166159222168474e+00, -1.153166159222168474e+00, -1.153166159222168474e+00, -1.153166159222168474e+00, -1.367124372454790127e+00, -1.367124372454790127e+00, -1.367124372454790127e+00, -2.055097264642412824e+00, -2.055097264642412824e+00, -2.055097264642412824e+00, -2.055097264642412824e+00, -2.055097264642412824e+00, -2.055097264642412824e+00, -2.055097264642412824e+00, -2.055097264642412824e+00, -2.055097264642412824e+00, -2.055097264642412824e+00, -2.055097264642412824e+00, -2.055097264642412824e+00, -2.055097264642412824e+00, -2.055097264642412824e+00, -2.055097264642412824e+00, -2.055097264642412824e+00, -2.055097264642412824e+00, -2.055097264642412824e+00, -2.055097264642412824e+00, -2.055097264642412824e+00, -2.055097264642412824e+00, -2.055097264642412824e+00, -2.055097264642412824e+00, -2.055097264642412824e+00, -2.055097264642412824e+00, -2.055097264642412824e+00, -2.055097264642412824e+00, -2.055097264642412824e+00, -2.055097264642412824e+00, -2.055097264642412824e+00, -2.055097264642412824e+00, -2.055097264642412824e+00, -2.055097264642412824e+00, -2.055097264642412824e+00, -2.055097264642412824e+00, -2.055097264642412824e+00, -2.055097264642412824e+00, -2.055097264642412824e+00, -2.055097264642412824e+00, -2.055097264642412824e+00, -2.055097264642412824e+00, -2.055097264642412824e+00, -2.055097264642412824e+00, -2.055097264642412824e+00, -2.055097264642412824e+00
5.396585680127020668e-01, 5.396585680127020668e-01, 3.833509706358267932e-01, 3.833509706358267932e-01, 1.699126926201619814e-01, 1.699126926201619814e-01, 1.699126926201619814e-01, 1.699126926201619814e-01, 1.699126926201619814e-01, 1.699126926201619814e-01, 1.699126926201619814e-01, 1.699126926201619814e-01, 1.699126926201619814e-01, 6.876949419763239701e-02, 1.595902339685064883e-02, 1.595902339685064883e-02, 1.595902339685064883e-02, 1.595902339685064883e-02, -1.156724374529937288e-01, -1.156724374529937288e-01, -1.156724374529937288e-01, -1.156724374529937288e-01, -1.156724374529937288e-01, -1.156724374529937288e-01, -1.156724374529937288e-01, -1.156724374529937288e-01, -1.156724374529937288e-01, -2.669690284716867423e-01, -2.669690284716867423e-01, -2.669690284716867423e-01, -9.001394266938469446e-01, -9.001394266938469446e-01, -9.219352687398046919e-01, -9.219352687398046919e-01, -9.219352687398046919e-01, -9.219352687398046919e-01, -1.800830972441227251e+00, -1.800830972441227251e+00, -1.800830972441227251e+00, -1.800830972441227251e+00, -1.800830972441227251e+00, -1.800830972441227251e+00, -3.663246864431880301e+00, -3.663246864431880301e+00, -3.663246864431880301e+00, -3.663246864431880301e+00, -3.663246864431880301e+00, -3.663246864431880301e+00, -3.663246864431880301e+00, -3.663246864431880301e+00, -3.663246864431880301e+00, -3.663246864431880301e+00, -3.663246864431880301e+00, -3.663246864431880301e+00, -3.663246864431880301e+00, -3.663246864431880301e+00, -3.663246864431880301e+00, -3.663246864431880301e+00, -3.663246864431880301e+00, -3.663246864431880301e+00, -3.663246864431880301e+00, -3.663246864431880301e+00, -3.663246864431880301e+00, -3.663246864431880301e+00
-1.412046911128712612e-01, -1.412046911128712612e-01, -1.412046911128712612e-01, -1.412046911128712612e-01, -1.412046911128712612e-01, -2.270005162635522211e+00, -2.270005162635522211e+00, -2.270005162635522211e+00, -2.270005162635522211e+00, -2.270005162635522211e+00, -2.270005162635522211e+00, -2.270005162635522211e+00, -2.270005162635522211e+00, -2.270005162635522211e+00, -2.270005162635522211e+00, -2.270005162635522211e+00, -2.270005162635522211e+00, -2.270005162635522211e+00, -2.270005162635522211e+00, -2.270005162635522211e+00, -2.270005162635522211e+00, -2.270005162635522211e+00, -2.270005162635522211e+00, -2.270005162635522211e+00, -2.270005162635522211e+00, -2.270005162635522211e+00, -2.270005162635522211e+00, -2.270005162635522211e+00, -2.270005162635522211e+00, -2.270005162635522211e+00, -2.270005162635522211e+00, -2.270005162635522211e+00, -2.270005162635522211e+00, -2.270005162635522211e+00, -2.270005162635522211e+00, -2.270005162635522211e+00, -2.270005162635522211e+00, -2.270005162635522211e+00, -2.270005162635522211e+00, -2.270005162635522211e+00, -2.270005162635522211e+00, -2.270005162635522211e+00, -2.270005162635522211e+00, -2.270005162635522211e+00, -2.270005162635522211e+00, -2.270005162635522211e+00, -2.270005162635522211e+00, -2.270005162635522211e+00, -2.270005162635522211e+00, -2.270005162635522211e+00, -2.270005162635522211e+00, -2.270005162635522211e+00, -2.270005162635522211e+00, -2.270005162635522211e+00, -2.270005162635522211e+00, -2.270005162635522211e+00, -2.270005162635522211e+00, -2.270005162635522211e+00, -2.270005162635522211e+00, -2.270005162635522211e+00, -2.270005162635522211e+00, -2.270005162635522211e+00, -2.270005162635522211e+00, -2.270005162635522211e+00
3.764413886103857854e-01, 2.545845932954141633e-01, 2.545845932954141633e-01, 2.545845932954141633e-01, 2.545845932954141633e-01, 2.545845932954141633e-01, 2.545845932954141633e-01, 2.545845932954141633e-01, 2.545845932954141633e-01, -5.486594502567215120e-02, -5.486594502567215120e-02, -1.386370070854997749e+00, -1.386370070854997749e+00, -1.386370070854997749e+00, -1.386370070854997749e+00, -1.386370070854997749e+00, -2.387755854855665660e+00, -2.387755854855665660e+00, -2.387755854855665660e+00, -2.387755854855665660e+00, -3.629037252937791003e+00, -3.629037252937791003e+00, -3.629037252937791003e+00, -3.629037252937791003e+00, -3.629037252937791003e+00, -3.629037252937791003e+00, -3.629037252937791003e+00, -3.629037252937791003e+00, -3.629037252937791003e+00, -3.629037252937791003e+00, -3.629037252937791003e+00, -3.629037252937791003e+00, -3.629037252937791003e+00, -3.629037252937791003e+00, -3.629037252937791003e+00, -3.629037252937791003e+00, -3.629037252937791003e+00, -3.629037252937791003e+00, -3.629037252937791003e+00, -3.629037252937791003e+00, -3.629037252937791003e+00, -3.629037252937791003e+00, -3.629037252937791003e+00, -3.629037252937791003e+00, -3.629037252937791003e+00, -3.629037252937791003e+00, -3.629037252937791003e+00, -3.629037252937791003e+00, -3.629037252937791003e+00, -3.629037252937791003e+00, -3.629037252937791003e+00, -3.629037252937791003e+00, -3.629037252937791003e+00, -3.629037252937791003e+00, -3.629037252937791003e+00, -3.629037252937791003e+00, -3.629037252937791003e+00, -3.629037252937791003e+00, -3.629037252937791003e+00, -3.629037252937791003e+00, -3.629037252937791003e+00, -3.629037252937791003e+00, -3.629037252937791003e+00, -3.629037252937791003e+00
2.505061530589646202e-01, 2.505061530589646202e-01, 1.117217191013308505e-02, 1.117217191013308505e-02, 1.117217191013308505e-02, 1.117217191013308505e-02, 1.117217191013308505e-02, 1.117217191013308505e-02, 1.117217191013308505e-02, 1.117217191013308505e-02, 1.117217191013308505e-02, -7.376613984220856679e-01, -7.376613984220856679e-01, -7.376613984220856679e-01, -7.376613984220856679e-01, -7.376613984220856679e-01, -7.376613984220856679e-01, -7.376613984220856679e-01, -7.376613984220856679e-01, -7.376613984220856679e-01, -7.376613984220856679e-01, -7.376613984220856679e-01, -1.084335494472529637e+00, -1.084335494472529637e+00, -1.084335494472529637e+00, -1.084335494472529637e+00, -1.084335494472529637e+00, -1.084335494472529637e+00, -1.084335494472529637e+00, -1.084335494472529637e+00, -1.084335494472529637e+00, -2.059141372399849068e+00, -2.059141372399849068e+00, -2.059141372399849068e+00, -2.059141372399849068e+00, -2.059141372399849068e+00, -2.059141372399849068e+00, -2.059141372399849068e+00, -2.059141372399849068e+00, -2.059141372399849068e+00, -2.059141372399849068e+00, -2.059141372399849068e+00, -2.059141372399849068e+00, -2.059141372399849068e+00, -2.059141372399849068e+00, -2.059141372399849068e+00, -2.059141372399849068e+00, -2.059141372399849068e+00, -2.059141372399849068e+00, -2.059141372399849068e+00, -2.059141372399849068e+00, -2.059141372399849068e+00, -2.059141372399849068e+00, -2.059141372399849068e+00, -2.059141372399849068e+00, -2.059141372399849068e+00, -2.059141372399849068e+00, -2.059141372399849068e+00, -2.059141372399849068e+00, -2.059141372399849068e+00, -2.059141372399849068e+00, -2.059141372399849068e+00, -2.059141372399849068e+00, -2.059141372399849068e+00
3.750363086612542030e-01, 7.347579452879203672e-04, 7.347579452879203672e-04, 7.347579452879203672e-04, 7.347579452879203672e-04, 7.347579452879203672e-04, 7.347579452879203672e-04, 7.347579452879203672e-04, 7.347579452879203672e-04, 7.347579452879203672e-04, 7.347579452879203672e-04, 7.347579452879203672e-04, 7.347579452879203672e-04, 7.347579452879203672e-04, 7.347579452879203672e-04, 7.347579452879203672e-04, 7.347579452879203672e-04, 7.347579452879203672e-04, -4.125299728057452708e-01, -4.125299728057452708e-01, -4.125299728057452708e-01, -4.125299728057452708e-01, -4.125299728057452708e-01, -1.904276064510467936e+00, -2.675576932769186289e+00, -2.675576932769186289e+00, -2.675576932769186289e+00, -2.675576932769186289e+00, -2.675576932769186289e+00, -2.675576932769186289e+00, -2.675576932769186289e+00, -2.675576932769186289e+00, -2.675576932769186289e+00, -2.675576932769186289e+00, -2.675576932769186289e+00, -2.675576932769186289e+00, -2.675576932769186289e+00, -2.675576932769186289e+00, -2.675576932769186289e+00, -2.675576932769186289e+00, -2.675576932769186289e+00, -2.675576932769186289e+00, -2.675576932769186289e+00, -2.675576932769186289e+00, -2.675576932769186289e+00, -2.675576932769186289e+00, -2.675576932769186289e+00, -2.675576932769186289e+00, -2.675576932769186289e+00, -2.675576932769186289e+00, -2.675576932769186289e+00, -2.675576932769186289e+00, -2.675576932769186289e+00, -2.675576932769186289e+00, -2.675576932769186289e+00, -2.675576932769186289e+00, -2.675576932769186289e+00, -2.675576932769186289e+00, -2.675576932769186289e+00, -2.675576932769186289e+00, -2.675576932769186289e+00, -2.675576932769186289e+00, -2.675576932769186289e+00, -2.675576932769186289e+00
6.629954169269894892e-01, 5.521019176387534921e-01, 5.521019176387534921e-01, 5.521019176387534921e-01, 2.205801533314203922e-01, 2.205801533314203922e-01, 2.040411616362177161e-01, 1.657382992206484218e-01, 1.657382992206484218e-01, 1.657382992206484218e-01, 1.370758924252485911e-01, 1.370758924252485911e-01, 1.370758924252485911e-01, 1.370758924252485911e-01, 1.146093479569067902e-01, 1.146093479569067902e-01, 1.146093479569067902e-01, 1.146093479569067902e-01, 1.146093479569067902e-01, 9.098034220711082032e-02, 9.098034220711082032e-02, 9.098034220711082032e-02, 9.098034220711082032e-02, 9.098034220711082032e-02, 9.098034220711082032e-02, 9.098034220711082032e-02, 9.098034220711082032e-02, 9.098034220711082032e-02, 9.098034220711082032e-02, 9.098034220711082032e-02, 9.098034220711082032e-02, 9.098034220711082032e-02, 9.098034220711082032e-02, 9.098034220711082032e-02, -1.067721204097097851e-02, -1.067721204097097851e-02, -1.218589757593158997e-02, -7.337419318666554835e-02, -7.337419318666554835e-02, -7.337419318666554835e-02, -7.337419318666554835e-02, -7.337419318666554835e-02, -7.337419318666554835e-02, -7.337419318666554835e-02, -7.337419318666554835e-02, -7.337419318666554835e-02, -7.337419318666554835e-02, -7.337419318666554835e-02, -7.337419318666554835e-02, -7.337419318666554835e-02, -7.337419318666554835e-02, -7.337419318666554835e-02, -7.337419318666554835e-02, -7.337419318666554835e-02, -7.337419318666554835e-02, -7.337419318666554835e-02, -7.337419318666554835e-02, -7.337419318666554835e-02, -7.337419318666554835e-02, -7.337419318666554835e-02, -7.337419318666554835e-02, -7.337419318666554835e-02, -7.717741153115606489e-02, -7.717741153115606489e-02
4.442931770337083530e-01, 3.994551154621066580e-01, 3.936139508988205082e-01, 1.135767194800061525e-01, 6.757687489363162214e-02, 6.757687489363162214e-02, 6.757687489363162214e-02, 6.757687489363162214e-02, 6.757687489363162214e-02, 6.757687489363162214e-02, -1.261954875495803652e+00, -1.261954875495803652e+00, -1.261954875495803652e+00, -1.261954875495803652e+00, -1.261954875495803652e+00, -1.261954875495803652e+00, -1.261954875495803652e+00, -1.261954875495803652e+00, -1.261954875495803652e+00, -4.414015111640627431e+00, -4.414015111640627431e+00, -4.414015111640627431e+00, -4.414015111640627431e+00, -4.414015111640627431e+00, -4.414015111640627431e+00, -4.414015111640627431e+00, -4.414015111640627431e+00, -4.414015111640627431e+00, -4.414015111640627431e+00, -4.414015111640627431e+00, -4.414015111640627431e+00, -4.414015111640627431e+00, -4.414015111640627431e+00, -4.414015111640627431e+00, -4.414015111640627431e+00, -4.414015111640627431e+00, -4.414015111640627431e+00, -4.414015111640627431e+00, -4.414015111640627431e+00, -4.414015111640627431e+00, -4.414015111640627431e+00, -4.414015111640627431e+00, -4.414015111640627431e+00, -4.414015111640627431e+00, -4.414015111640627431e+00, -4.414015111640627431e+00, -4.414015111640627431e+00, -4.414015111640627431e+00, -4.414015111640627431e+00, -4.414015111640627431e+00, -4.414015111640627431e+00, -4.414015111640627431e+00, -4.414015111640627431e+00, -4.414015111640627431e+00, -4.414015111640627431e+00, -4.414015111640627431e+00, -4.414015111640627431e+00, -4.414015111640627431e+00, -4.414015111640627431e+00, -4.414015111640627431e+00, -4.414015111640627431e+00, -4.414015111640627431e+00, -4.414015111640627431e+00, -4.414015111640627431e+00
5.340573762062212904e-01, 4.977044374640157143e-01, 3.132045103279345599e-01, 3.132045103279345599e-01, 3.051229686067317148e-01, 3.051229686067317148e-01, 3.051229686067317148e-01, 3.051229686067317148e-01, 3.051229686067317148e-01, 3.051229686067317148e-01, 3.051229686067317148e-01, 3.051229686067317148e-01, 3.051229686067317148e-01, 3.051229686067317148e-01, 3.051229686067317148e-01, 3.051229686067317148e-01, 2.253050593172632454e-01, 2.253050593172632454e-01, 2.253050593172632454e-01, 3.981637922288344678e-02, 3.981637922288344678e-02, 3.981637922288344678e-02, 3.981637922288344678e-02, -1.333906015078488959e-02, -1.333906015078488959e-02, -1.333906015078488959e-02, -1.333906015078488959e-02, -1.333906015078488959e-02, -1.333906015078488959e-02, -1.333906015078488959e-02, -1.333906015078488959e-02, -1.333906015078488959e-02, -1.333906015078488959e-02, -1.333906015078488959e-02, -1.333906015078488959e-02, -1.333906015078488959e-02, -1.333906015078488959e-02, -1.333906015078488959e-02, -7.259054044940045358e-01, -7.259054044940045358e-01, -9.914547614230051487e-01, -9.914547614230051487e-01, -9.914547614230051487e-01, -9.914547614230051487e-01, -1.233578824826086384e+00, -1.233578824826086384e+00, -1.868913106915499389e+00, -1.868913106915499389e+00, -1.868913106915499389e+00, -2.335603825858135529e+00, -2.335603825858135529e+00, -2.335603825858135529e+00, -2.335603825858135529e+00, -2.335603825858135529e+00, -2.335603825858135529e+00, -2.335603825858135529e+00, -2.335603825858135529e+00, -2.335603825858135529e+00, -2.335603825858135529e+00, -2.335603825858135529e+00, -2.335603825858135529e+00, -2.335603825858135529e+00, -2.335603825858135529e+00, -2.335603825858135529e+00
3.458726111761272759e-01, 3.458726111761272759e-01, 3.458726111761272759e-01, 3.458726111761272759e-01, 3.279534920050516389e-01, 3.279534920050516389e-01, 3.279534920050516389e-01, 3.184961304165457308e-01, 3.184961304165457308e-01, 3.184961304165457308e-01, 1.969602676410268927e-01, 1.969602676410268927e-01, -3.354682271335864274e-01, -3.354682271335864274e-01, -3.354682271335864274e-01, -3.849296274026832720e-01, -3.849296274026832720e-01, -3.849296274026832720e-01, -3.849296274026832720e-01, -3.849296274026832720e-01, -3.849296274026832720e-01, -3.849296274026832720e-01, -6.404855484295716161e-01, -1.141579623477543493e+00, -1.141579623477543493e+00, -1.141579623477543493e+00, -1.141579623477543493e+00, -1.437291278243796322e+00, -1.437291278243796322e+00, -1.437291278243796322e+00, -1.437291278243796322e+00, -1.437291278243796322e+00, -1.437291278243796322e+00, -1.753141174214974063e+00, -1.753141174214974063e+00, -1.753141174214974063e+00, -1.753141174214974063e+00, -1.753141174214974063e+00, -1.753141174214974063e+00, -1.753141174214974063e+00, -1.753141174214974063e+00, -1.753141174214974063e+00, -1.753141174214974063e+00, -1.753141174214974063e+00, -1.753141174214974063e+00, -1.753141174214974063e+00, -1.753141174214974063e+00, -1.753141174214974063e+00, -1.753141174214974063e+00, -1.879839041120749288e+00, -1.879839041120749288e+00, -1.879839041120749288e+00, -1.879839041120749288e+00, -1.879839041120749288e+00, -1.879839041120749288e+00, -1.879839041120749288e+00, -1.879839041120749288e+00, -1.879839041120749288e+00, -1.879839041120749288e+00, -1.879839041120749288e+00, -1.879839041120749288e+00, -1.879839041120749288e+00, -1.879839041120749288e+00, -1.879839041120749288e+00
4.780646062489364856e-01, -9.239663676447344709e-02, -9.239663676447344709e-02, -9.239663676447344709e-02, -9.239663676447344709e-02, -9.239663676447344709e-02, -9.239663676447344709e-02, -9.239663676447344709e-02, -9.239663676447344709e-02, -9.239663676447344709e-02, -9.239663676447344709e-02, -9.239663676447344709e-02, -9.239663676447344709e-02, -1.789916585070538135e-01, -3.152871714777495948e-01, -6.752926515825176113e-01, -6.752926515825176113e-01, -6.752926515825176113e-01, -1.520268452779384827e+00, -1.520268452779384827e+00, -1.520268452779384827e+00, -1.520268452779384827e+00, -1.520268452779384827e+00, -1.520268452779384827e+00, -1.520268452779384827e+00, -1.827246584917295413e+00, -2.478582715540775805e+00, -2.478582715540775805e+00, -2.478582715540775805e+00, -2.478582715540775805e+00, -2.478582715540775805e+00, -2.478582715540775805e+00, -2.478582715540775805e+00, -2.478582715540775805e+00, -2.478582715540775805e+00, -2.478582715540775805e+00, -2.478582715540775805e+00, -2.478582715540775805e+00, -2.478582715540775805e+00, -2.478582715540775805e+00, -2.478582715540775805e+00, -2.478582715540775805e+00, -2.478582715540775805e+00, -2.478582715540775805e+00, -2.478582715540775805e+00, -2.478582715540775805e+00, -2.478582715540775805e+00, -2.478582715540775805e+00, -2.478582715540775805e+00, -2.478582715540775805e+00, -2.478582715540775805e+00, -2.478582715540775805e+00, -2.478582715540775805e+00, -2.478582715540775805e+00, -2.478582715540775805e+00, -2.478582715540775805e+00, -2.478582715540775805e+00, -2.478582715540775805e+00, -2.478582715540775805e+00, -2.478582715540775805e+00, -2.478582715540775805e+00, -2.478582715540775805e+00, -2.478582715540775805e+00, -2.478582715540775805e+00
3.685670631885098331e-02, 3.685670631885098331e-02, 3.685670631885098331e-02, 3.685670631885098331e-02, 3.685670631885098331e-02, -3.464803338175183600e-01, -3.464803338175183600e-01, -3.464803338175183600e-01, -3.464803338175183600e-01, -3.464803338175183600e-01, -3.464803338175183600e-01, -3.464803338175183600e-01, -3.464803338175183600e-01, -3.464803338175183600e-01, -3.464803338175183600e-01, -3.464803338175183600e-01, -3.464803338175183600e-01, -3.464803338175183600e-01, -3.464803338175183600e-01, -3.464803338175183600e-01, -3.464803338175183600e-01, -3.464803338175183600e-01, -3.464803338175183600e-01, -3.464803338175183600e-01, -3.464803338175183600e-01, -3.464803338175183600e-01, -3.464803338175183600e-01, -3.464803338175183600e-01, -3.464803338175183600e-01, -9.361323401656280740e-01, -9.361323401656280740e-01, -9.361323401656280740e-01, -9.361323401656280740e-01, -9.361323401656280740e-01, -9.361323401656280740e-01, -9.361323401656280740e-01, -9.361323401656280740e-01, -9.361323401656280740e-01, -9.361323401656280740e-01, -9.361323401656280740e-01, -9.361323401656280740e-01, -9.361323401656280740e-01, -9.361323401656280740e-01, -9.361323401656280740e-01, -9.361323401656280740e-01, -9.361323401656280740e-01, -1.076367273995423757e+00, -1.076367273995423757e+00, -1.076367273995423757e+00, -1.076367273995423757e+00, -1.076367273995423757e+00, -1.076367273995423757e+00, -1.076367273995423757e+00, -1.076367273995423757e+00, -1.076367273995423757e+00, -1.076367273995423757e+00, -1.076367273995423757e+00, -1.076367273995423757e+00, -1.076367273995423757e+00, -1.076367273995423757e+00, -1.076367273995423757e+00, -1.076367273995423757e+00, -1.076367273995423757e+00, -1.076367273995423757e+00
5.947323772699510958e-01, 3.047055963358903385e-01, 3.047055963358903385e-01, 3.047055963358903385e-01, 6.274225423018275904e-02, 6.274225423018275904e-02, 6.274225423018275904e-02, 6.274225423018275904e-02, 6.274225423018275904e-02, 6.274225423018275904e-02, 6.274225423018275904e-02, 6.274225423018275904e-02, 6.274225423018275904e-02, -2.516622332975786414e-01, -2.516622332975786414e-01, -2.754336580666128520e-01, -4.549425386924926262e-01, -4.549425386924926262e-01, -4.549425386924926262e-01, -4.549425386924926262e-01, -4.549425386924926262e-01, -4.549425386924926262e-01, -4.549425386924926262e-01, -4.549425386924926262e-01, -4.549425386924926262e-01, -4.549425386924926262e-01, -4.549425386924926262e-01, -4.549425386924926262e-01, -4.549425386924926262e-01, -4.549425386924926262e-01, -4.549425386924926262e-01, -4.549425386924926262e-01, -4.549425386924926262e-01, -4.549425386924926262e-01, -4.549425386924926262e-01, -4.549425386924926262e-01, -4.549425386924926262e-01, -4.549425386924926262e-01, -4.549425386924926262e-01, -4.549425386924926262e-01, -4.549425386924926262e-01, -4.549425386924926262e-01, -4.549425386924926262e-01, -4.549425386924926262e-01, -4.549425386924926262e-01, -4.549425386924926262e-01, -4.549425386924926262e-01, -4.549425386924926262e-01, -4.549425386924926262e-01, -4.549425386924926262e-01, -4.549425386924926262e-01, -4.549425386924926262e-01, -4.549425386924926262e-01, -4.549425386924926262e-01, -4.549425386924926262e-01, -4.549425386924926262e-01, -4.549425386924926262e-01, -4.549425386924926262e-01, -4.549425386924926262e-01, -4.549425386924926262e-01, -4.549425386924926262e-01, -4.549425386924926262e-01, -4.549425386924926262e-01, -4.549425386924926262e-01
6.123326737790342200e-01, 5.007815552783827506e-01, 2.691168393356992428e-01, 2.691168393356992428e-01, 2.691168393356992428e-01, 2.691168393356992428e-01, 6.999363869526656345e-02, 6.999363869526656345e-02, 6.999363869526656345e-02, 6.999363869526656345e-02, -2.324334593716042285e-01, -2.324334593716042285e-01, -2.324334593716042285e-01, -2.324334593716042285e-01, -2.324334593716042285e-01, -1.107133516614966506e+00, -1.672130509090300698e+00, -1.672130509090300698e+00, -1.672130509090300698e+00, -1.672130509090300698e+00, -1.672130509090300698e+00, -1.672130509090300698e+00, -1.672130509090300698e+00, -1.672130509090300698e+00, -1.672130509090300698e+00, -1.672130509090300698e+00, -1.672130509090300698e+00, -1.672130509090300698e+00, -1.672130509090300698e+00, -1.672130509090300698e+00, -1.672130509090300698e+00, -1.672130509090300698e+00, -1.672130509090300698e+00, -2.270306722141843370e+00, -2.270306722141843370e+00, -2.270306722141843370e+00, -2.270306722141843370e+00, -2.270306722141843370e+00, -2.270306722141843370e+00, -2.270306722141843370e+00, -2.270306722141843370e+00, -2.270306722141843370e+00, -2.270306722141843370e+00, -2.270306722141843370e+00, -2.270306722141843370e+00, -2.270306722141843370e+00, -2.270306722141843370e+00, -2.270306722141843370e+00, -2.270306722141843370e+00, -2.270306722141843370e+00, -2.270306722141843370e+00, -2.270306722141843370e+00, -2.270306722141843370e+00, -2.270306722141843370e+00, -2.270306722141843370e+00, -2.270306722141843370e+00, -2.270306722141843370e+00, -2.270306722141843370e+00, -2.270306722141843370e+00, -2.270306722141843370e+00, -2.270306722141843370e+00, -2.270306722141843370e+00, -2.270306722141843370e+00, -2.270306722141843370e+00
5.069771131132898567e-01, 3.540938867754775954e-01, 3.540938867754775954e-01, 2.747930175590828639e-01, 1.609241069240521793e-01, -1.142931655409781699e+00, -1.142931655409781699e+00, -1.142931655409781699e+00, -1.142931655409781699e+00, -1.142931655409781699e+00, -1.813022314344860497e+00, -1.813022314344860497e+00, -1.813022314344860497e+00, -1.813022314344860497e+00, -1.813022314344860497e+00, -1.813022314344860497e+00, -1.813022314344860497e+00, -1.813022314344860497e+00, -1.813022314344860497e+00, -1.813022314344860497e+00, -1.813022314344860497e+00, -1.813022314344860497e+00, -1.813022314344860497e+00, -1.813022314344860497e+00, -1.813022314344860497e+00, -1.813022314344860497e+00, -2.202722446057598926e+00, -2.202722446057598926e+00, -2.202722446057598926e+00, -2.202722446057598926e+00, -2.202722446057598926e+00, -2.517307760842566910e+00, -2.517307760842566910e+00, -2.517307760842566910e+00, -2.517307760842566910e+00, -2.517307760842566910e+00, -2.517307760842566910e+00, -2.517307760842566910e+00, -2.517307760842566910e+00, -2.517307760842566910e+00, -2.517307760842566910e+00, -2.517307760842566910e+00, -2.517307760842566910e+00, -2.517307760842566910e+00, -2.517307760842566910e+00, -2.517307760842566910e+00, -2.517307760842566910e+00, -2.517307760842566910e+00, -2.517307760842566910e+00, -2.517307760842566910e+00, -2.517307760842566910e+00, -2.517307760842566910e+00, -2.517307760842566910e+00, -2.517307760842566910e+00, -2.517307760842566910e+00, -2.517307760842566910e+00, -2.517307760842566910e+00, -2.517307760842566910e+00, -2.517307760842566910e+00, -2.517307760842566910e+00, -2.517307760842566910e+00, -2.517307760842566910e+00, -2.517307760842566910e+00, -2.517307760842566910e+00
2.310582797540901567e-01, 2.310582797540901567e-01, 2.310582797540901567e-01, 2.310582797540901567e-01, 2.310582797540901567e-01, 2.310582797540901567e-01, 1.650308775982675669e-01, 1.650308775982675669e-01, -1.965952568039308623e-01, -1.965952568039308623e-01, -1.965952568039308623e-01, -1.965952568039308623e-01, -1.965952568039308623e-01, -1.965952568039308623e-01, -1.965952568039308623e-01, -1.965952568039308623e-01, -1.965952568039308623e-01, -2.793334984681429267e-01, -2.793334984681429267e-01, -2.793334984681429267e-01, -2.793334984681429267e-01, -2.793334984681429267e-01, -2.793334984681429267e-01, -4.268360962239053369e-01, -4.268360962239053369e-01, -4.268360962239053369e-01, -4.268360962239053369e-01, -4.268360962239053369e-01, -8.895982825049492115e-01, -8.895982825049492115e-01, -8.906208994503455045e-01, -8.906208994503455045e-01, -8.906208994503455045e-01, -8.906208994503455045e-01, -8.906208994503455045e-01, -8.906208994503455045e-01, -8.906208994503455045e-01, -8.906208994503455045e-01, -8.906208994503455045e-01, -8.906965425761027566e-01, -8.906965425761027566e-01, -8.906965425761027566e-01, -8.906965425761027566e-01, -8.906965425761027566e-01, -8.906965425761027566e-01, -8.906965425761027566e-01, -8.906965425761027566e-01, -8.906965425761027566e-01, -8.906965425761027566e-01, -8.906965425761027566e-01, -8.906965425761027566e-01, -8.906965425761027566e-01, -8.906965425761027566e-01, -8.906965425761027566e-01, -8.906965425761027566e-01, -8.906965425761027566e-01, -8.906965425761027566e-01, -8.906965425761027566e-01, -8.906965425761027566e-01, -8.906965425761027566e-01, -8.906965425761027566e-01, -8.906965425761027566e-01, -8.906965425761027566e-01, -8.906965425761027566e-01
6.024589217369060723e-01, 3.987586791108095885e-01, -3.945997477525203107e-02, -3.945997477525203107e-02, -3.945997477525203107e-02, -3.945997477525203107e-02, -3.945997477525203107e-02, -3.945997477525203107e-02, -3.945997477525203107e-02, -3.945997477525203107e-02, -3.945997477525203107e-02, -3.945997477525203107e-02, -3.945997477525203107e-02, -3.945997477525203107e-02, -2.741502431639085136e-01, -2.741502431639085136e-01, -2.741502431639085136e-01, -2.741502431639085136e-01, -2.963660161395516579e-01, -2.963660161395516579e-01, -2.963660161395516579e-01, -2.963660161395516579e-01, -2.963660161395516579e-01, -2.963660161395516579e-01, -2.963660161395516579e-01, -2.963660161395516579e-01, -2.963660161395516579e-01, -2.963660161395516579e-01, -3.339205620245438988e-01, -3.339205620245438988e-01, -3.339205620245438988e-01, -3.339205620245438988e-01, -3.339205620245438988e-01, -3.339205620245438988e-01, -3.339205620245438988e-01, -3.339205620245438988e-01, -3.339205620245438988e-01, -3.339205620245438988e-01, -3.339205620245438988e-01, -3.533169256723521778e-01, -3.533169256723521778e-01, -3.533169256723521778e-01, -3.533169256723521778e-01, -3.533169256723521778e-01, -3.533169256723521778e-01, -3.533169256723521778e-01, -3.533169256723521778e-01, -3.533169256723521778e-01, -3.533169256723521778e-01, -3.533169256723521778e-01, -3.533169256723521778e-01, -3.533169256723521778e-01, -3.533169256723521778e-01, -3.533169256723521778e-01, -3.533169256723521778e-01, -3.533169256723521778e-01, -3.533169256723521778e-01, -3.533169256723521778e-01, -3.568933321209560305e-01, -3.568933321209560305e-01, -3.568933321209560305e-01, -3.568933321209560305e-01, -3.568933321209560305e-01, -3.568933321209560305e-01
-3.715849220930386165e-01, -3.715849220930386165e-01, -3.715849220930386165e-01, -3.715849220930386165e-01, -4.087659542481526520e-01, -4.087659542481526520e-01, -4.087659542481526520e-01, -6.322886224596288018e-01, -6.322886224596288018e-01, -6.322886224596288018e-01, -7.972284142391853345e-01, -7.972284142391853345e-01, -7.972284142391853345e-01, -7.972284142391853345e-01, -8.658165244115902937e-01, -8.658165244115902937e-01, -1.377788175001894100e+00, -1.377788175001894100e+00, -1.377788175001894100e+00, -1.567546107946305556e+00, -1.567546107946305556e+00, -2.418645639125108993e+00, -2.418645639125108993e+00, -2.418645639125108993e+00, -2.418645639125108993e+00, -2.418645639125108993e+00, -2.538788484809618051e+00, -2.538788484809618051e+00, -2.538788484809618051e+00, -2.538788484809618051e+00, -2.538788484809618051e+00, -2.538788484809618051e+00, -2.538788484809618051e+00, -2.538788484809618051e+00, -2.538788484809618051e+00, -2.538788484809618051e+00, -2.538788484809618051e+00, -2.538788484809618051e+00, -2.538788484809618051e+00, -2.538788484809618051e+00, -2.538788484809618051e+00, -2.538788484809618051e+00, -2.538788484809618051e+00, -2.538788484809618051e+00, -2.538788484809618051e+00, -2.538788484809618051e+00, -2.538788484809618051e+00, -2.538788484809618051e+00, -2.538788484809618051e+00, -2.538788484809618051e+00, -2.538788484809618051e+00, -2.538788484809618051e+00, -2.538788484809618051e+00, -2.538788484809618051e+00, -2.538788484809618051e+00, -2.538788484809618051e+00, -2.538788484809618051e+00, -2.538788484809618051e+00, -2.538788484809618051e+00, -2.538788484809618051e+00, -2.538788484809618051e+00, -2.538788484809618051e+00, -2.538788484809618051e+00, -2.538788484809618051e+00
4.969440756961207573e-01, 2.922153978257294171e-01, 2.922153978257294171e-01, 2.922153978257294171e-01, 2.922153978257294171e-01, 2.922153978257294171e-01, 2.856515061489144358e-01, 2.043857974718055470e-01, 2.043857974718055470e-01, 2.043857974718055470e-01, 2.043857974718055470e-01, 4.649776447929785533e-02, 4.649776447929785533e-02, -5.692733333560304199e-02, -1.890401065900533251e-01, -3.184549789444636181e-01, -3.184549789444636181e-01, -3.184549789444636181e-01, -3.184549789444636181e-01, -3.436113200433081882e-01, -4.870654128332665422e-01, -4.870654128332665422e-01, -7.849116712456332134e-01, -9.288445170889459979e-01, -9.288445170889459979e-01, -9.288445170889459979e-01, -1.965107867328673263e+00, -1.965107867328673263e+00, -2.212710253497153445e+00, -2.212710253497153445e+00, -2.212710253497153445e+00, -2.212710253497153445e+00, -2.212710253497153445e+00, -2.212710253497153445e+00, -2.212710253497153445e+00, -2.212710253497153445e+00, -2.212710253497153445e+00, -2.212710253497153445e+00, -2.212710253497153445e+00, -2.212710253497153445e+00, -2.212710253497153445e+00, -2.212710253497153445e+00, -2.212710253497153445e+00, -2.212710253497153445e+00, -2.212710253497153445e+00, -2.212710253497153445e+00, -2.212710253497153445e+00, -2.802740908824667088e+00, -2.802740908824667088e+00, -2.802740908824667088e+00, -2.802740908824667088e+00, -2.802740908824667088e+00, -2.802740908824667088e+00, -2.802740908824667088e+00, -2.802740908824667088e+00, -2.802740908824667088e+00, -2.802740908824667088e+00, -2.802740908824667088e+00, -2.802740908824667088e+00, -2.802740908824667088e+00, -2.802740908824667088e+00, -2.802740908824667088e+00, -2.802740908824667088e+00, -2.802740908824667088e+00
