2.573150396347045898e-02, 7.638720562681555748e-04, 9.996685981750488281e-01, 5.320709897205233574e-04, -7.016230840235948563e-03, 4.847332602366805077e-04
-4.308832287788391113e-01, 8.717392683029174805e-01, -2.332600355148315430e-01, 4.077690187841653824e-03, -2.105617895722389221e-03, 2.562145236879587173e-03
5.732805132865905762e-01, -7.908711433410644531e-01, 2.141782045364379883e-01, 6.724095874233171344e-05, 1.447153626941144466e-04, -1.777751371264457703e-03
-5.448510646820068359e-01, 7.234352231025695801e-01, 4.240033626556396484e-01, 3.049499937333166599e-04, -3.196034580469131470e-03, 3.351499093696475029e-03
3.502561151981353760e-01, -8.445971012115478516e-01, 4.049400091171264648e-01, 1.151542091974988580e-04, -1.403309870511293411e-03, 2.307477407157421112e-03
3.168854117393493652e-01, -7.726483941078186035e-01, -5.500891804695129395e-01, 5.101523827761411667e-03, -2.283220179378986359e-03, -1.442575245164334774e-03
7.310130000114440918e-01, 4.369696974754333496e-01, 5.240968465805053711e-01, -3.109010867774486542e-03, -3.700488014146685600e-03, -1.591851003468036652e-03
-1.634778345760423690e-05, -8.446015119552612305e-01, -5.353954434394836426e-01, 1.783578656613826752e-03, -2.867919858545064926e-03, -3.167011775076389313e-03
-7.620441317558288574e-01, -6.473800539970397949e-01, -1.370522566139698029e-02, -1.306024729274213314e-03, -3.611672669649124146e-03, -6.001285146339796484e-05
-7.330010533332824707e-01, -5.420000553131103516e-01, -4.110298156738281250e-01, 2.177997026592493057e-03, 1.314097753493115306e-04, -4.172199405729770660e-03
9.217363595962524414e-01, -3.020108044147491455e-01, -2.432931065559387207e-01, -8.053815690800547600e-04, -2.005477435886859894e-03, -2.636846387758851051e-03
8.666272759437561035e-01, -2.840457558631896973e-01, -4.102135300636291504e-01, 9.213980520144104958e-04, -6.032419623807072639e-04, -2.408820670098066330e-03
3.617472350597381592e-01, -4.863452911376953125e-01, 7.953661084175109863e-01, -1.360439055133610964e-04, -1.929081743583083153e-03, 3.324567805975675583e-03
9.033330082893371582e-01, 4.229287803173065186e-01, 7.155920565128326416e-02, -2.302256179973483086e-03, -1.325929071754217148e-03, 6.617247126996517181e-04
2.446794658899307251e-01, -2.471854686737060547e-01, 9.375666975975036621e-01, -1.181346160592511296e-04, -1.252596615813672543e-03, -9.756722283782437444e-05
9.687827825546264648e-01, -1.678916662931442261e-01, -1.824073195457458496e-01, -1.012048800475895405e-03, -2.334964461624622345e-03, -3.286568098701536655e-04
8.624888211488723755e-02, 9.814985990524291992e-01, -1.709431558847427368e-01, 3.379457863047719002e-03, -3.539662808179855347e-03, -6.172832800075411797e-04
-7.930733561515808105e-01, 2.224735319614410400e-01, 5.670451521873474121e-01, -1.623122487217187881e-03, -1.169892027974128723e-03, -1.307197846472263336e-03
-3.741960227489471436e-01, -8.890626430511474609e-01, 2.637137472629547119e-01, 1.710796030238270760e-03, -6.398074794560670853e-03, 3.382526803761720657e-03
-1.499815434217453003e-01, -8.404048681259155273e-01, -5.207929015159606934e-01, 5.012541805626824498e-05, -2.730790292844176292e-03, -3.514264477416872978e-03
-9.279130101203918457e-01, -1.363305151462554932e-01, -3.469749093055725098e-01, 3.076319582760334015e-03, -2.263971604406833649e-03, 1.598764065420255065e-04
-9.698236584663391113e-01, -1.801246553659439087e-01, 1.643079817295074463e-01, 4.710610024631023407e-03, 1.183093525469303131e-03, -1.912840758450329304e-03
-2.513231337070465088e-01, -6.761191785335540771e-02, -9.655388593673706055e-01, -1.255493378266692162e-03, 4.156320821493864059e-03, 2.807119162753224373e-03
7.990173697471618652e-01, 5.781483054161071777e-01, -1.652745753526687622e-01, -2.267477335408329964e-03, -2.937992801889777184e-03, -3.409757482586428523e-05
3.399768769741058350e-01, -9.163726568222045898e-01, -2.113690376281738281e-01, 1.722945831716060638e-03, -4.393254494061693549e-05, 2.477934351190924644e-03
-8.056377768516540527e-01, 5.862482190132141113e-01, -8.521038293838500977e-02, 1.192598865600302815e-04, -3.629944752901792526e-03, -3.231798764318227768e-04
-2.278953790664672852e-01, -7.519491910934448242e-01, -6.185758709907531738e-01, -4.575394268613308668e-04, -2.553879749029874802e-03, -7.186694419942796230e-04
6.098153591156005859e-01, 1.358214579522609711e-02, -7.924271225929260254e-01, 2.233767416328191757e-03, -1.880134106613695621e-03, -2.627560206747148186e-05
6.475281715393066406e-01, -1.969781219959259033e-01, 7.361432313919067383e-01, -2.069832524284720421e-03, 1.998454565182328224e-03, -7.150067249312996864e-04
-3.761863410472869873e-01, 8.030838966369628906e-01, 4.621039628982543945e-01, -1.393596874549984932e-03, -1.002808130579069257e-04, -3.028949722647666931e-04
-5.622022747993469238e-01, -3.021777234971523285e-02, 8.264474868774414062e-01, 8.445319690508767962e-05, 8.595745894126594067e-04, 6.889929645694792271e-04
-5.956331491470336914e-01, -7.794703245162963867e-01, 1.940287351608276367e-01, -1.803726539947092533e-03, -2.218130743131041527e-03, -2.256959211081266403e-03
-3.767742216587066650e-01, -1.954367905855178833e-01, -9.054532647132873535e-01, 9.339234675280749798e-04, 3.414686303585767746e-03, 1.940136309713125229e-03
1.762268990278244019e-01, 6.897079292684793472e-03, 9.843254089355468750e-01, 1.745968591421842575e-03, -4.875707905739545822e-03, 9.861659491434693336e-04
2.394256889820098877e-01, 4.334381520748138428e-01, 8.687961101531982422e-01, -3.641973482444882393e-03, -3.681811736896634102e-03, 1.478636288084089756e-03
3.244194984436035156e-01, 9.236816763877868652e-01, 2.038729339838027954e-01, -1.507223467342555523e-03, 1.204622327350080013e-03, -1.141782500781118870e-03
7.684700489044189453e-01, -3.822064101696014404e-01, -5.131977796554565430e-01, 1.591581269167363644e-03, -2.829730277881026268e-03, -1.172809046693146229e-03
-2.817673981189727783e-01, 5.824403762817382812e-01, 7.624764442443847656e-01, 1.365698524750769138e-03, 1.453058212064206600e-03, 1.614924171008169651e-03
-9.939600229263305664e-01, 1.076283827424049377e-01, 2.143476717174053192e-02, 3.452788107097148895e-03, -7.893533911556005478e-04, 8.025102579267695546e-05
5.044350624084472656e-01, -6.658082008361816406e-01, -5.497677922248840332e-01, 1.982202986255288124e-03, -1.723692257655784488e-04, 1.543427468277513981e-03
-8.452200889587402344e-01, -3.869010508060455322e-01, 3.686605095863342285e-01, 3.120448905974626541e-03, -1.561323879286646843e-03, -4.482069052755832672e-04
9.288927912712097168e-01, -1.663037687540054321e-01, -3.309097290039062500e-01, -2.337076584808528423e-04, 2.261772169731557369e-04, -1.060908660292625427e-03
-5.061776638031005859e-01, 5.653563737869262695e-01, -6.512728929519653320e-01, 1.801251550205051899e-03, -1.464888919144868851e-03, -2.750876825302839279e-03
-8.977102488279342651e-02, -9.938234090805053711e-01, -6.523971259593963623e-02, 1.330125494860112667e-03, -7.719670538790524006e-04, 2.542646136134862900e-03
2.303062379360198975e-01, -7.101060152053833008e-01, -6.653634309768676758e-01, 5.063187796622514725e-03, -4.290346987545490265e-03, -1.117050647735595703e-03
1.634821668267250061e-02, -7.284029722213745117e-01, 6.849538683891296387e-01, -2.943912521004676819e-03, -2.332138363271951675e-03, 3.331067506223917007e-03
9.408438205718994141e-01, 3.024247884750366211e-01, 1.528139412403106689e-01, -2.926487009972333908e-03, 1.911866362206637859e-03, 1.419626292772591114e-03
-8.710780143737792969e-01, -1.411665529012680054e-01, 4.704201221466064453e-01, 2.667740453034639359e-03, -1.753070508129894733e-03, 1.004653633572161198e-03
-1.045367494225502014e-01, -9.675481915473937988e-02, -9.898033142089843750e-01, 1.410896220477297902e-04, 5.175968166440725327e-03, 5.175757221877574921e-03
9.519168138504028320e-01, 3.247001767158508301e-02, -3.046311736106872559e-01, -3.288387553766369820e-03, -5.680375033989548683e-04, -1.959512243047356606e-03
-2.937306463718414307e-01, -3.829920887947082520e-01, 8.758078217506408691e-01, 8.962250431068241596e-04, -1.096908890758641064e-04, 8.969799382612109184e-04
9.528609514236450195e-01, -1.624644100666046143e-01, 2.562448382377624512e-01, -4.486258607357740402e-03, -1.145722460933029652e-03, 2.546420786529779434e-03
-8.287003040313720703e-01, 3.337891697883605957e-01, -4.492667615413665771e-01, -3.126604016870260239e-03, -3.839451819658279419e-04, 2.371512586250901222e-03
-1.397166103124618530e-01, -7.521888613700866699e-02, 9.873304367065429688e-01, -1.617238158360123634e-03, -4.420910496264696121e-03, 1.535943360067903996e-03
-2.410261332988739014e-01, 8.774408102035522461e-01, 4.147337377071380615e-01, 2.225079806521534920e-03, 4.467685939744114876e-04, -1.208187750307843089e-04
1.322644948959350586e-01, 6.905758976936340332e-01, -7.110633254051208496e-01, -8.710057591088116169e-04, -1.606843201443552971e-03, -3.588698105886578560e-03
-6.672160029411315918e-01, 4.717407748103141785e-02, 7.433689832687377930e-01, 1.161559601314365864e-03, 3.214027965441346169e-04, -1.531771267764270306e-03
8.277869820594787598e-01, 5.454716682434082031e-01, 1.312606334686279297e-01, -9.464182658120989799e-04, -5.557585507631301880e-03, -3.662533359602093697e-03
4.344615936279296875e-01, 8.559274077415466309e-01, 2.804130017757415771e-01, 5.563878221437335014e-04, -6.233693566173315048e-04, -1.812806003727018833e-03
2.220335006713867188e-01, 7.889695167541503906e-01, 5.729120969772338867e-01, -4.017807077616453171e-03, -2.658156212419271469e-03, -5.096731001685839146e-06
6.834260821342468262e-01, 6.884738802909851074e-01, -2.427601367235183716e-01, -1.915579632623121142e-04, -3.011027351021766663e-03, -2.687651896849274635e-03
-9.896226525306701660e-01, 6.400249898433685303e-02, -1.286494880914688110e-01, 1.941934227943420410e-03, -1.991651719436049461e-03, -5.992936203256249428e-04
-3.695594966411590576e-01, -9.199878573417663574e-01, -1.305686384439468384e-01, 1.789450063370168209e-03, -1.632826169952750206e-03, 1.551801105961203575e-04
6.304520368576049805e-01, -7.701352238655090332e-01, -9.706678986549377441e-02, 2.206022472819313407e-04, 9.032911038957536221e-04, 1.161378575488924980e-03
7.368154823780059814e-02, 5.673152804374694824e-01, 8.201977610588073730e-01, -1.246206462383270264e-03, -1.449188916012644768e-03, 5.062168929725885391e-04
4.398058056831359863e-01, -7.728579640388488770e-01, -4.574510753154754639e-01, 3.306066384539008141e-03, 1.771467621438205242e-03, 1.062043593265116215e-03
-8.155375719070434570e-01, -4.710223525762557983e-02, 5.767840147018432617e-01, 1.542326994240283966e-03, 4.916394827887415886e-04, -8.020801760721951723e-05
7.921741157770156860e-02, -3.406897783279418945e-01, -9.368324875831604004e-01, 1.240639947354793549e-03, -8.354760357178747654e-04, -5.357744521461427212e-04
1.536912918090820312e-01, 9.727700948715209961e-01, 1.734858602285385132e-01, -1.784651656635105610e-03, -1.055641565471887589e-03, 5.124778253957629204e-04
-2.116005420684814453e-01, -9.655247330665588379e-01, -1.516150981187820435e-01, 1.491223345510661602e-03, -2.316453959792852402e-03, 2.214249223470687866e-03
2.107481360435485840e-01, 5.654061436653137207e-01, -7.974340915679931641e-01, -2.848164644092321396e-03, -2.948088338598608971e-03, -3.344618016853928566e-03
-7.454484701156616211e-01, -6.324260830879211426e-01, -2.105796784162521362e-01, 8.876472711563110352e-04, -2.532385056838393211e-03, -1.584717654623091221e-03
2.401750683784484863e-01, 2.934404611587524414e-01, -9.253154397010803223e-01, 1.425595139153301716e-03, -5.644469056278467178e-03, -1.199619960971176624e-03
-3.589751422405242920e-01, -2.490309625864028931e-01, 8.995112180709838867e-01, -6.402329890988767147e-04, 6.444910541176795959e-04, 2.269956283271312714e-03
-5.169128626585006714e-02, 4.967344701290130615e-01, 8.663618564605712891e-01, 7.954078610055148602e-04, -3.608113329391926527e-04, 4.514892061706632376e-04
3.776768445968627930e-01, 2.981625795364379883e-01, 8.766180872917175293e-01, -3.625348210334777832e-03, -2.260161563754081726e-03, 2.383855869993567467e-03
-7.677819132804870605e-01, 8.328246325254440308e-02, 6.352754831314086914e-01, 3.372256760485470295e-04, -3.167547401972115040e-05, -1.556325703859329224e-03
-4.576008319854736328e-01, 4.489014446735382080e-01, -7.675213217735290527e-01, 2.443458186462521553e-03, -3.167167771607637405e-03, -1.664665876887738705e-03
9.047895669937133789e-01, -4.048776030540466309e-01, -1.320224553346633911e-01, -1.893165754154324532e-03, -1.678742934018373489e-03, -2.873488934710621834e-03
5.476547479629516602e-01, -7.672532796859741211e-01, -3.337613642215728760e-01, 7.241912535391747952e-04, 3.871790599077939987e-03, 3.526986809447407722e-03
-2.872001230716705322e-01, 7.845724821090698242e-01, -5.495108962059020996e-01, 1.824553706683218479e-03, -4.687362161348573864e-05, 1.186319626867771149e-03
8.957260251045227051e-01, 2.370531298220157623e-02, 4.439739584922790527e-01, -3.581166733056306839e-03, -1.614716136828064919e-03, 7.283934392035007477e-04
-8.564674258232116699e-01, 1.000367701053619385e-01, 5.064150094985961914e-01, -1.227776519954204559e-04, -1.131832599639892578e-03, -1.134524820372462273e-03
2.307613044977188110e-01, 8.778032660484313965e-01, -4.197745919227600098e-01, 2.796408953145146370e-03, 9.840663988143205643e-04, 9.895515540847554803e-05
-6.969474554061889648e-01, -7.091358900070190430e-01, 1.067264378070831299e-01, -2.389860572293400764e-03, -2.852111821994185448e-03, -1.916638226248323917e-03
-1.338509470224380493e-01, 9.516986012458801270e-01, 2.763215601444244385e-01, 2.937381388619542122e-03, -1.107328687794506550e-03, 1.350631006062030792e-03
7.544060349464416504e-01, 1.582831889390945435e-01, -6.370384693145751953e-01, 6.551947444677352905e-04, -1.822015619836747646e-03, -2.187819220125675201e-03
7.895560860633850098e-01, 5.428807735443115234e-01, 2.861496508121490479e-01, -1.998640596866607666e-03, -7.637983188033103943e-03, -3.884911770001053810e-03
-2.638732790946960449e-01, -3.547939360141754150e-01, -8.969348669052124023e-01, 3.292046487331390381e-03, 2.911515766754746437e-03, 2.023240085691213608e-03
-6.813719272613525391e-01, 4.817098081111907959e-01, 5.510789752006530762e-01, 2.241436857730150223e-03, -2.234963700175285339e-03, 3.313321853056550026e-03
5.338820815086364746e-01, 4.362846612930297852e-01, -7.243103981018066406e-01, 2.039549406617879868e-03, -2.254278864711523056e-03, -1.805975334718823433e-03
-4.012368023395538330e-01, -8.366314172744750977e-01, -3.729034960269927979e-01, 2.300320426002144814e-03, -6.707212305627763271e-04, -3.175152465701103210e-03
2.174694538116455078e-01, -5.180718302726745605e-01, 8.272294998168945312e-01, -7.098483620211482048e-04, -1.028652652166783810e-03, 2.381208818405866623e-03
-7.347329258918762207e-01, 4.314282834529876709e-01, -5.234854817390441895e-01, -2.647592686116695404e-03, -8.165797917172312737e-04, 2.416132716462016106e-03
3.794302046298980713e-01, -6.655233502388000488e-01, -6.427373886108398438e-01, 3.375564003363251686e-03, -3.242938546463847160e-03, 4.319781437516212463e-04
8.178365826606750488e-01, 2.789345756173133850e-02, -5.747740268707275391e-01, 2.762452932074666023e-04, 1.719638239592313766e-03, -1.987028168514370918e-03
5.759203433990478516e-01, -5.131413936614990234e-01, 6.363973617553710938e-01, 1.315525732934474945e-03, -1.420744345523416996e-03, 6.991576519794762135e-04
-2.723575830459594727e-01, -6.450042128562927246e-01, -7.139964699745178223e-01, 6.239663343876600266e-04, -1.088702469132840633e-03, 7.329979562200605869e-04
-4.395541548728942871e-01, -8.981713652610778809e-01, 8.961752057075500488e-03, 5.149301723577082157e-04, -2.905160421505570412e-03, 6.930181407369673252e-04
7.674716711044311523e-01, -6.239939332008361816e-01, -1.470333933830261230e-01, -1.611905521713197231e-03, -5.344372475519776344e-04, -2.066649030894041061e-03
7.228559255599975586e-01, 1.749004423618316650e-02, 6.907773017883300781e-01, -1.347060664556920528e-03, 1.786536537110805511e-03, 2.277975901961326599e-03
2.670101225376129150e-01, 4.388600289821624756e-01, -8.579670190811157227e-01, -2.030661562457680702e-03, -5.229264963418245316e-03, -3.518172074109315872e-03
-7.638965249061584473e-01, 4.870957732200622559e-01, 4.233199656009674072e-01, 4.074013791978359222e-03, -5.284126964397728443e-04, 1.185879693366587162e-03
3.715668320655822754e-01, -6.845824718475341797e-01, 6.271243095397949219e-01, -9.364414290757849813e-05, -6.106178741902112961e-03, 2.192524028941988945e-03
8.475988358259201050e-02, 2.956393361091613770e-01, 9.515320062637329102e-01, -6.749407621100544930e-04, -2.801611321046948433e-03, -3.615963796619325876e-04
3.669014275074005127e-01, 5.694134235382080078e-01, 7.356301546096801758e-01, -3.175698919221758842e-03, -4.579767119139432907e-03, -1.081270514987409115e-03
9.002794027328491211e-01, 4.281840920448303223e-01, -7.845667749643325806e-02, -4.226744640618562698e-03, -2.069007838144898415e-03, 1.967835007235407829e-03
4.750212132930755615e-01, 7.816161513328552246e-01, 4.042660892009735107e-01, -9.362020500702783465e-05, -2.042284468188881874e-03, -1.957509899511933327e-03
-8.880038857460021973e-01, -4.598086476325988770e-01, -5.016468930989503860e-03, 3.073112573474645615e-03, 8.790381252765655518e-04, -1.094350009225308895e-03
-7.168592214584350586e-01, 6.759123802185058594e-01, -1.710416972637176514e-01, 1.467135967686772346e-03, -3.243658458814024925e-03, -8.415660704486072063e-04
-7.794618606567382812e-01, -1.969747394323348999e-01, 5.946765542030334473e-01, 6.832837825641036034e-04, 6.579207256436347961e-04, 2.434007357805967331e-03
2.843039631843566895e-01, -9.444041848182678223e-01, 1.651423424482345581e-01, 3.784372704103589058e-03, -4.565894487313926220e-04, -1.103029469959437847e-03
-1.448045074939727783e-01, -3.804331421852111816e-01, 9.134014844894409180e-01, 1.274415873922407627e-03, 1.739591389195993543e-04, -7.345447374973446131e-05
-3.750847280025482178e-01, 5.694435238838195801e-01, -7.314680218696594238e-01, 4.928591661155223846e-03, -1.728537958115339279e-03, -1.377927721478044987e-03
-2.739879786968231201e-01, 9.278185963630676270e-01, -2.531467080116271973e-01, 1.765686203725636005e-03, -4.160609387326985598e-04, 5.007422878406941891e-04
2.642026171088218689e-02, -8.898528218269348145e-01, 4.554820060729980469e-01, -2.248167293146252632e-03, -4.527236160356551409e-04, 1.547112478874623775e-03
-3.494856953620910645e-01, 1.388960927724838257e-01, 9.265892505645751953e-01, -1.600202405825257301e-03, -3.958214074373245239e-03, -2.066167799057438970e-04
-3.267187476158142090e-01, -7.996919155120849609e-01, -5.037338733673095703e-01, 6.437287083826959133e-04, -2.203011186793446541e-03, -2.126615960150957108e-03
3.255736827850341797e-01, 8.562667295336723328e-03, 9.454779028892517090e-01, 7.482827058993279934e-04, -1.336923800408840179e-03, 1.237011514604091644e-03
-5.408027172088623047e-01, -7.109745144844055176e-01, 4.494971632957458496e-01, 1.029526581987738609e-03, 6.392208160832524300e-04, -7.275916286744177341e-04
5.082916021347045898e-01, 5.631421208381652832e-01, 6.515448093414306641e-01, -2.404983388260006905e-03, -3.532528178766369820e-03, -1.548114814795553684e-03
5.016149878501892090e-01, 1.619511544704437256e-01, 8.497965931892395020e-01, -2.027883427217602730e-03, 1.279637683182954788e-03, 1.622455078177154064e-03
2.648048400878906250e-01, -9.602085947990417480e-01, -8.875755220651626587e-02, 2.796629443764686584e-03, -2.504435135051608086e-03, -9.384882869198918343e-04
-4.129973351955413818e-01, -7.443311810493469238e-01, 5.247898101806640625e-01, 1.062362687662243843e-03, -1.279210206121206284e-03, 1.110467856051400304e-04
5.241442322731018066e-01, 3.006002008914947510e-01, 7.968138456344604492e-01, -2.567910356447100639e-03, -3.074576845392584801e-03, 6.274867919273674488e-04
-9.310126900672912598e-01, 1.413461714982986450e-01, 3.365065157413482666e-01, 1.246080617420375347e-03, -1.293801935389637947e-03, -1.235772389918565750e-03
2.214927226305007935e-01, 1.497011035680770874e-01, 9.636029005050659180e-01, 1.994268095586448908e-04, -2.248279983177781105e-03, 1.531862537376582623e-03
7.302115559577941895e-01, -3.022486269474029541e-01, 6.127290129661560059e-01, -7.071826985338702798e-05, 1.760611892677843571e-03, -1.576058566570281982e-03
-6.321945190429687500e-01, -1.127996370196342468e-01, -7.665548324584960938e-01, 1.911141676828265190e-03, -1.111849924200214446e-04, 1.462675747461616993e-03
1.203202679753303528e-01, -4.164610207080841064e-01, 9.011566042900085449e-01, -2.309905394213274121e-04, 8.325884700752794743e-04, 5.744657828472554684e-04
3.903136253356933594e-01, -5.467029213905334473e-01, -7.407909035682678223e-01, 7.476176251657307148e-04, -3.804188221693038940e-03, 2.777286339551210403e-03
8.469649553298950195e-01, 2.912481129169464111e-01, 4.447751045227050781e-01, -2.920234343037009239e-03, -8.607896161265671253e-04, -4.817611770704388618e-04
4.657983481884002686e-01, -8.746253252029418945e-01, 1.343964189291000366e-01, 1.891134888865053654e-03, -1.428625662811100483e-03, -1.335098058916628361e-03
5.527047514915466309e-01, -8.331696987152099609e-01, 1.859350688755512238e-02, 1.037008361890912056e-03, -3.583706857170909643e-04, -6.294747581705451012e-04
3.230770528316497803e-01, 8.647717237472534180e-01, 3.844361007213592529e-01, -2.642468782141804695e-03, -1.002892968244850636e-03, 2.026438014581799507e-04
1.708351671695709229e-01, 7.864182591438293457e-01, -5.936005711555480957e-01, 1.615799614228308201e-03, -5.870531313121318817e-04, -2.832606900483369827e-03
-7.810251712799072266e-01, -2.828716039657592773e-01, -5.567613840103149414e-01, 1.396581530570983887e-03, 1.616693101823329926e-03, -1.677124062553048134e-03
-2.438890039920806885e-01, 9.548284411430358887e-01, 1.697667539119720459e-01, 2.825054572895169258e-03, 1.613312197150662541e-04, -1.133584650233387947e-03
8.486422896385192871e-01, 1.539111584424972534e-01, 5.060806870460510254e-01, -2.535866340622305870e-03, -6.657134508714079857e-04, 6.396996905095875263e-04
-8.177554011344909668e-01, -5.668256878852844238e-01, 9.992342442274093628e-02, 1.144697773270308971e-03, -1.094094128347933292e-03, -9.728610166348516941e-05
-4.396708309650421143e-01, 6.829838752746582031e-01, -5.832859873771667480e-01, 3.101370995864272118e-03, 3.572879359126091003e-05, -2.637449360918253660e-04
-4.217726886272430420e-01, 7.770247459411621094e-01, -4.672690033912658691e-01, 2.653324976563453674e-03, 3.644613607320934534e-04, 2.763087395578622818e-03
9.215643405914306641e-01, -3.877511322498321533e-01, 1.918920874595642090e-02, -2.377274446189403534e-03, 4.114440525881946087e-04, 1.761155086569488049e-03
9.560016989707946777e-01, 1.773898303508758545e-01, -2.336527556180953979e-01, -5.684137810021638870e-03, -3.252197755500674248e-03, -1.826848019845783710e-03
-7.322915792465209961e-01, -3.592733740806579590e-01, 5.785081386566162109e-01, -2.001563116209581494e-04, -1.601167139597237110e-03, 5.050889682024717331e-03
9.603744149208068848e-01, -2.702346146106719971e-01, -6.822222471237182617e-02, -1.492000883445143700e-03, -1.679491484537720680e-03, 4.218836547806859016e-04
5.816546082496643066e-01, 7.949866652488708496e-01, -1.722617745399475098e-01, -1.217524986714124680e-03, -3.225221298635005951e-03, -3.419504268094897270e-03
4.308881461620330811e-01, -7.481846213340759277e-01, 5.045346617698669434e-01, 6.748981832060962915e-05, -5.269409157335758209e-03, 1.507133594714105129e-03
-5.881037116050720215e-01, -6.000127196311950684e-01, 5.423271656036376953e-01, 9.549399255774915218e-04, 3.729505406226962805e-04, 2.143386984243988991e-03
4.231607615947723389e-01, -4.144708216190338135e-01, -8.056977987289428711e-01, 4.047129550599493086e-05, -3.729862393811345100e-03, 3.180774394422769547e-03
-7.863471657037734985e-02, 5.550433993339538574e-01, -8.280962705612182617e-01, 1.766870263963937759e-03, 1.776112359948456287e-03, 1.891028136014938354e-03
2.302007824182510376e-01, -3.348364830017089844e-01, -9.137243032455444336e-01, 1.838397118262946606e-03, -1.719993655569851398e-03, -9.873532690107822418e-04
-8.654627203941345215e-01, -2.395353019237518311e-01, -4.399966597557067871e-01, 2.731629880145192146e-03, -2.425877901259809732e-04, -7.316585397347807884e-04
-4.841620624065399170e-01, 4.033694267272949219e-01, 7.764536142349243164e-01, 2.950149821117520332e-03, -3.279909258708357811e-03, -5.137268453836441040e-04
4.381282627582550049e-01, -8.947183489799499512e-01, -8.673370629549026489e-02, 1.679376349784433842e-03, -1.050529768690466881e-03, 1.225464977324008942e-03
9.875697493553161621e-01, 3.890757635235786438e-02, 1.522901505231857300e-01, -5.095426458865404129e-03, 2.607420319691300392e-03, 8.069044997682794929e-05
1.702902168035507202e-01, -8.075270056724548340e-01, -5.647135376930236816e-01, 4.759252071380615234e-03, -3.470664378255605698e-03, -2.265600254759192467e-03
9.247633814811706543e-02, 8.683040142059326172e-01, -4.873358905315399170e-01, 2.619547070935368538e-03, -1.439051557099446654e-04, -2.725222846493124962e-03
5.194708704948425293e-01, -5.540358424186706543e-01, -6.505338549613952637e-01, 5.687550292350351810e-04, -3.161468310281634331e-03, 3.959301859140396118e-03
8.966484069824218750e-01, -2.508428990840911865e-01, 3.648280203342437744e-01, -2.844402333721518517e-03, -1.992112025618553162e-03, 2.947971690446138382e-03
-8.282833099365234375e-01, -2.869454026222229004e-01, 4.812578558921813965e-01, 1.767570734955370426e-03, -2.032787073403596878e-03, 1.917470828630030155e-03
1.598682105541229248e-01, 9.398413896560668945e-01, -3.018945455551147461e-01, 3.396694781258702278e-03, -1.624158350750803947e-03, 3.924523480236530304e-04
-1.440917104482650757e-01, -7.449551224708557129e-01, 6.513673663139343262e-01, -1.122463843785226345e-03, -2.146170707419514656e-03, 4.048592876642942429e-03
7.228806614875793457e-01, 5.481579899787902832e-01, 4.206737577915191650e-01, -3.213031450286507607e-03, -6.176199764013290405e-03, -2.481918781995773315e-03
-5.805120468139648438e-01, 4.607517123222351074e-01, 6.713520884513854980e-01, 1.960046356543898582e-03, -3.296494483947753906e-03, 2.458502771332859993e-03
-3.267723917961120605e-01, 9.006085395812988281e-01, 2.865730524063110352e-01, 2.111030742526054382e-03, -2.097598335240036249e-04, -1.404353883117437363e-03
1.763609945774078369e-01, -8.692874312400817871e-01, 4.617750346660614014e-01, -2.126938663423061371e-03, 9.135851869359612465e-04, 1.881228177808225155e-03
-2.162412973120808601e-03, -3.390516936779022217e-01, 9.407652616500854492e-01, 4.096875491086393595e-04, 4.484329256229102612e-04, -4.801705072168260813e-04
-1.991332918405532837e-01, 1.878920793533325195e-01, -9.617912769317626953e-01, 3.070449922233819962e-03, -2.260272623971104622e-03, 1.560559612698853016e-03
2.895844280719757080e-01, 6.831214427947998047e-01, 6.704370975494384766e-01, -3.378431778401136398e-03, -2.413784619420766830e-03, -2.115262672305107117e-03
-6.231259107589721680e-01, 7.241440415382385254e-01, 2.955158054828643799e-01, 3.211797680705785751e-03, -2.744784345850348473e-03, 3.899430856108665466e-03
-6.279886513948440552e-02, 2.136014550924301147e-01, 9.749003648757934570e-01, -3.767808666452765465e-04, -5.343064665794372559e-03, -1.667901640757918358e-03
-6.977810263633728027e-01, 3.509132564067840576e-01, 6.244689822196960449e-01, 1.689537893980741501e-04, -2.461553085595369339e-03, 8.937141974456608295e-04
-2.010592669248580933e-01, 4.796862304210662842e-01, 8.540938496589660645e-01, 2.224252559244632721e-03, 7.400268077617511153e-05, 6.094946002122014761e-05
-5.848497152328491211e-01, 1.636859029531478882e-01, 7.944543957710266113e-01, 1.420127809979021549e-03, -3.087974153459072113e-03, -1.994188176468014717e-03
-3.416723310947418213e-01, 2.949264049530029297e-01, 8.923443555831909180e-01, 1.139522297307848930e-03, -3.350274171680212021e-03, -2.201679628342390060e-03
-9.337664246559143066e-01, -3.467192649841308594e-01, 8.869073539972305298e-02, 4.386215005069971085e-03, 2.450944622978568077e-03, -3.267445834353566170e-03
-3.543625026941299438e-02, -8.187270760536193848e-01, 5.730884075164794922e-01, -2.875037491321563721e-03, -2.635317854583263397e-03, 2.554040169343352318e-03
-7.963436841964721680e-02, 7.610385417938232422e-01, 6.438001990318298340e-01, 4.702554142568260431e-04, 1.117464737035334110e-03, 2.351841889321804047e-03
7.337649911642074585e-02, 9.961695671081542969e-01, 4.756105691194534302e-02, 4.365238710306584835e-04, -2.532417653128504753e-03, -1.070914440788328648e-03
-6.978754401206970215e-01, 2.108902931213378906e-01, 6.844670772552490234e-01, 1.252585061592981219e-04, -2.294723177328705788e-03, -1.331838197074830532e-03
-5.376085042953491211e-01, -3.244072794914245605e-01, -7.782910466194152832e-01, 2.811765065416693687e-03, 4.236736800521612167e-03, -1.154183642938733101e-03
4.454212486743927002e-01, -5.696974992752075195e-01, 6.906841993331909180e-01, 1.111906836740672588e-03, -4.454846959561109543e-03, 3.285484388470649719e-03
-3.934242129325866699e-01, -2.436106093227863312e-02, 9.190342426300048828e-01, -2.022496657446026802e-03, -1.207959256134927273e-03, 2.496927743777632713e-03
6.486061215400695801e-01, 3.027502596378326416e-01, 6.983211040496826172e-01, -1.274134265258908272e-03, -2.729955362156033516e-03, -7.629578467458486557e-04
-9.701234102249145508e-01, -3.879100456833839417e-02, -2.394909262657165527e-01, 2.054701559245586395e-03, -2.696606796234846115e-03, -5.809798603877425194e-04
-9.745240807533264160e-01, 6.192927435040473938e-02, 2.155635356903076172e-01, 3.617514623329043388e-03, -5.041474942117929459e-04, 2.990969514939934015e-04
3.576443195343017578e-01, 7.834727764129638672e-01, 5.081937909126281738e-01, -2.903554355725646019e-03, -1.201579696498811245e-03, -1.442789332941174507e-03
-5.298231244087219238e-01, -1.906311698257923126e-02, -8.478938937187194824e-01, -4.585503484122455120e-04, 1.176550140371546149e-04, 2.101674210280179977e-03
-4.266532063484191895e-01, -4.168191850185394287e-01, 8.026386499404907227e-01, -4.809254896827042103e-04, -8.372582378797233105e-04, 2.978101838380098343e-03
4.984246492385864258e-01, -4.349574446678161621e-01, 7.499232292175292969e-01, 5.743970177718438208e-05, -1.242838567122817039e-03, 2.083484549075365067e-03
-6.327863335609436035e-01, -4.745943546295166016e-01, 6.118346452713012695e-01, -3.867768973577767611e-04, -1.759365899488329887e-03, 5.520434118807315826e-03
5.152159929275512695e-01, 8.431707024574279785e-01, 1.536740213632583618e-01, 1.575346104800701141e-03, -2.116676652804017067e-03, -3.085026284679770470e-03
6.361156105995178223e-01, 2.972288429737091064e-01, -7.120476961135864258e-01, 1.832745154388248920e-03, -3.519346704706549644e-03, -1.866668113507330418e-03
-2.363644093275070190e-01, -8.843489289283752441e-01, -4.025653004646301270e-01, 7.599153905175626278e-04, -2.455051755532622337e-03, -3.914314787834882736e-03
-3.274116516113281250e-01, 9.443215727806091309e-01, 3.253274783492088318e-02, 3.212576732039451599e-03, -7.854720461182296276e-04, -4.455141897778958082e-04
2.898092269897460938e-01, -6.133411526679992676e-01, 7.347266674041748047e-01, -6.941694882698357105e-04, -4.115794785320758820e-03, 2.761600306257605553e-03
-7.978924512863159180e-01, 2.293467074632644653e-01, -5.574654340744018555e-01, -2.750900108367204666e-03, 1.702453941106796265e-03, 3.296301467344164848e-03
-6.126414984464645386e-02, 9.760615229606628418e-01, -2.086880207061767578e-01, 2.987495157867670059e-03, -1.455170451663434505e-03, -1.713559497147798538e-03
3.905643820762634277e-01, -8.816135525703430176e-01, 2.649849355220794678e-01, 1.873570028692483902e-03, -7.986067212186753750e-04, 7.775243720971047878e-04
-9.147877693176269531e-01, 1.855101669207215309e-03, 4.039306640625000000e-01, 2.493186620995402336e-03, -2.056639874354004860e-03, 4.050971765536814928e-04
-6.786445975303649902e-01, -2.605430781841278076e-01, 6.867014169692993164e-01, -1.202069455757737160e-03, 1.106336247175931931e-03, 4.739347845315933228e-03
-5.306910872459411621e-01, 8.385134339332580566e-01, -1.235402822494506836e-01, 4.516964312642812729e-03, -3.894078312441706657e-03, 1.537034870125353336e-03
8.502101302146911621e-01, -5.234308838844299316e-01, -5.623964220285415649e-02, -1.808173605240881443e-03, -2.007774019148200750e-04, -1.918757916428148746e-03
-3.528530299663543701e-01, 8.618584871292114258e-01, -3.642727434635162354e-01, 1.821019221097230911e-03, -3.096939472015947104e-04, 2.827244345098733902e-03
-4.569537043571472168e-01, 7.030299901962280273e-01, 5.449239015579223633e-01, -2.060267142951488495e-03, -1.509449444711208344e-03, 2.478501526638865471e-03
-7.882162332534790039e-01, -5.225838422775268555e-01, 3.249943554401397705e-01, 2.870040712878108025e-03, -3.665599433588795364e-05, -8.156907279044389725e-04
-6.995315551757812500e-01, 3.305815458297729492e-01, -6.335388422012329102e-01, -3.535432741045951843e-03, 1.057783607393503189e-03, 3.103408729657530785e-03
8.646578192710876465e-01, 4.503060281276702881e-01, -2.226912081241607666e-01, -4.465683829039335251e-03, -3.974837251007556915e-03, 1.137028564698994160e-03
-5.112316608428955078e-01, -1.706888973712921143e-01, -8.423226475715637207e-01, 1.239872537553310394e-03, 1.731464872136712074e-03, 9.065946796908974648e-04
4.831722080707550049e-01, 1.229121256619691849e-02, -8.754390478134155273e-01, 4.576692357659339905e-03, -1.582288765348494053e-03, 1.666991272941231728e-03
7.187616825103759766e-01, 6.884645819664001465e-01, -9.694446623325347900e-02, -6.876881816424429417e-04, -3.385795280337333679e-03, -2.931609284132719040e-03
-1.120973229408264160e-01, 7.235857844352722168e-02, 9.910592436790466309e-01, -1.515896525233983994e-03, -6.809610873460769653e-03, 1.637951791053637862e-04
-1.758615300059318542e-02, 4.229621589183807373e-01, -9.059767127037048340e-01, 7.917056791484355927e-04, -8.350547286681830883e-04, 1.478897640481591225e-03
-2.772429287433624268e-01, -9.606797695159912109e-01, -1.518982276320457458e-02, 1.983506837859749794e-03, -1.973904436454176903e-03, 5.329165607690811157e-03
-6.010429859161376953e-01, 3.152171373367309570e-01, 7.344286441802978516e-01, 1.798932207748293877e-03, -3.905094927176833153e-03, -6.656849873252213001e-04
9.594977498054504395e-01, 1.693530976772308350e-01, 2.251301407814025879e-01, -4.470494110137224197e-03, 3.871792461723089218e-03, 3.541797050274908543e-04
-9.969971776008605957e-01, -6.213195994496345520e-02, -4.622008651494979858e-02, 3.708312287926673889e-03, -2.190803024859633297e-05, -1.669607940129935741e-03
-3.712993264198303223e-01, -7.006101608276367188e-01, -6.093293428421020508e-01, 6.097404984757304192e-04, -1.964627997949719429e-03, -3.726908835233189166e-05
-3.806904554367065430e-01, -8.320395350456237793e-01, 4.034661650657653809e-01, 1.520235207863152027e-03, -5.668747704476118088e-03, 9.588376851752400398e-04
4.363607168197631836e-01, 8.769115209579467773e-01, -2.015328407287597656e-01, -1.848749117925763130e-03, -2.765829209238290787e-03, -1.846583443693816662e-03
-8.107447624206542969e-01, -5.122082829475402832e-01, -2.834354043006896973e-01, 2.207154175266623497e-03, -5.462961271405220032e-04, -2.973841270431876183e-03
-6.410244703292846680e-01, 2.235764414072036743e-01, -7.342351078987121582e-01, -1.654130290262401104e-03, 1.389503944665193558e-03, 3.810558933764696121e-03
-6.028469204902648926e-01, -1.675316542387008667e-01, 7.800697088241577148e-01, -8.039977401494979858e-04, 2.519476925954222679e-03, 2.916730474680662155e-03
6.498526930809020996e-01, 4.299433231353759766e-01, -6.267696022987365723e-01, 2.314657671377062798e-03, -2.004339592531323433e-03, -3.192687639966607094e-03
8.951519727706909180e-01, 3.057990968227386475e-01, -3.243297636508941650e-01, -4.827415570616722107e-03, -4.568201489746570587e-03, -2.198588335886597633e-03
6.922177672386169434e-01, -4.433481991291046143e-01, 5.694531798362731934e-01, 5.477595259435474873e-04, 1.986107556149363518e-03, -1.891967840492725372e-03
4.069513678550720215e-01, 6.958800554275512695e-01, -5.917274951934814453e-01, 3.260398982092738152e-03, 2.050924347713589668e-03, -1.002019125735387206e-04
-5.134935379028320312e-01, -7.936764955520629883e-01, 3.261931836605072021e-01, 3.006372135132551193e-04, -2.237767912447452545e-03, -8.470573229715228081e-04
8.806959986686706543e-01, -4.474323391914367676e-01, 1.554956585168838501e-01, -3.170900978147983551e-03, 2.700583776459097862e-03, 4.438516218215227127e-03
2.243226915597915649e-01, 5.632852315902709961e-01, 7.952289581298828125e-01, -3.188588889315724373e-03, -3.803244326263666153e-03, -1.913876476464793086e-04
-6.185104325413703918e-02, -9.087390303611755371e-01, -4.127563536167144775e-01, 3.303147095721215010e-04, -2.655028132721781731e-03, -3.844499588012695312e-03
-2.549964785575866699e-01, 2.351220883429050446e-02, 9.666560888290405273e-01, -2.827044576406478882e-03, -4.135859198868274689e-03, 1.860617543570697308e-03
-5.391260981559753418e-01, 8.171594738960266113e-01, 2.039444744586944580e-01, 2.124093938618898392e-03, -3.070951672270894051e-03, 2.201515482738614082e-03
-5.789158940315246582e-01, -3.808429241180419922e-01, 7.209819555282592773e-01, -1.782518811523914337e-03, -1.141927903518080711e-03, 5.867907311767339706e-03
5.521207302808761597e-02, -7.575154900550842285e-01, -6.504783034324645996e-01, 3.682610346004366875e-03, -3.515070071443915367e-03, -1.072191982530057430e-03
6.283512711524963379e-01, 5.580461025238037109e-01, 5.419955849647521973e-01, -2.865896327421069145e-03, -3.583771409466862679e-03, -1.638185582123696804e-03
-8.722537159919738770e-01, -4.526824653148651123e-01, 1.850733011960983276e-01, 3.580160904675722122e-03, 7.478725165128707886e-04, -1.954992767423391342e-03
6.547095179557800293e-01, 6.659519672393798828e-01, 3.575800061225891113e-01, -8.278196328319609165e-04, -7.403666153550148010e-03, -3.407269017770886421e-03
8.479585051536560059e-01, -1.642689853906631470e-01, -5.039663314819335938e-01, 1.741385669447481632e-03, 1.711877179332077503e-03, -1.471427502110600471e-03
5.640740990638732910e-01, -7.005562782287597656e-01, 4.370826184749603271e-01, -1.864369405666366220e-04, -2.869250718504190445e-03, -5.885396967642009258e-04
5.268851518630981445e-01, 6.907036900520324707e-01, -4.952982664108276367e-01, 3.641899675130844116e-03, 2.271130448207259178e-03, -2.084048697724938393e-03
1.366442535072565079e-02, 8.563729524612426758e-01, 5.161769390106201172e-01, -7.750155782559886575e-05, -3.114275168627500534e-03, 4.619379062205553055e-03
2.498986124992370605e-01, -5.952572226524353027e-01, -7.636880874633789062e-01, 2.699622185900807381e-03, -3.680540248751640320e-03, 4.071829243912361562e-05
1.380200684070587158e-01, -9.736565351486206055e-01, -1.815028488636016846e-01, 1.341928495094180107e-03, -1.894834218546748161e-03, -5.255735013633966446e-04
2.461373209953308105e-01, 1.447154432535171509e-01, -9.583704471588134766e-01, 5.675579421222209930e-03, -3.231265814974904060e-03, 3.121695946902036667e-03
-7.421866059303283691e-01, 1.297290474176406860e-01, -6.575175523757934570e-01, 2.032533229794353247e-04, 1.509784837253391743e-03, 3.994827624410390854e-03
1.352541148662567139e-01, -2.038428336381912231e-01, -9.696155786514282227e-01, 3.075392916798591614e-03, 1.187445712275803089e-03, 2.873227931559085846e-03
8.320630788803100586e-01, 3.080381751060485840e-01, -4.612846374511718750e-01, -1.606527599506080151e-03, -4.314266610890626907e-03, -4.012362100183963776e-03
8.174409866333007812e-01, -5.691146850585937500e-01, 8.887512981891632080e-02, -1.624444965273141861e-03, 2.599108964204788208e-03, 1.033436739817261696e-03
2.285587042570114136e-01, -7.233222126960754395e-01, 6.515871882438659668e-01, -2.552394988015294075e-03, -4.017269704490900040e-03, 1.382384914904832840e-03
4.729184806346893311e-01, 1.563618704676628113e-02, 8.809674382209777832e-01, -1.260587479919195175e-03, 1.740116858854889870e-03, 8.180055883713066578e-04
-6.134144663810729980e-01, 5.842998623847961426e-01, -5.313345193862915039e-01, 1.112572732381522655e-03, -9.943896438926458359e-04, -3.625442623160779476e-04
-8.840705752372741699e-01, 4.673133790493011475e-01, 6.113685667514801025e-03, 2.009707503020763397e-03, -3.911362029612064362e-03, 3.278721997048705816e-04
7.467722892761230469e-01, 4.361958801746368408e-01, -5.020601153373718262e-01, 7.809855742380023003e-04, -3.979295026510953903e-03, -3.922034520655870438e-03
1.379276216030120850e-01, -9.732031226158142090e-01, 1.839882582426071167e-01, 3.064257092773914337e-03, 2.285303780809044838e-03, -1.234001014381647110e-03
-8.792951703071594238e-01, 1.324615031480789185e-01, -4.574867188930511475e-01, -1.301529700867831707e-03, 2.340250648558139801e-04, 1.386375166475772858e-03
-9.243106245994567871e-01, 2.808373868465423584e-01, 2.584186792373657227e-01, 2.020076382905244827e-03, -9.187813266180455685e-04, -2.653432311490178108e-03
5.614780783653259277e-01, 6.773593425750732422e-01, 4.753174483776092529e-01, -1.369353616610169411e-03, -3.081766655668616295e-03, -2.007030881941318512e-03
6.818899512290954590e-02, -5.422353148460388184e-01, 8.374551534652709961e-01, -4.404507635626941919e-04, -9.361357078887522221e-04, 2.313310047611594200e-03
9.848693758249282837e-02, 1.411132067441940308e-01, -9.850824475288391113e-01, 5.089143291115760803e-03, -1.164646237157285213e-03, 4.042842425405979156e-03
-9.410170316696166992e-01, -3.268525004386901855e-01, -8.748935163021087646e-02, 4.306439310312271118e-03, 1.846507890149950981e-03, -3.469287883490324020e-03
7.586530447006225586e-01, 2.997998893260955811e-01, 5.784164071083068848e-01, -1.757379039190709591e-03, -2.021747641265392303e-03, -7.919606869108974934e-04
-9.029195904731750488e-01, -1.322636753320693970e-02, -4.296060204505920410e-01, 1.652472536079585552e-03, -1.628736034035682678e-03, 1.440576859749853611e-03
-8.390237689018249512e-01, -1.049464344978332520e-01, -5.338776707649230957e-01, 3.234786447137594223e-03, -9.106639190576970577e-04, 1.786713255569338799e-03
5.349310040473937988e-01, -2.803512215614318848e-01, 7.970269918441772461e-01, -2.011199714615941048e-03, 1.277957198908552527e-04, -5.560514982789754868e-04
-3.049053810536861420e-02, -4.368222057819366455e-01, -8.990309834480285645e-01, 1.662209746427834034e-03, -1.119661610573530197e-03, -3.826855972874909639e-04
-5.169283151626586914e-01, 2.605067491531372070e-01, -8.154270648956298828e-01, -5.374704487621784210e-04, -1.187275745905935764e-03, 1.923090778291225433e-03
7.584941387176513672e-01, 5.711042881011962891e-01, -3.138892054557800293e-01, -8.352934964932501316e-04, -3.766617737710475922e-03, -1.310950727201998234e-03
3.671042919158935547e-01, 1.525680124759674072e-01, 9.175823926925659180e-01, -1.371146296150982380e-03, 4.432773857843130827e-04, 2.337126294150948524e-03
-6.518039107322692871e-01, -5.328419208526611328e-01, -5.396584272384643555e-01, 1.822139602154493332e-03, 1.345268450677394867e-03, -3.758649807423353195e-03
-9.764539003372192383e-01, -2.150189727544784546e-01, 1.745536364614963531e-02, 4.624000284820795059e-03, 2.239364665001630783e-03, -3.506105626001954079e-03
-9.935014843940734863e-01, -4.084588959813117981e-02, 1.062377318739891052e-01, 4.405867308378219604e-03, 8.406126871705055237e-04, -4.742080054711550474e-04
-6.545988321304321289e-01, -2.551361024379730225e-01, -7.116219997406005859e-01, 1.686780713498592377e-03, 2.283236710354685783e-03, -9.831710485741496086e-04
-9.177334904670715332e-01, -3.187259733676910400e-01, 2.370209842920303345e-01, 4.234910942614078522e-03, 3.080020251218229532e-04, -2.501721959561109543e-03
-7.428508996963500977e-01, -6.302016377449035645e-01, 2.258725017309188843e-01, 5.484823486767709255e-04, -2.482340496499091387e-04, -1.387101830914616585e-03
-6.901994943618774414e-01, -5.939243435859680176e-01, 4.133745431900024414e-01, 1.946298871189355850e-03, 7.658586255274713039e-04, 2.780270297080278397e-04
-2.175504118204116821e-01, 5.874465703964233398e-01, -7.794731259346008301e-01, 5.316513590514659882e-03, 4.744507896248251200e-04, 1.904116012156009674e-03
-7.898587584495544434e-01, 3.581384420394897461e-01, 4.978554248809814453e-01, -1.771297247614711523e-04, -6.609763950109481812e-04, -6.095242570154368877e-04
-3.602604269981384277e-01, 6.598714590072631836e-01, 6.593800187110900879e-01, -1.116507453843951225e-03, 1.019311835989356041e-03, 2.125523285940289497e-03
2.197936363518238068e-02, 9.311161637306213379e-01, -3.640600144863128662e-01, 3.283237805590033531e-03, -6.820121780037879944e-04, -1.771222683601081371e-03
-4.543966054916381836e-01, 8.272905945777893066e-01, 3.303240537643432617e-01, 1.972166501218453050e-04, -2.046344103291630745e-03, 2.813060127664357424e-04
3.621339499950408936e-01, -9.313704967498779297e-01, 3.752311691641807556e-02, 3.271987428888678551e-03, -2.665005857124924660e-03, -1.629106700420379639e-03
7.370407581329345703e-01, -5.123685002326965332e-01, -4.407372772693634033e-01, -1.003477373160421848e-03, -1.489324844442307949e-03, -1.176916761323809624e-03
9.872014522552490234e-01, 2.357872761785984039e-02, -1.577258259057998657e-01, -3.703648457303643227e-03, -2.764419652521610260e-03, -7.855486473999917507e-04
5.993092656135559082e-01, 5.602428317070007324e-01, -5.718010067939758301e-01, 3.322650212794542313e-03, 7.310369401238858700e-04, -2.738097682595252991e-03
3.616512715816497803e-01, 9.290540814399719238e-01, -7.789002358913421631e-02, -1.793428207747638226e-03, -2.386007225140929222e-03, -1.725710812024772167e-03
-4.212931394577026367e-01, 5.352494120597839355e-01, 7.321339845657348633e-01, 1.618721988052129745e-03, -1.151976175606250763e-03, 1.664358307607471943e-03
4.146906733512878418e-01, 9.078745245933532715e-01, 6.160773709416389465e-02, -9.163774666376411915e-04, 1.029672512231627479e-05, -2.554271370172500610e-03
-1.347371935844421387e-01, 9.332681298255920410e-01, -3.329511582851409912e-01, 1.506334869191050529e-03, -3.007895138580352068e-04, -1.556193106807768345e-03
-1.953166574239730835e-01, 9.724645018577575684e-01, -1.271387338638305664e-01, 2.149915788322687149e-03, -3.611201827879995108e-04, -1.434649806469678879e-03
-7.385595887899398804e-02, 8.805670142173767090e-01, -4.681313335895538330e-01, 1.384212053380906582e-03, -7.660732371732592583e-04, -2.872108947485685349e-03
7.614380866289138794e-02, -9.432067275047302246e-01, 3.233623206615447998e-01, 2.706516534090042114e-04, 2.552871592342853546e-03, 8.809942519292235374e-04
6.501890420913696289e-01, -6.954390406608581543e-01, 3.059719502925872803e-01, -1.325858873315155506e-03, 1.298668095842003822e-03, -1.643770141527056694e-03
-4.631899595260620117e-01, 8.862564563751220703e-01, 2.123906509950757027e-03, 4.074770491570234299e-03, -3.293365705758333206e-03, 1.347201876342296600e-03
1.305899024009704590e-01, 3.990260958671569824e-01, -9.075926542282104492e-01, -1.558019430376589298e-03, -3.256920026615262032e-03, -1.870409701950848103e-03
5.502871870994567871e-01, -4.237866997718811035e-01, -7.194364666938781738e-01, 4.058182821609079838e-04, -4.790490493178367615e-03, 4.722953308373689651e-03
-6.033741831779479980e-01, 7.629020810127258301e-01, -2.322068661451339722e-01, 4.242401570081710815e-03, -2.820214722305536270e-03, 7.731568766757845879e-04
5.875596776604652405e-02, -9.456803798675537109e-01, -3.197442293167114258e-01, 4.224109870847314596e-04, -1.959227724000811577e-03, -1.512640970759093761e-03
9.842244982719421387e-01, 1.551743447780609131e-01, -8.498898893594741821e-02, -5.292646586894989014e-03, -1.910538296215236187e-03, 1.777177240001037717e-04
8.199917078018188477e-01, -3.118006587028503418e-01, 4.799936711788177490e-01, -7.306971237994730473e-04, 2.671354195626918226e-05, 2.418658550595864654e-04
4.070250988006591797e-01, -3.484208881855010986e-01, 8.443538546562194824e-01, -1.209323527291417122e-03, -9.235095931217074394e-04, 1.141792512498795986e-03
-8.987387269735336304e-02, 9.060096144676208496e-01, 4.136051833629608154e-01, 2.711657667532563210e-03, -2.084837760776281357e-03, 3.808645065873861313e-03
-2.821024134755134583e-02, -9.789698719978332520e-01, -2.020452916622161865e-01, 4.952740855515003204e-04, -2.313370350748300552e-03, -2.121916477335616946e-04
6.191884279251098633e-01, -6.652072668075561523e-01, -4.172588884830474854e-01, -3.840429999399930239e-04, 2.314221346750855446e-03, 1.728962990455329418e-03
-3.146773576736450195e-01, -4.883778095245361328e-01, -8.139197230339050293e-01, 3.759930841624736786e-03, 2.318943152204155922e-03, 4.738856514450162649e-04
-5.027351975440979004e-01, -2.878066599369049072e-01, 8.151224851608276367e-01, -1.465221517719328403e-03, 5.640301969833672047e-04, 4.088879097253084183e-03
-6.532071232795715332e-01, 6.741870641708374023e-01, -3.446626663208007812e-01, 3.701309207826852798e-03, -1.782309962436556816e-03, 6.205327808856964111e-04
2.348263114690780640e-01, 2.947806119918823242e-01, 9.262618422508239746e-01, -2.494110027328133583e-03, -1.835953677073121071e-03, 1.856616931036114693e-03
5.164362192153930664e-01, 4.382212162017822266e-01, 7.357008457183837891e-01, -2.690354362130165100e-03, -5.635581910610198975e-03, -5.956901004537940025e-04
-9.554675221443176270e-01, -7.948444783687591553e-02, 2.841900885105133057e-01, 4.231516271829605103e-03, -1.279289368540048599e-03, 4.982851678505539894e-04
9.572061896324157715e-01, 2.887637019157409668e-01, -1.928440853953361511e-02, -4.691639915108680725e-03, -4.381394537631422281e-04, 2.109890570864081383e-03
-1.345742493867874146e-01, 5.994422435760498047e-01, 7.890238761901855469e-01, 1.231911941431462765e-03, 1.684018759988248348e-03, 1.637797569856047630e-03
-5.012511014938354492e-01, -5.078241229057312012e-01, 7.006154060363769531e-01, -6.381378625519573689e-04, -1.089107245206832886e-03, 4.040993750095367432e-03
1.453702300786972046e-01, 6.783899664878845215e-01, 7.201767563819885254e-01, -2.622369676828384399e-03, -2.062809420749545097e-03, -6.481333984993398190e-04
-6.090384125709533691e-01, -7.611287832260131836e-01, -2.230587899684906006e-01, 8.436515345238149166e-04, -1.076645916327834129e-03, -3.918415401130914688e-03
7.421152591705322266e-01, -6.702527999877929688e-01, -5.106947384774684906e-03, -2.015928912442177534e-04, 8.933801436796784401e-04, -1.001762109808623791e-03
2.315805852413177490e-01, -9.164349436759948730e-01, 3.263700902462005615e-01, 1.169165945611894131e-03, 2.042189240455627441e-03, 1.760359504260122776e-03
-4.683882594108581543e-01, -1.485055536031723022e-01, 8.709526658058166504e-01, -1.250587170943617821e-03, 1.313284505158662796e-03, 3.114927560091018677e-03
6.050145998597145081e-02, 9.208880066871643066e-01, 3.851038813591003418e-01, -8.956423844210803509e-04, -4.040748812258243561e-03, 5.445441231131553650e-03
-3.092447817325592041e-01, -9.114170670509338379e-01, -2.714527547359466553e-01, 1.876289723441004753e-03, -1.782795763574540615e-03, -2.200366230681538582e-03
-5.026866868138313293e-02, -1.977166384458541870e-01, 9.789694547653198242e-01, -1.867738756118342280e-04, -2.183346077799797058e-03, 1.713002275209873915e-04
-1.822074204683303833e-01, 9.828863739967346191e-01, 2.710625901818275452e-02, 2.085662214085459709e-03, -1.258129632333293557e-04, -1.578191877342760563e-03
-8.879200220108032227e-01, -4.148989021778106689e-01, -1.986377537250518799e-01, 3.264669328927993774e-03, 5.312083521857857704e-04, -2.732117194682359695e-03
8.423944115638732910e-01, 1.664644330739974976e-01, -5.125049352645874023e-01, -1.106223557144403458e-03, -7.878599571995437145e-04, -3.535135416314005852e-03
-3.043034076690673828e-01, 7.448416948318481445e-02, -9.496586322784423828e-01, -5.778530030511319637e-04, 4.790896200574934483e-04, 1.004273770377039909e-03
-6.209978461265563965e-01, 8.136019110679626465e-02, -7.795782089233398438e-01, 2.066347951767966151e-04, 4.230209160596132278e-04, 3.682778216898441315e-03
9.919869899749755859e-01, -1.261104643344879150e-01, 7.610084488987922668e-03, -2.728677587583661079e-03, -1.236874610185623169e-03, 1.199573045596480370e-03
1.308103799819946289e-01, -8.884576559066772461e-01, -4.399223625659942627e-01, 2.260250039398670197e-03, -1.846706029027700424e-03, -2.016222337260842323e-03
-2.864423990249633789e-01, -1.249939426779747009e-01, 9.499090909957885742e-01, -1.860778080299496651e-03, -9.397878893651068211e-04, 2.646071137860417366e-03
-6.168499961495399475e-02, 9.909266233444213867e-01, 1.194129660725593567e-01, 1.254110829904675484e-03, -1.350395963527262211e-03, -3.240432997699826956e-04
8.813023567199707031e-01, -1.302134245634078979e-01, 4.542582631111145020e-01, -2.342523541301488876e-03, -3.327626036480069160e-03, 1.463138265535235405e-03
2.759104669094085693e-01, 6.935737729072570801e-01, -6.654538512229919434e-01, 9.335047798231244087e-04, -1.061604125425219536e-03, -1.486874767579138279e-03
-6.470628380775451660e-01, 7.594850063323974609e-01, -6.702394038438796997e-02, 2.008908661082386971e-03, -3.516775323078036308e-03, 2.901807893067598343e-04
6.630894541740417480e-01, -7.116764783859252930e-01, -2.320106774568557739e-01, -1.059321104548871517e-03, 1.779425190761685371e-03, 1.613834872841835022e-03
-6.275314092636108398e-01, 4.656997025012969971e-01, -6.239616274833679199e-01, -1.893282053060829639e-03, -9.976156288757920265e-04, -2.641770406626164913e-04
-6.923000812530517578e-01, -3.989772796630859375e-01, -6.012800931930541992e-01, 6.175565067678689957e-04, 3.339919494464993477e-03, -3.725449088960886002e-03
8.208640813827514648e-01, 4.341265261173248291e-01, -3.711016178131103516e-01, -2.327725291252136230e-03, -5.216557066887617111e-03, -1.921024871990084648e-03
-5.089538544416427612e-02, 3.578637838363647461e-01, 9.323857426643371582e-01, 3.522952029015868902e-04, -2.331815427169203758e-03, -1.307417638599872589e-03
3.501872122287750244e-01, 5.740743875503540039e-01, -7.401401996612548828e-01, 4.232568971929140389e-05, -2.613140270113945007e-03, -1.632739673368632793e-03
-6.672064065933227539e-01, -7.399902343750000000e-01, -8.514743298292160034e-02, -2.044462366029620171e-03, -3.474288852885365486e-03, -2.986708888784050941e-03
-3.217797875404357910e-01, -6.706078052520751953e-01, 6.683883666992187500e-01, 4.992389585822820663e-04, 1.972328464034944773e-04, 2.436346141621470451e-03
-6.735697984695434570e-01, 7.231412529945373535e-01, 1.528736799955368042e-01, 2.691216068342328072e-03, -2.038374776020646095e-03, 2.827203134074807167e-03
-9.422280788421630859e-01, 3.316129148006439209e-01, 4.731981083750724792e-02, 3.259122371673583984e-03, -3.262429265305399895e-03, -6.408154149539768696e-05
-1.657404005527496338e-01, -8.512045741081237793e-01, 4.979768097400665283e-01, -3.985911898780614138e-04, -5.640859249979257584e-03, 2.204016782343387604e-03
-1.955098807811737061e-01, -6.369490027427673340e-01, 7.457022666931152344e-01, 3.837193071376532316e-04, -5.008978769183158875e-04, 4.166729748249053955e-03
3.796691596508026123e-01, 4.396890103816986084e-01, 8.139563202857971191e-01, -3.980217967182397842e-03, -5.612719338387250900e-03, 1.054416527040302753e-03
-9.695411920547485352e-01, 2.065505385398864746e-01, 1.316310018301010132e-01, 3.362837713211774826e-03, -1.235351432114839554e-03, -5.196765414439141750e-04
-9.138550162315368652e-01, -2.139001637697219849e-01, 3.451315164566040039e-01, 3.813028568401932716e-03, -1.955923158675432205e-03, -2.552514197304844856e-04
4.183311462402343750e-01, -8.494605422019958496e-01, -3.215833604335784912e-01, 2.067268826067447662e-03, 2.729488071054220200e-03, 3.495030803605914116e-03
6.326355338096618652e-01, 4.396052956581115723e-01, 6.375887393951416016e-01, -2.283074427396059036e-03, -4.145740531384944916e-03, -1.565234852023422718e-03
-3.446648716926574707e-01, 9.309931993484497070e-01, -1.202404424548149109e-01, 3.408422926440834999e-03, -1.464704400859773159e-03, 6.642208318226039410e-04
-2.228507101535797119e-01, 8.702114820480346680e-01, -4.393968582153320312e-01, 4.791200917679816484e-04, -3.051472594961524010e-04, 2.027012378675863147e-04
7.228606939315795898e-01, 1.564229838550090790e-02, -6.908167004585266113e-01, 1.204485073685646057e-03, -7.687731413170695305e-04, -1.218846533447504044e-03
2.046686559915542603e-01, 9.290136694908142090e-01, 3.082924187183380127e-01, -3.079235553741455078e-03, -1.503808889538049698e-03, 2.449915045872330666e-03
8.185418844223022461e-01, 2.219125069677829742e-02, 5.740180611610412598e-01, -1.674872357398271561e-03, -1.086421194486320019e-03, 2.183282980695366859e-03
-4.654777944087982178e-01, -7.325242161750793457e-01, -4.967279732227325439e-01, 2.387658925727009773e-03, -1.406653900630772114e-03, -1.046433579176664352e-03
3.413811922073364258e-01, 9.223185479640960693e-03, -9.398796558380126953e-01, 6.862772628664970398e-03, -9.748555021360516548e-04, 3.917620982974767685e-03
7.493163347244262695e-01, 6.602934002876281738e-01, 5.037578195333480835e-02, 6.672069866908714175e-05, -5.567780695855617523e-03, -4.802176263183355331e-03
-9.426860809326171875e-01, 8.442024141550064087e-02, -3.228253126144409180e-01, -3.981693589594215155e-04, -1.943641807883977890e-03, 2.069881702482234687e-05
8.947884440422058105e-01, 2.602295950055122375e-02, -4.457312524318695068e-01, -1.481982413679361343e-03, 2.438355004414916039e-03, -2.269916702061891556e-03
-9.739997386932373047e-01, -1.852050274610519409e-01, -1.304742097854614258e-01, 4.120305180549621582e-03, -4.670855196309275925e-05, -2.948464360088109970e-03
-9.236389398574829102e-01, 3.691874444484710693e-01, -1.029161289334297180e-01, 1.787867164239287376e-03, -4.629238042980432510e-03, 6.294591585174202919e-04
7.986262440681457520e-01, -1.709187179803848267e-01, 5.770467519760131836e-01, -7.504675304517149925e-04, -8.268903475254774094e-04, 7.672259816899895668e-04
2.711461186408996582e-01, 9.603743553161621094e-01, 6.450410932302474976e-02, -1.446662470698356628e-03, -2.937838144134730101e-04, -1.872231252491474152e-03
6.129195913672447205e-02, -9.966964125633239746e-01, -5.328792706131935120e-02, 2.129090949892997742e-03, -7.701021386310458183e-04, -1.095222658477723598e-03
-5.027545690536499023e-01, 7.944710850715637207e-01, -3.406663239002227783e-01, 4.297181032598018646e-03, -1.009443658404052258e-03, 2.898283768445253372e-03
-6.954005956649780273e-01, 6.126365065574645996e-01, 3.756253719329833984e-01, 5.313996225595474243e-03, -1.765366294421255589e-03, 3.869894659146666527e-03
-4.812354445457458496e-01, 2.651651501655578613e-01, 8.355237245559692383e-01, 1.967381918802857399e-03, -4.135062452405691147e-03, -2.218216424807906151e-03
-2.054483145475387573e-01, -9.549989700317382812e-01, 2.139346003532409668e-01, 1.904775039292871952e-03, -3.524899715557694435e-03, 5.224340595304965973e-03
8.581451177597045898e-01, -3.942954838275909424e-01, 3.288130760192871094e-01, -2.974447561427950859e-03, 1.746885245665907860e-03, 3.681905101984739304e-03
-5.306868553161621094e-01, -5.861948728561401367e-01, -6.121658086776733398e-01, 2.252273028716444969e-03, 6.441363948397338390e-04, -1.602131058461964130e-03
4.818524718284606934e-01, 5.703045725822448730e-01, -6.652600169181823730e-01, 2.735179848968982697e-03, 4.463144287001341581e-04, -9.122951305471360683e-04
-2.299092113971710205e-01, -2.154813110828399658e-01, -9.490572214126586914e-01, 3.542484773788601160e-04, 4.141330253332853317e-03, 3.669150173664093018e-03
-2.817919850349426270e-01, 7.641142606735229492e-01, 5.802781581878662109e-01, -9.022332378663122654e-04, 2.230972750112414360e-03, 8.870507008396089077e-04
9.514082670211791992e-01, 3.896781429648399353e-02, 3.054567575454711914e-01, -5.217947997152805328e-03, 1.371286460198462009e-03, -2.627737994771450758e-04
-7.199841141700744629e-01, -1.506216917186975479e-02, -6.938270330429077148e-01, 2.742003183811903000e-03, -3.409952914807945490e-04, 2.942543709650635719e-03
-9.597011208534240723e-01, 1.862858235836029053e-01, -2.104075551033020020e-01, 5.982818038319237530e-05, -2.607244765385985374e-03, -3.284450212959200144e-04
-8.253667950630187988e-01, 5.514234900474548340e-01, 1.212507188320159912e-01, 3.048819024115800858e-03, -1.490431022830307484e-03, 4.354885604698210955e-04
-1.506657600402832031e-01, 4.738775640726089478e-02, -9.874483346939086914e-01, 1.181666273623704910e-03, 2.746175974607467651e-03, 2.998445648699998856e-03
5.263671278953552246e-01, 7.899261713027954102e-01, -3.145699203014373779e-01, 3.378979454282671213e-04, -1.237637596204876900e-03, -3.078301902860403061e-03
1.309439837932586670e-01, -6.478877663612365723e-01, 7.503966689109802246e-01, -2.114033559337258339e-03, -2.822288312017917633e-03, 2.455727197229862213e-03
7.339005917310714722e-02, 1.427254676818847656e-01, 9.870376586914062500e-01, 6.402662256732583046e-04, -5.530657246708869934e-03, -2.666496147867292166e-04
-3.964420557022094727e-01, -4.664435982704162598e-02, -9.168740510940551758e-01, -1.539521617814898491e-03, 1.807207707315683365e-03, 1.494252821430563927e-03
-2.713029384613037109e-01, -7.741668820381164551e-01, 5.718919038772583008e-01, 4.164613492321223021e-04, -3.166904905810952187e-03, 1.991760218515992165e-03
6.271780133247375488e-01, -5.683284997940063477e-01, -5.325884819030761719e-01, 1.104675975511781871e-04, -1.021377975121140480e-03, 2.146858489140868187e-03
9.246472716331481934e-01, -3.070116043090820312e-01, 2.253248095512390137e-01, -3.824254497885704041e-03, 2.442395198158919811e-04, 5.145916715264320374e-03
-4.806355834007263184e-01, 8.866591006517410278e-02, 8.724263906478881836e-01, -2.156163827748969197e-04, -2.525320276618003845e-03, -2.851379977073520422e-04
3.845112621784210205e-01, -2.047917693853378296e-01, 9.001174569129943848e-01, -1.006167382001876831e-03, -1.501030172221362591e-03, -4.905822570435702801e-04
-8.920092582702636719e-01, 4.214294254779815674e-01, 1.634528189897537231e-01, 3.678516019135713577e-03, -1.768277608789503574e-03, -1.299746683798730373e-03
7.219849228858947754e-01, -5.801374912261962891e-01, 3.770652413368225098e-01, -1.894645276479423046e-03, 2.878637285903096199e-03, -8.381680236198008060e-04
6.395145058631896973e-01, -5.769425034523010254e-01, 5.080930590629577637e-01, 2.405629347776994109e-04, -3.615864261519163847e-04, -1.233453513123095036e-03
-5.341472625732421875e-01, -7.677031159400939941e-01, -3.540036380290985107e-01, 2.979497425258159637e-03, -8.499527029925957322e-05, -2.968471264466643333e-03
2.870202958583831787e-01, -1.825095266103744507e-01, -9.403773546218872070e-01, 4.853434860706329346e-03, -1.591870532138273120e-04, 2.135847695171833038e-03
7.254467010498046875e-01, -6.070356965065002441e-01, -3.243991136550903320e-01, -2.318054670467972755e-03, 2.590697549749165773e-04, -1.094245235435664654e-03
3.043338954448699951e-01, 7.966333627700805664e-01, -5.222606062889099121e-01, 2.796533051878213882e-03, 1.969185890629887581e-03, -2.053313946817070246e-04
7.643561363220214844e-01, -2.537764012813568115e-01, -5.927539467811584473e-01, 3.030155319720506668e-03, -2.076467499136924744e-03, -9.668840793892741203e-04
-9.316080808639526367e-01, -2.575705945491790771e-01, -2.564446032047271729e-01, 3.843077225610613823e-03, -5.607129423879086971e-04, -2.437833696603775024e-03
-5.333495140075683594e-01, -8.403491973876953125e-01, -9.670289605855941772e-02, -5.832830211147665977e-04, -1.783592510037124157e-03, -3.964790143072605133e-03
5.165275931358337402e-01, -6.403118968009948730e-01, 5.685067176818847656e-01, 1.113737933337688446e-03, -4.998969845473766327e-03, 1.185967354103922844e-03
-1.688828766345977783e-01, 4.449415504932403564e-01, -8.794916868209838867e-01, 4.775147419422864914e-03, -1.634043874219059944e-03, 3.512832801789045334e-03
-5.148431286215782166e-02, 1.627502888441085815e-01, -9.853231310844421387e-01, 3.960043191909790039e-03, -6.613145815208554268e-04, 2.969030523672699928e-03
-7.515875250101089478e-02, -5.035591721534729004e-01, 8.606854081153869629e-01, 1.042270334437489510e-03, -5.427374853752553463e-04, 1.946083153598010540e-03
3.900054097175598145e-01, 1.523830294609069824e-01, -9.081162810325622559e-01, 4.853969439864158630e-03, -4.018652252852916718e-03, 1.560332602821290493e-03
6.998129934072494507e-02, 5.343982577323913574e-01, -8.423307538032531738e-01, -2.503428608179092407e-03, 2.748303268162999302e-05, -1.529371482320129871e-03
5.131827592849731445e-01, 3.086737096309661865e-01, -8.008520007133483887e-01, 1.983504975214600563e-03, -4.553981125354766846e-03, -1.229048823006451130e-03
-3.644187152385711670e-01, -5.479061603546142578e-01, 7.529926300048828125e-01, 4.324669425841420889e-04, -1.228126347996294498e-04, 2.509207697585225105e-03
-1.502635031938552856e-01, -9.451914429664611816e-01, -2.898859977722167969e-01, 6.289054872468113899e-04, -2.972271526232361794e-03, -1.910709077492356300e-03
2.671529650688171387e-01, -3.872202038764953613e-01, 8.824340105056762695e-01, -7.327006896957755089e-04, 1.318990834988653660e-04, 1.238607335835695267e-03
1.130670607089996338e-01, -4.841800928115844727e-01, -8.676320910453796387e-01, 1.674498547799885273e-03, -2.386271720752120018e-03, -1.867211190983653069e-03
-1.774764992296695709e-02, -2.195310741662979126e-01, -9.754440784454345703e-01, 7.321502780541777611e-04, 2.833501901477575302e-03, 3.976434469223022461e-03
-3.057556748390197754e-01, 4.748031198978424072e-01, -8.252729773521423340e-01, 5.961912218481302261e-03, -3.076448105275630951e-03, 1.391868921928107738e-03
-7.482617497444152832e-01, -4.668012559413909912e-01, 4.713819324970245361e-01, 1.805865322239696980e-03, -1.521597034297883511e-03, 2.567811170592904091e-03
2.892771959304809570e-01, -7.948347330093383789e-01, 5.334383845329284668e-01, -1.761914812959730625e-03, -3.041740041226148605e-03, 1.686410163529217243e-03
-4.146080911159515381e-01, 8.951458334922790527e-01, 1.637500077486038208e-01, 2.686143619939684868e-03, -1.732839737087488174e-03, -9.142503358816611581e-07
6.610385179519653320e-01, -7.434946894645690918e-01, 1.012115925550460815e-01, 1.377897278871387243e-04, 1.416357001289725304e-03, -1.570865395478904247e-03
9.333129525184631348e-01, 3.153626620769500732e-01, -1.716777831315994263e-01, -6.029022857546806335e-03, -3.463373053818941116e-03, 8.269399986602365971e-04
1.926996558904647827e-02, 7.986496686935424805e-01, -6.014876961708068848e-01, 1.239309087395668030e-03, -1.335683977231383324e-03, -4.217043984681367874e-03
-7.866726517677307129e-01, -4.084152281284332275e-01, -4.629720747470855713e-01, 1.207472640089690685e-03, 1.718589686788618565e-03, -4.261553753167390823e-03
-2.540433406829833984e-01, 3.224088251590728760e-01, -9.118741750717163086e-01, 4.850237630307674408e-03, -4.699853714555501938e-03, 2.274609636515378952e-03
-5.849074125289916992e-01, 3.629800975322723389e-01, -7.253473401069641113e-01, -1.824529841542243958e-03, -6.131414556875824928e-04, 6.982331397011876106e-04
6.056804060935974121e-01, 1.699392870068550110e-02, 7.955265045166015625e-01, -1.911116414703428745e-03, 3.119800239801406860e-03, 1.158050959929823875e-03
-1.551189422607421875e-01, 8.315806388854980469e-01, 5.333026647567749023e-01, 1.747686997987329960e-03, 8.142527076415717602e-04, 2.170386258512735367e-03
-8.963850140571594238e-01, 3.586966395378112793e-01, -2.604431807994842529e-01, -3.331328334752470255e-04, -3.511502873152494431e-03, 6.692508468404412270e-04
-5.907726883888244629e-01, -8.059554100036621094e-01, 3.772801160812377930e-02, -2.634113654494285583e-03, -3.437076695263385773e-03, -3.289466956630349159e-03
-7.482535243034362793e-01, -1.558781415224075317e-01, -6.448400020599365234e-01, 2.792879939079284668e-03, -5.232514922681730241e-06, 9.451267542317509651e-04
8.413093090057373047e-01, -4.178807437419891357e-01, -3.428912758827209473e-01, -1.295476569794118404e-03, -2.165233017876744270e-03, -4.155833274126052856e-03
4.073537290096282959e-01, 4.308546781539916992e-01, -8.052497506141662598e-01, 3.297229995951056480e-04, -4.819768015295267105e-03, -2.351077273488044739e-03
5.333816409111022949e-01, -2.938300669193267822e-01, -7.932010293006896973e-01, 1.447303686290979385e-03, -3.991067409515380859e-03, 2.714290982112288475e-03
-1.719402968883514404e-01, -4.746584296226501465e-01, -8.632125258445739746e-01, 2.829327480867505074e-03, 3.420907596591860056e-04, 9.118082816712558270e-04
-9.226158261299133301e-02, -7.277219891548156738e-01, -6.796385645866394043e-01, 1.053638523444533348e-03, -2.521094633266329765e-03, 3.884252510033547878e-05
1.905689090490341187e-01, 9.797506928443908691e-01, -6.141804531216621399e-02, 6.784349679946899414e-04, -3.472249256446957588e-03, -1.147701404988765717e-03
6.185838580131530762e-01, -3.582743704319000244e-01, 6.992806792259216309e-01, -3.782649000640958548e-04, 1.284392084926366806e-03, -9.023040183819830418e-04
8.349555134773254395e-01, 5.499651432037353516e-01, -1.968797482550144196e-02, -1.909986254759132862e-03, -2.947297878563404083e-03, -1.159228617325425148e-03
-1.443288624286651611e-01, -6.040120720863342285e-01, -7.837975621223449707e-01, 1.622290350496768951e-03, -1.139566535130143166e-03, 9.813192300498485565e-04
-8.240246772766113281e-01, 4.275671392679214478e-02, -5.649382472038269043e-01, 1.756824785843491554e-03, 1.686191390035673976e-04, 2.667648484930396080e-03
-4.799155294895172119e-01, 1.238707974553108215e-01, -8.685258030891418457e-01, -1.102843321859836578e-03, -5.819051875732839108e-04, 2.108691260218620300e-03
-1.170723419636487961e-02, 6.634616255760192871e-01, -7.481186985969543457e-01, 2.021815598709508777e-04, 7.351609528996050358e-04, -1.747088739648461342e-03
-4.053178429603576660e-01, -3.333024084568023682e-01, -8.512502312660217285e-01, 3.910991363227367401e-03, 4.239360336214303970e-03, 5.849714507348835468e-04
-3.760330006480216980e-02, 9.976543784141540527e-01, -5.719796940684318542e-02, 2.214020816609263420e-03, -2.200991846621036530e-03, -1.793781411834061146e-03
7.400994300842285156e-01, -6.440863013267517090e-01, 1.934053897857666016e-01, -1.528144814074039459e-03, 3.401502268388867378e-03, -2.049677423201501369e-04
-3.921942114830017090e-01, 3.440108895301818848e-01, -8.531355261802673340e-01, 3.213262418285012245e-03, -4.382180981338024139e-03, 8.233741973526775837e-04
8.215289711952209473e-01, 4.271090626716613770e-01, 3.777142465114593506e-01, -3.057762514799833298e-03, -3.919167444109916687e-03, -1.609556260518729687e-03
-8.634791010990738869e-04, -5.752200484275817871e-01, -8.179982304573059082e-01, 2.377663971856236458e-03, -2.045706380158662796e-03, -1.349540252704173326e-04
5.094701051712036133e-01, -1.363952308893203735e-01, 8.496096134185791016e-01, -2.188218990340828896e-03, 5.503494176082313061e-04, -7.586803403683006763e-04
-2.312349826097488403e-01, -5.125103592872619629e-01, 8.269603848457336426e-01, 1.409917953424155712e-03, -4.222659626975655556e-04, 2.100236481055617332e-03
-3.361594974994659424e-01, -9.336118698120117188e-01, 1.239581257104873657e-01, 1.938777626492083073e-03, -4.087443929165601730e-03, 5.589899141341447830e-03
1.526676211506128311e-02, -9.949048757553100586e-01, 9.965547174215316772e-02, 2.327384427189826965e-03, 1.998534193262457848e-03, -2.094159572152420878e-04
-6.333479285240173340e-01, -7.019110918045043945e-01, 3.258699774742126465e-01, 2.790442958939820528e-04, 7.387312361970543861e-04, -1.766622648574411869e-03
1.900259256362915039e-01, 6.668400485068559647e-03, -9.817564487457275391e-01, 6.643808446824550629e-03, 7.033625734038650990e-04, 5.982108879834413528e-03
7.759449481964111328e-01, -4.501610696315765381e-01, 4.418873786926269531e-01, -1.237616408616304398e-03, 2.776075853034853935e-03, -3.800580161623656750e-04
9.017358422279357910e-01, 3.083215057849884033e-01, 3.030022084712982178e-01, -2.932464703917503357e-03, 7.633893401362001896e-04, 2.670422509254422039e-05
-1.580717712640762329e-01, 7.011491656303405762e-01, -6.952720284461975098e-01, 3.155983984470367432e-03, 5.575458635576069355e-04, -1.705318863969296217e-04
-1.221961602568626404e-01, -3.238673508167266846e-01, -9.381780028343200684e-01, 1.259961165487766266e-03, 1.635016524232923985e-03, 2.477344358339905739e-03
5.253686904907226562e-01, -8.293374776840209961e-01, -1.902288049459457397e-01, 6.592546706087887287e-04, 2.098936121910810471e-03, 3.757714061066508293e-03
7.435345053672790527e-01, 3.099450170993804932e-01, -5.925288796424865723e-01, 1.004772377200424671e-03, -3.713796148076653481e-03, -3.648201469331979752e-03
-9.965105354785919189e-02, -9.215530157089233398e-01, 3.752461671829223633e-01, -4.668302062782458961e-05, -3.593351691961288452e-03, 2.055198419839143753e-03
-5.922948718070983887e-01, -6.552994251251220703e-01, -4.687956869602203369e-01, 3.206197870895266533e-03, -6.809654296375811100e-04, -2.142839366570115089e-03
9.128735065460205078e-01, 1.734200567007064819e-01, 3.695774078369140625e-01, -4.024018533527851105e-03, 1.577884890139102936e-03, -1.150193929788656533e-04
1.485594920814037323e-02, 9.684566259384155273e-01, 2.487387806177139282e-01, 1.975427439901977777e-04, -2.558991778641939163e-03, 3.004373516887426376e-03
-9.050571322441101074e-01, 2.374921143054962158e-01, -3.528018295764923096e-01, -2.229432575404644012e-03, -1.083106035366654396e-03, 4.138195654377341270e-04
4.274900555610656738e-01, 7.962673306465148926e-01, -4.280311167240142822e-01, 2.265720395371317863e-03, 1.951341866515576839e-03, -9.936401620507240295e-04
8.316401839256286621e-01, -5.084497928619384766e-01, -2.232788652181625366e-01, -2.594707068055868149e-03, -1.912338659167289734e-03, -4.483464639633893967e-03
6.498423218727111816e-01, 1.502133309841156006e-01, -7.450777888298034668e-01, 1.544866361655294895e-03, -2.896033693104982376e-03, -6.823096191510558128e-04
-2.104407995939254761e-01, 1.844080388545989990e-01, 9.600564241409301758e-01, -1.554122893139719963e-03, -5.060579162091016769e-03, -1.121942652389407158e-03
3.747003674507141113e-01, -2.926423251628875732e-01, -8.797500133514404297e-01, 2.136572496965527534e-03, -2.171970903873443604e-03, 1.107883988879621029e-03
-4.818344861268997192e-02, -6.275616884231567383e-01, 7.770744562149047852e-01, -6.050353986211121082e-04, -1.640190952457487583e-03, 4.193817265331745148e-03
8.529026061296463013e-02, 4.360288977622985840e-01, 8.958818912506103516e-01, -1.337136491201817989e-03, -1.960758119821548462e-03, 4.210073675494641066e-04
-9.713639020919799805e-01, 2.281212210655212402e-01, -6.642933934926986694e-02, 2.417983021587133408e-03, -2.945332555100321770e-03, 2.442219993099570274e-04
-8.667280673980712891e-01, -3.631342053413391113e-01, -3.419297039508819580e-01, 2.682101214304566383e-03, 5.548488115891814232e-04, -3.360798582434654236e-03
9.109128117561340332e-01, 1.633563041687011719e-01, -3.788833916187286377e-01, -3.802970750257372856e-03, -1.422365661710500717e-03, -3.530747722834348679e-03
-8.559540510177612305e-01, 3.728621900081634521e-01, 3.582129478454589844e-01, 1.833972171880304813e-03, -8.486532897222787142e-05, -2.655531279742717743e-03
-9.949067607522010803e-03, 6.702200770378112793e-01, 7.420957088470458984e-01, -3.259582736063748598e-04, 4.328668583184480667e-04, 1.202555606141686440e-03
7.212926447391510010e-02, 7.747073769569396973e-01, 6.281925439834594727e-01, -1.881321659311652184e-03, -1.988322241231799126e-03, 1.687133102677762508e-03
1.094142645597457886e-01, -6.542752981185913086e-01, -7.482996582984924316e-01, 3.805782878771424294e-03, -3.340510884299874306e-03, -2.520844282116740942e-04
-2.045741379261016846e-01, 6.926557421684265137e-01, 6.916483044624328613e-01, 2.375201438553631306e-04, 2.912680851295590401e-03, 1.968187279999256134e-03
4.841223359107971191e-01, -8.012098670005798340e-01, 3.516934216022491455e-01, 2.166147896787151694e-04, -2.204591641202569008e-03, 3.603213699534535408e-04
2.784623205661773682e-01, -8.599005341529846191e-01, -4.278197288513183594e-01, 3.504545195028185844e-03, -2.521245623938739300e-04, -5.085613156552426517e-05
1.796439439058303833e-01, -9.829462170600891113e-01, 3.930266946554183960e-02, 3.846083302050828934e-03, -9.411287028342485428e-04, -2.782450523227453232e-03
6.497191190719604492e-01, 7.510405778884887695e-01, 1.174867302179336548e-01, 1.550393062643706799e-03, -6.237355526536703110e-03, -4.918070044368505478e-03
6.349751949310302734e-01, 1.594329923391342163e-01, 7.559018731117248535e-01, -1.180088613182306290e-03, 1.150399097241461277e-03, 1.047097146511077881e-03
5.821204781532287598e-01, 7.665405869483947754e-01, 2.712034583091735840e-01, 1.871804939582943916e-03, -5.796270444989204407e-03, -3.517054487019777298e-03
-1.326490789651870728e-01, 7.999598979949951172e-01, -5.852079987525939941e-01, 1.461864216253161430e-03, -9.068878134712576866e-04, -1.973798964172601700e-03
2.124527245759963989e-01, -9.284067153930664062e-01, -3.048357665538787842e-01, 1.467113499529659748e-03, -5.841982783749699593e-04, 7.413955754600465298e-04
8.098202943801879883e-01, -5.231246352195739746e-01, 2.655780315399169922e-01, -2.985941711813211441e-03, 4.074617754667997360e-03, 2.588070230558514595e-03
4.321728050708770752e-01, 6.809451580047607422e-01, 5.912193059921264648e-01, -2.321434440091252327e-03, -1.312937121838331223e-03, -2.269975608214735985e-03
2.646347582340240479e-01, 9.448822140693664551e-01, -1.927850842475891113e-01, 6.651567528024315834e-04, -3.359618829563260078e-03, 1.108280193875543773e-04
9.995775222778320312e-01, 2.891445159912109375e-02, -2.953926334157586098e-03, -4.145512823015451431e-03, -5.293547874316573143e-04, 1.867129030870273709e-04
7.558460235595703125e-01, 1.583802849054336548e-01, 6.353050470352172852e-01, -9.872261434793472290e-04, -1.605908910278230906e-04, 1.199708087369799614e-03
3.586341440677642822e-02, 1.104061724618077278e-03, -9.993560910224914551e-01, 4.019410815089941025e-03, 3.229441819712519646e-03, 6.231994368135929108e-03
-3.556590378284454346e-01, 2.103440165519714355e-01, -9.106382727622985840e-01, 1.442778273485600948e-03, -3.201206214725971222e-03, 1.134184654802083969e-03
-4.544815719127655029e-01, -4.512594342231750488e-01, -7.679917812347412109e-01, 3.747781738638877869e-03, 4.216286353766918182e-03, -1.090596080757677555e-03
-3.459396362304687500e-01, 4.446435570716857910e-01, 8.262069225311279297e-01, 2.863590838387608528e-03, -1.281193923205137253e-03, -6.674626492895185947e-04
-8.289826512336730957e-01, -5.463182330131530762e-01, -1.196836158633232117e-01, 1.405408489517867565e-03, -1.720036729238927364e-03, -1.294429675908759236e-04
9.857612103223800659e-02, -2.287008613348007202e-01, 9.684929847717285156e-01, 2.659679448697715998e-04, -1.624327385798096657e-03, -2.123074809787794948e-04
-7.422794699668884277e-01, 6.695294380187988281e-01, 2.741334773600101471e-02, 6.611637072637677193e-04, -2.133541041985154152e-03, 6.156621384434401989e-04
5.236337184906005859e-01, 1.570243090391159058e-01, -8.373476266860961914e-01, 3.050957340747117996e-03, -3.573747351765632629e-03, 4.371156683191657066e-04
-4.687220752239227295e-01, -8.519548177719116211e-01, -2.333936840295791626e-01, 1.847108243964612484e-03, -1.057141344062983990e-04, -3.843233222141861916e-03
4.991084337234497070e-01, 8.640344738960266113e-01, -6.584221124649047852e-02, -1.744968467392027378e-03, -2.536331070587038994e-03, -2.855560975149273872e-03
-7.171741127967834473e-01, 5.507394075393676758e-01, -4.270215630531311035e-01, 1.000037416815757751e-03, -2.100010169669985771e-03, 1.275506336241960526e-03
3.485144376754760742e-01, 8.797261118888854980e-01, -3.234497308731079102e-01, 6.580393528565764427e-04, -5.107535398565232754e-04, -1.494989373895805329e-05
3.822970986366271973e-01, 2.991206645965576172e-01, -8.742858171463012695e-01, 1.810925547033548355e-03, -6.088808644562959671e-03, -1.507572014816105366e-03
-4.608143270015716553e-01, -6.334568262100219727e-01, 6.215968132019042969e-01, 4.851857374887913465e-04, 5.869100568816065788e-04, 1.655820989981293678e-03
6.913962364196777344e-01, 5.657978653907775879e-01, -4.492706060409545898e-01, 1.827678410336375237e-03, -2.085846383124589920e-03, -3.401491558179259300e-03
6.547170281410217285e-01, -3.104483485221862793e-01, -6.891788244247436523e-01, 2.307012211531400681e-03, -4.709184169769287109e-03, 1.781795988790690899e-03
-4.735894873738288879e-02, -9.708225131034851074e-01, 2.350760102272033691e-01, 1.190025359392166138e-03, 9.670480503700673580e-04, 1.653334591537714005e-03
-8.184589147567749023e-01, 4.522078037261962891e-01, -3.544476628303527832e-01, -4.354772099759429693e-04, -2.992215333506464958e-03, 1.633153297007083893e-03
-5.522403120994567871e-01, 6.995868086814880371e-01, -4.534411728382110596e-01, 3.558249445632100105e-03, -1.316540583502501249e-04, 1.284307683818042278e-03
-7.618340253829956055e-01, 5.818666815757751465e-01, -2.846754491329193115e-01, 1.670148456469178200e-03, -3.410436678677797318e-03, 1.837128511397168040e-04
-3.042417466640472412e-01, 6.836596131324768066e-01, -6.633599400520324707e-01, 4.246496129781007767e-03, 2.848773146979510784e-05, 1.689224882284179330e-04
-5.808998346328735352e-01, 8.118237853050231934e-01, 5.913937091827392578e-02, 2.724457764998078346e-03, -3.598447656258940697e-03, 1.963218208402395248e-03
9.634162187576293945e-01, -2.553499042987823486e-01, 8.139781653881072998e-02, -3.028236096724867821e-03, -1.810477988328784704e-04, 3.357259323820471764e-03
-7.491469979286193848e-01, 6.203615665435791016e-01, 2.322289347648620605e-01, 5.036517512053251266e-03, -7.359479786828160286e-04, 2.366627333685755730e-03
6.243892312049865723e-01, 6.817626357078552246e-01, -3.812320232391357422e-01, 1.993770478293299675e-03, -1.038210350088775158e-03, -3.484518034383654594e-03
-5.765509605407714844e-01, -4.544583559036254883e-01, -6.790115237236022949e-01, 1.957919448614120483e-03, 3.955651540309190750e-03, -2.818898763507604599e-03
1.170977950096130371e-01, -8.008913397789001465e-01, 5.872488021850585938e-01, -3.866193583235144615e-03, -1.569645013660192490e-03, 1.480685081332921982e-03
-5.160487890243530273e-01, 5.876542329788208008e-01, 6.231822967529296875e-01, 3.029588551726192236e-04, -2.540953923016786575e-03, 3.787202294915914536e-03
9.836621284484863281e-01, 1.654215455055236816e-01, 7.102436572313308716e-02, -4.604389425367116928e-03, 2.215075539425015450e-03, 1.097861211746931076e-03
-1.921453326940536499e-01, -2.419574111700057983e-01, 9.510713815689086914e-01, -1.566089922562241554e-04, -2.874012570828199387e-04, 6.247949204407632351e-04
-4.080492258071899414e-01, -5.798747539520263672e-01, -7.051532268524169922e-01, 2.163843717426061630e-03, 9.519524173811078072e-04, -2.846688148565590382e-04
8.738374114036560059e-01, 4.335640072822570801e-01, 2.200691848993301392e-01, -1.814271556213498116e-03, -2.996174618601799011e-03, -1.289222855120897293e-03
1.865506619215011597e-01, 8.719595670700073242e-01, 4.526425600051879883e-01, -3.746178466826677322e-03, -3.527765162289142609e-03, 3.220457118004560471e-03
-1.044657304883003235e-01, 3.069784343242645264e-01, -9.459657073020935059e-01, 3.991873003542423248e-03, -3.110122634097933769e-03, 2.457006368786096573e-03
-8.201696276664733887e-01, 4.978778362274169922e-01, 2.818500995635986328e-01, 5.120217334479093552e-03, -1.408732059644535184e-04, -4.589385061990469694e-04
-1.459011733531951904e-01, -9.861207604408264160e-01, 7.923818379640579224e-02, 1.799127552658319473e-03, 6.885153652547160164e-06, 4.888739436864852905e-03
-7.178165912628173828e-01, -8.924164623022079468e-02, 6.904891133308410645e-01, 7.770746015012264252e-04, 2.682707272469997406e-03, 4.617278464138507843e-04
-6.120512485504150391e-01, 6.076934337615966797e-01, 5.060651302337646484e-01, 2.209386322647333145e-03, -3.126806346699595451e-03, 4.808466415852308273e-03
6.589720845222473145e-01, -4.420247673988342285e-01, -6.085802316665649414e-01, 1.244696439243853092e-03, -4.110897891223430634e-03, 2.627822104841470718e-03
-6.640162467956542969e-01, -6.687843203544616699e-01, -3.343800306320190430e-01, 2.645777538418769836e-03, -1.072922372259199619e-03, -2.894333796575665474e-03
2.688941657543182373e-01, -4.662753343582153320e-01, -8.427830338478088379e-01, 8.647536742500960827e-04, -2.936747856438159943e-03, -4.101722151972353458e-04
-2.549208104610443115e-01, -8.990107774734497070e-01, 3.560828566551208496e-01, 1.635265653021633625e-03, -7.513292133808135986e-03, 3.116534557193517685e-03
4.453399404883384705e-02, 2.803435325622558594e-01, -9.588661193847656250e-01, 2.553204540163278580e-03, -2.963953651487827301e-03, 1.254899310879409313e-03
-8.681614398956298828e-01, 2.429943978786468506e-01, 4.327232241630554199e-01, -1.061281422153115273e-03, -7.592739420942962170e-04, -2.485903212800621986e-03
7.278084754943847656e-01, 6.543204188346862793e-01, 2.053281515836715698e-01, 1.549450826132670045e-04, -8.894897997379302979e-03, -5.606320686638355255e-03
6.239902377128601074e-01, -1.776341795921325684e-01, -7.609745860099792480e-01, 2.377318916842341423e-03, -3.033615415915846825e-03, 2.862029359675943851e-04
4.700721204280853271e-01, -1.756693720817565918e-01, -8.649696707725524902e-01, 3.492730669677257538e-03, -1.695724087767302990e-03, 1.482664607465267181e-03
-8.479296565055847168e-01, 4.895626604557037354e-01, -2.033315896987915039e-01, 7.010693079791963100e-04, -4.595516715198755264e-03, 4.469795385375618935e-04
-4.767937660217285156e-01, -8.656307458877563477e-01, 1.528105288743972778e-01, -1.763709296938031912e-04, -4.220151342451572418e-03, 7.071967702358961105e-04
6.213694810867309570e-01, 7.830424308776855469e-01, -2.728533186018466949e-02, -1.464530359953641891e-04, -3.769836854189634323e-03, -3.860386088490486145e-03
-1.985907852649688721e-01, 3.306444883346557617e-01, 9.226244688034057617e-01, 7.928757113404572010e-04, -2.692851237952709198e-03, -1.959681045264005661e-03
