2.573150396347045898e-02, 7.638720562681555748e-04, 9.996685981750488281e-01, 6.973227858543395996e-01, 1.024765849113464355e+00, -1.873216219246387482e-02
-4.308832287788391113e-01, 8.717392683029174805e-01, -2.332600355148315430e-01, 6.580067873001098633e-01, 5.462222099304199219e-01, 8.258563876152038574e-01
5.732805132865905762e-01, -7.908711433410644531e-01, 2.141782045364379883e-01, 3.574863672256469727e-01, 2.505960166454315186e-01, -3.151960298418998718e-02
-5.448510646820068359e-01, 7.234352231025695801e-01, 4.240033626556396484e-01, 3.214048147201538086e-01, 1.358134597539901733e-01, 1.812851577997207642e-01
3.502561151981353760e-01, -8.445971012115478516e-01, 4.049400091171264648e-01, 5.467727780342102051e-01, 1.687049418687820435e-01, -1.210619136691093445e-01
3.168854117393493652e-01, -7.726483941078186035e-01, -5.500891804695129395e-01, 1.789802789688110352e+00, 3.241728246212005615e-01, 5.757080316543579102e-01
7.310130000114440918e-01, 4.369696974754333496e-01, 5.240968465805053711e-01, 2.994041144847869873e-01, -5.103684067726135254e-01, 7.913110777735710144e-03
-1.634778345760423690e-05, -8.446015119552612305e-01, -5.353954434394836426e-01, 1.300463080406188965e+00, -2.394647598266601562e-01, 3.777227699756622314e-01
-7.620441317558288574e-01, -6.473800539970397949e-01, -1.370522566139698029e-02, 4.594165831804275513e-02, -6.179875507950782776e-02, 3.646571040153503418e-01
-7.330010533332824707e-01, -5.420000553131103516e-01, -4.110298156738281250e-01, -2.174716293811798096e-01, -1.006453782320022583e-01, 5.205381512641906738e-01
9.217363595962524414e-01, -3.020108044147491455e-01, -2.432931065559387207e-01, 9.299269318580627441e-02, 5.309027433395385742e-01, -3.067231476306915283e-01
8.666272759437561035e-01, -2.840457558631896973e-01, -4.102135300636291504e-01, 4.157759621739387512e-02, 1.016696810722351074e+00, -6.161575317382812500e-01
3.617472350597381592e-01, -4.863452911376953125e-01, 7.953661084175109863e-01, -1.093533188104629517e-01, -1.834448099136352539e+00, -1.071980357170104980e+00
9.033330082893371582e-01, 4.229287803173065186e-01, 7.155920565128326416e-02, 1.968931704759597778e-01, -4.571700096130371094e-01, 2.164678573608398438e-01
2.446794658899307251e-01, -2.471854686737060547e-01, 9.375666975975036621e-01, 7.486938834190368652e-01, -3.706377029418945312e+00, -1.172559261322021484e+00
9.687827825546264648e-01, -1.678916662931442261e-01, -1.824073195457458496e-01, 6.872436404228210449e-02, 5.994730591773986816e-01, -1.867663562297821045e-01
8.624888211488723755e-02, 9.814985990524291992e-01, -1.709431558847427368e-01, 9.742786288261413574e-01, 3.585385158658027649e-02, 6.974303722381591797e-01
-7.930733561515808105e-01, 2.224735319614410400e-01, 5.670451521873474121e-01, -6.941182613372802734e-01, -2.021258831024169922e+00, -1.777813881635665894e-01
-3.741960227489471436e-01, -8.890626430511474609e-01, 2.637137472629547119e-01, 4.918608665466308594e-01, -1.188555583357810974e-01, 2.972250580787658691e-01
-1.499815434217453003e-01, -8.404048681259155273e-01, -5.207929015159606934e-01, 1.002681732177734375e+00, -3.632186949253082275e-01, 2.973677217960357666e-01
-9.279130101203918457e-01, -1.363305151462554932e-01, -3.469749093055725098e-01, -7.533534765243530273e-01, 2.306079119443893433e-01, 1.924080133438110352e+00
-9.698236584663391113e-01, -1.801246553659439087e-01, 1.643079817295074463e-01, -4.136426150798797607e-01, 1.603218436241149902e+00, -6.839669346809387207e-01
-2.513231337070465088e-01, -6.761191785335540771e-02, -9.655388593673706055e-01, -5.212190151214599609e-01, 1.117838144302368164e+00, 5.739303678274154663e-02
7.990173697471618652e-01, 5.781483054161071777e-01, -1.652745753526687622e-01, 2.641242444515228271e-01, -2.342032641172409058e-01, 4.576363265514373779e-01
3.399768769741058350e-01, -9.163726568222045898e-01, -2.113690376281738281e-01, 1.039646387100219727e+00, 2.785661518573760986e-01, 4.645209312438964844e-01
-8.056377768516540527e-01, 5.862482190132141113e-01, -8.521038293838500977e-02, 1.783300489187240601e-01, 3.826430737972259521e-01, 9.465325474739074707e-01
-2.278953790664672852e-01, -7.519491910934448242e-01, -6.185758709907531738e-01, 9.033190608024597168e-01, -4.179548323154449463e-01, 1.752712428569793701e-01
6.098153591156005859e-01, 1.358214579522609711e-02, -7.924271225929260254e-01, 6.216795921325683594e+00, 3.071616291999816895e-01, 4.789423942565917969e+00
6.475281715393066406e-01, -1.969781219959259033e-01, 7.361432313919067383e-01, 4.769138395786285400e-01, 4.223573803901672363e-01, -3.064892292022705078e-01
-3.761863410472869873e-01, 8.030838966369628906e-01, 4.621039628982543945e-01, 3.882276713848114014e-01, 2.118351496756076813e-02, 2.792311310768127441e-01
-5.622022747993469238e-01, -3.021777234971523285e-02, 8.264474868774414062e-01, 1.249478936195373535e+00, -1.882121086120605469e+00, 7.811584472656250000e-01
-5.956331491470336914e-01, -7.794703245162963867e-01, 1.940287351608276367e-01, 3.832042813301086426e-01, -2.055061459541320801e-01, 3.507894575595855713e-01
-3.767742216587066650e-01, -1.954367905855178833e-01, -9.054532647132873535e-01, 4.402927160263061523e-01, 6.215181350708007812e-01, -3.173641860485076904e-01
1.762268990278244019e-01, 6.897079292684793472e-03, 9.843254089355468750e-01, 9.040939807891845703e-01, -1.305850863456726074e+00, -1.527128368616104126e-01
2.394256889820098877e-01, 4.334381520748138428e-01, 8.687961101531982422e-01, 1.636593639850616455e-01, -3.509624004364013672e-01, 1.299916505813598633e-01
3.244194984436035156e-01, 9.236816763877868652e-01, 2.038729339838027954e-01, 6.411299705505371094e-01, -2.853231430053710938e-01, 2.724868655204772949e-01
7.684700489044189453e-01, -3.822064101696014404e-01, -5.131977796554565430e-01, 7.232390046119689941e-01, 1.783932805061340332e+00, -2.456033527851104736e-01
-2.817673981189727783e-01, 5.824403762817382812e-01, 7.624764442443847656e-01, 2.574799954891204834e-01, -1.824037581682205200e-01, 2.344843447208404541e-01
-9.939600229263305664e-01, 1.076283827424049377e-01, 2.143476717174053192e-02, 4.112882018089294434e-01, 3.803145408630371094e+00, -2.436847053468227386e-02
5.044350624084472656e-01, -6.658082008361816406e-01, -5.497677922248840332e-01, 1.914187669754028320e+00, 8.303783535957336426e-01, 7.506998181343078613e-01
-8.452200889587402344e-01, -3.869010508060455322e-01, 3.686605095863342285e-01, -5.266989395022392273e-02, -4.235562682151794434e-01, -5.652680993080139160e-01
9.288927912712097168e-01, -1.663037687540054321e-01, -3.309097290039062500e-01, -1.332540959119796753e-01, 5.865916013717651367e-01, -6.688566207885742188e-01
-5.061776638031005859e-01, 5.653563737869262695e-01, -6.512728929519653320e-01, 2.134590148925781250e-01, 1.552119612693786621e+00, 1.181459307670593262e+00
-8.977102488279342651e-02, -9.938234090805053711e-01, -6.523971259593963623e-02, 7.612392306327819824e-01, -9.117688983678817749e-02, 3.414561152458190918e-01
2.303062379360198975e-01, -7.101060152053833008e-01, -6.653634309768676758e-01, 2.199516534805297852e+00, 7.951764762401580811e-02, 6.764670014381408691e-01
1.634821668267250061e-02, -7.284029722213745117e-01, 6.849538683891296387e-01, 2.347019761800765991e-01, -1.864522546529769897e-01, -2.038813680410385132e-01
9.408438205718994141e-01, 3.024247884750366211e-01, 1.528139412403106689e-01, 5.695523694157600403e-02, -1.918702125549316406e-01, 2.905704267323017120e-02
-8.710780143737792969e-01, -1.411665529012680054e-01, 4.704201221466064453e-01, -4.588398039340972900e-01, -2.152952194213867188e+00, -1.495705842971801758e+00
-1.045367494225502014e-01, -9.675481915473937988e-02, -9.898033142089843750e-01, -2.096020430326461792e-01, 8.821461796760559082e-01, -6.409432739019393921e-02
9.519168138504028320e-01, 3.247001767158508301e-02, -3.046311736106872559e-01, -1.155595481395721436e-01, 5.165545940399169922e-01, -3.060439825057983398e-01
-2.937306463718414307e-01, -3.829920887947082520e-01, 8.758078217506408691e-01, -1.691412806510925293e+00, 5.729593634605407715e-01, -3.167143166065216064e-01
9.528609514236450195e-01, -1.624644100666046143e-01, 2.562448382377624512e-01, -2.138383537530899048e-01, -7.279100418090820312e-01, 3.336603343486785889e-01
-8.287003040313720703e-01, 3.337891697883605957e-01, -4.492667615413665771e-01, -8.443664908409118652e-01, 1.232183337211608887e+00, 2.472954034805297852e+00
-1.397166103124618530e-01, -7.521888613700866699e-02, 9.873304367065429688e-01, -1.390959262847900391e+00, 2.305692434310913086e+00, -2.117679268121719360e-02
-2.410261332988739014e-01, 8.774408102035522461e-01, 4.147337377071380615e-01, 5.234556198120117188e-01, -9.842749685049057007e-03, 3.250348567962646484e-01
1.322644948959350586e-01, 6.905758976936340332e-01, -7.110633254051208496e-01, 2.054276466369628906e+00, 6.334641575813293457e-01, 9.973273277282714844e-01
-6.672160029411315918e-01, 4.717407748103141785e-02, 7.433689832687377930e-01, 2.094502210617065430e+00, -3.094259262084960938e+00, 2.076296329498291016e+00
8.277869820594787598e-01, 5.454716682434082031e-01, 1.312606334686279297e-01, 3.283584117889404297e-01, -5.453428626060485840e-01, 1.954758465290069580e-01
4.344615936279296875e-01, 8.559274077415466309e-01, 2.804130017757415771e-01, 5.332587361335754395e-01, -3.222595453262329102e-01, 1.574475020170211792e-01
2.220335006713867188e-01, 7.889695167541503906e-01, 5.729120969772338867e-01, 5.740264058113098145e-01, -2.513527870178222656e-01, 1.236779391765594482e-01
6.834260821342468262e-01, 6.884738802909851074e-01, -2.427601367235183716e-01, 6.863687634468078613e-01, -4.399263262748718262e-01, 6.846449971199035645e-01
-9.896226525306701660e-01, 6.400249898433685303e-02, -1.286494880914688110e-01, -1.007831543684005737e-01, 1.800847649574279785e+00, 1.671176791191101074e+00
-3.695594966411590576e-01, -9.199878573417663574e-01, -1.305686384439468384e-01, 5.030937194824218750e-01, -2.575899362564086914e-01, 3.910322785377502441e-01
6.304520368576049805e-01, -7.701352238655090332e-01, -9.706678986549377441e-02, 7.573738694190979004e-01, 5.849674940109252930e-01, 2.779922783374786377e-01
7.368154823780059814e-02, 5.673152804374694824e-01, 8.201977610588073730e-01, 3.378044366836547852e-01, -1.071517020463943481e-01, 4.376852512359619141e-02
4.398058056831359863e-01, -7.728579640388488770e-01, -4.574510753154754639e-01, 1.453002572059631348e+00, 5.422169566154479980e-01, 4.808870255947113037e-01
-8.155375719070434570e-01, -4.710223525762557983e-02, 5.767840147018432617e-01, 1.802786588668823242e-01, -3.628568887710571289e+00, -4.141876101493835449e-02
7.921741157770156860e-02, -3.406897783279418945e-01, -9.368324875831604004e-01, 4.160713672637939453e+00, -2.750803828239440918e-01, 4.518609941005706787e-01
1.536912918090820312e-01, 9.727700948715209961e-01, 1.734858602285385132e-01, 6.832361817359924316e-01, -1.700008511543273926e-01, 3.479494154453277588e-01
-2.116005420684814453e-01, -9.655247330665588379e-01, -1.516150981187820435e-01, 7.079006433486938477e-01, -2.149185836315155029e-01, 3.806813955307006836e-01
2.107481360435485840e-01, 5.654061436653137207e-01, -7.974340915679931641e-01, 2.974360466003417969e+00, 6.149962544441223145e-01, 1.222124338150024414e+00
-7.454484701156616211e-01, -6.324260830879211426e-01, -2.105796784162521362e-01, -1.538154035806655884e-01, 4.605725035071372986e-02, 4.061818718910217285e-01
2.401750683784484863e-01, 2.934404611587524414e-01, -9.253154397010803223e-01, 7.637663841247558594e+00, 4.045269489288330078e-01, 2.110718965530395508e+00
-3.589751422405242920e-01, -2.490309625864028931e-01, 8.995112180709838867e-01, -2.640493154525756836e+00, 9.306127429008483887e-01, -7.961212992668151855e-01
-5.169128626585006714e-02, 4.967344701290130615e-01, 8.663618564605712891e-01, 4.072000682353973389e-01, 3.278352692723274231e-02, 5.498842336237430573e-03
3.776768445968627930e-01, 2.981625795364379883e-01, 8.766180872917175293e-01, 3.888340890407562256e-01, -5.645940303802490234e-01, 2.451144345104694366e-02
-7.677819132804870605e-01, 8.328246325254440308e-02, 6.352754831314086914e-01, 4.747686088085174561e-01, -3.383155107498168945e+00, 1.017316460609436035e+00
-4.576008319854736328e-01, 4.489014446735382080e-01, -7.675213217735290527e-01, 5.073753595352172852e-01, 2.019963979721069336e+00, 8.789194822311401367e-01
9.047895669937133789e-01, -4.048776030540466309e-01, -1.320224553346633911e-01, 5.134109854698181152e-01, 1.101061582565307617e+00, 1.418981254100799561e-01
5.476547479629516602e-01, -7.672532796859741211e-01, -3.337613642215728760e-01, 9.758568406105041504e-01, 5.486165881156921387e-01, 3.400776088237762451e-01
-2.872001230716705322e-01, 7.845724821090698242e-01, -5.495108962059020996e-01, 7.357262969017028809e-01, 8.955215215682983398e-01, 8.940693140029907227e-01
8.957260251045227051e-01, 2.370531298220157623e-02, 4.439739584922790527e-01, 3.446045815944671631e-01, -1.290072798728942871e+00, -6.263649463653564453e-01
-8.564674258232116699e-01, 1.000367701053619385e-01, 5.064150094985961914e-01, -1.129228115081787109e+00, -2.423023939132690430e+00, -1.431149721145629883e+00
2.307613044977188110e-01, 8.778032660484313965e-01, -4.197745919227600098e-01, 1.280415177345275879e+00, 8.870083093643188477e-02, 8.893633484840393066e-01
-6.969474554061889648e-01, -7.091358900070190430e-01, 1.067264378070831299e-01, 2.410848140716552734e-01, -1.855440288782119751e-01, 3.415041267871856689e-01
-1.338509470224380493e-01, 9.516986012458801270e-01, 2.763215601444244385e-01, 6.402636766433715820e-01, -1.068521197885274887e-02, 3.469472527503967285e-01
7.544060349464416504e-01, 1.582831889390945435e-01, -6.370384693145751953e-01, 9.497068524360656738e-01, 9.220259189605712891e-01, 1.353773474693298340e+00
7.895560860633850098e-01, 5.428807735443115234e-01, 2.861496508121490479e-01, 3.133198618888854980e-01, -4.324097633361816406e-01, -4.416103661060333252e-02
-2.638732790946960449e-01, -3.547939360141754150e-01, -8.969348669052124023e-01, 8.937049508094787598e-01, -1.684001535177230835e-01, -1.963102221488952637e-01
-6.813719272613525391e-01, 4.817098081111907959e-01, 5.510789752006530762e-01, -4.514069482684135437e-02, -1.906301528215408325e-01, 1.108204349875450134e-01
5.338820815086364746e-01, 4.362846612930297852e-01, -7.243103981018066406e-01, 3.917987585067749023e+00, -2.894034981727600098e-01, 2.713589429855346680e+00
-4.012368023395538330e-01, -8.366314172744750977e-01, -3.729034960269927979e-01, 5.631101727485656738e-01, -4.118601083755493164e-01, 3.181374967098236084e-01
2.174694538116455078e-01, -5.180718302726745605e-01, 8.272294998168945312e-01, 2.165868729352951050e-01, -1.738482952117919922e+00, -1.145703792572021484e+00
-7.347329258918762207e-01, 4.314282834529876709e-01, -5.234854817390441895e-01, 1.897947192192077637e-01, 2.478476285934448242e+00, 1.776241064071655273e+00
3.794302046298980713e-01, -6.655233502388000488e-01, -6.427373886108398438e-01, 2.284213304519653320e+00, 4.413393735885620117e-01, 8.914648890495300293e-01
8.178365826606750488e-01, 2.789345756173133850e-02, -5.747740268707275391e-01, -2.664626240730285645e-01, 2.408698558807373047e+00, -2.622525691986083984e-01
5.759203433990478516e-01, -5.131413936614990234e-01, 6.363973617553710938e-01, 6.598220467567443848e-01, 4.409779310226440430e-01, -2.415486276149749756e-01
-2.723575830459594727e-01, -6.450042128562927246e-01, -7.139964699745178223e-01, 8.534081578254699707e-01, -4.124278426170349121e-01, 4.703872650861740112e-02
-4.395541548728942871e-01, -8.981713652610778809e-01, 8.961752057075500488e-03, 4.343483746051788330e-01, -2.086849212646484375e-01, 3.888552486896514893e-01
7.674716711044311523e-01, -6.239939332008361816e-01, -1.470333933830261230e-01, 6.209148764610290527e-01, 7.403221130371093750e-01, 9.914811700582504272e-02
7.228559255599975586e-01, 1.749004423618316650e-02, 6.907773017883300781e-01, 3.871742784976959229e-01, -8.361529558897018433e-02, -4.030369520187377930e-01
2.670101225376129150e-01, 4.388600289821624756e-01, -8.579670190811157227e-01, 5.097120285034179688e+00, 5.442932248115539551e-01, 1.864700198173522949e+00
-7.638965249061584473e-01, 4.870957732200622559e-01, 4.233199656009674072e-01, -1.581510156393051147e-01, -1.531632989645004272e-01, -1.091510429978370667e-01
3.715668320655822754e-01, -6.845824718475341797e-01, 6.271243095397949219e-01, 4.317951500415802002e-01, -1.001747325062751770e-01, -3.651885688304901123e-01
8.475988358259201050e-02, 2.956393361091613770e-01, 9.515320062637329102e-01, 5.197993516921997070e-01, -5.786002427339553833e-02, -2.832530252635478973e-02
3.669014275074005127e-01, 5.694134235382080078e-01, 7.356301546096801758e-01, 5.296411514282226562e-01, -3.100239634513854980e-01, -2.418918535113334656e-02
9.002794027328491211e-01, 4.281840920448303223e-01, -7.845667749643325806e-02, 1.613914668560028076e-01, -2.829895317554473877e-01, 3.075047135353088379e-01
4.750212132930755615e-01, 7.816161513328552246e-01, 4.042660892009735107e-01, 4.384160637855529785e-01, -2.971499860286712646e-01, 5.936757102608680725e-02
-8.880038857460021973e-01, -4.598086476325988770e-01, -5.016468930989503860e-03, -8.877512067556381226e-02, 1.665454208850860596e-01, 4.492446184158325195e-01
-7.168592214584350586e-01, 6.759123802185058594e-01, -1.710416972637176514e-01, 2.618002891540527344e-01, 5.499293208122253418e-01, 1.075936913490295410e+00
-7.794618606567382812e-01, -1.969747394323348999e-01, 5.946765542030334473e-01, 1.190824747085571289e+00, -3.120531082153320312e+00, 5.272388458251953125e-01
2.843039631843566895e-01, -9.444041848182678223e-01, 1.651423424482345581e-01, 6.072223782539367676e-01, 2.044198960065841675e-01, 1.236466094851493835e-01
-1.448045074939727783e-01, -3.804331421852111816e-01, 9.134014844894409180e-01, -5.546070933341979980e-01, 7.017721533775329590e-01, 2.043655365705490112e-01
-3.750847280025482178e-01, 5.694435238838195801e-01, -7.314680218696594238e-01, 6.539518237113952637e-01, 1.532440781593322754e+00, 8.576604127883911133e-01
-2.739879786968231201e-01, 9.278185963630676270e-01, -2.531467080116271973e-01, 8.361709117889404297e-01, 4.492254257202148438e-01, 7.414630651473999023e-01
2.642026171088218689e-02, -8.898528218269348145e-01, 4.554820060729980469e-01, 5.871624946594238281e-01, 1.669128052890300751e-02, -1.449461677111685276e-03
-3.494856953620910645e-01, 1.388960927724838257e-01, 9.265892505645751953e-01, -1.960925459861755371e+00, 1.986510157585144043e-01, -7.693885564804077148e-01
-3.267187476158142090e-01, -7.996919155120849609e-01, -5.037338733673095703e-01, 6.799046993255615234e-01, -3.983216285705566406e-01, 1.913648694753646851e-01
3.255736827850341797e-01, 8.562667295336723328e-03, 9.454779028892517090e-01, 6.048198938369750977e-01, -2.958715677261352539e+00, -1.814732104539871216e-01
-5.408027172088623047e-01, -7.109745144844055176e-01, 4.494971632957458496e-01, 3.903177082538604736e-01, -1.813803315162658691e-01, 1.827110052108764648e-01
5.082916021347045898e-01, 5.631421208381652832e-01, 6.515448093414306641e-01, 6.123946905136108398e-01, -3.939263820648193359e-01, -1.372715383768081665e-01
5.016149878501892090e-01, 1.619511544704437256e-01, 8.497965931892395020e-01, 7.559382319450378418e-01, -1.035938620567321777e+00, -2.487871646881103516e-01
2.648048400878906250e-01, -9.602085947990417480e-01, -8.875755220651626587e-02, 9.794587492942810059e-01, 2.358419150114059448e-01, 3.707627058029174805e-01
-4.129973351955413818e-01, -7.443311810493469238e-01, 5.247898101806640625e-01, 3.879825472831726074e-01, -1.337897628545761108e-01, 1.155736446380615234e-01
5.241442322731018066e-01, 3.006002008914947510e-01, 7.968138456344604492e-01, 7.664291858673095703e-01, -4.475191235542297363e-01, -3.353294134140014648e-01
-9.310126900672912598e-01, 1.413461714982986450e-01, 3.365065157413482666e-01, -7.346961498260498047e-01, 7.878459095954895020e-01, -2.363610982894897461e+00
2.214927226305007935e-01, 1.497011035680770874e-01, 9.636029005050659180e-01, 4.902216792106628418e-01, -1.038707375526428223e+00, 4.868718236684799194e-02
7.302115559577941895e-01, -3.022486269474029541e-01, 6.127290129661560059e-01, 9.016818404197692871e-01, 2.984369099140167236e-01, -9.273535013198852539e-01
-6.321945190429687500e-01, -1.127996370196342468e-01, -7.665548324584960938e-01, -4.319114983081817627e-01, 2.130734920501708984e+00, 4.266612231731414795e-02
1.203202679753303528e-01, -4.164610207080841064e-01, 9.011566042900085449e-01, 8.058277964591979980e-01, -1.608434200286865234e+00, -8.509149551391601562e-01
3.903136253356933594e-01, -5.467029213905334473e-01, -7.407909035682678223e-01, 2.857883930206298828e+00, 3.777734935283660889e-01, 1.226987600326538086e+00
8.469649553298950195e-01, 2.912481129169464111e-01, 4.447751045227050781e-01, 2.445081621408462524e-01, -4.424826204776763916e-01, -1.758588105440139771e-01
4.657983481884002686e-01, -8.746253252029418945e-01, 1.343964189291000366e-01, 6.068542599678039551e-01, 3.382640480995178223e-01, 9.808743000030517578e-02
5.527047514915466309e-01, -8.331696987152099609e-01, 1.859350688755512238e-02, 7.559311985969543457e-01, 5.075660943984985352e-01, 2.733185589313507080e-01
3.230770528316497803e-01, 8.647717237472534180e-01, 3.844361007213592529e-01, 5.496696233749389648e-01, -2.813121080398559570e-01, 1.708609163761138916e-01
1.708351671695709229e-01, 7.864182591438293457e-01, -5.936005711555480957e-01, 1.720934748649597168e+00, 3.988683819770812988e-01, 1.023707866668701172e+00
-7.810251712799072266e-01, -2.828716039657592773e-01, -5.567613840103149414e-01, -7.010912895202636719e-01, 3.934478759765625000e-01, 7.835937142372131348e-01
-2.438890039920806885e-01, 9.548284411430358887e-01, 1.697667539119720459e-01, 6.389113068580627441e-01, 8.873670548200607300e-02, 4.187811911106109619e-01
8.486422896385192871e-01, 1.539111584424972534e-01, 5.060806870460510254e-01, 3.198304176330566406e-01, -8.458148837089538574e-01, -2.790884375572204590e-01
-8.177554011344909668e-01, -5.668256878852844238e-01, 9.992342442274093628e-02, 1.187193393707275391e-01, -1.075047180056571960e-01, 3.617464900016784668e-01
-4.396708309650421143e-01, 6.829838752746582031e-01, -5.832859873771667480e-01, 3.440394401550292969e-01, 1.049060702323913574e+00, 9.690399765968322754e-01
-4.217726886272430420e-01, 7.770247459411621094e-01, -4.672690033912658691e-01, 5.875290632247924805e-01, 8.589619398117065430e-01, 8.980501294136047363e-01
9.215643405914306641e-01, -3.877511322498321533e-01, 1.918920874595642090e-02, 5.658402442932128906e-01, 1.391871094703674316e+00, 9.506082534790039062e-01
9.560016989707946777e-01, 1.773898303508758545e-01, -2.336527556180953979e-01, 1.576123945415019989e-02, 9.365335851907730103e-02, 1.355897635221481323e-01
-7.322915792465209961e-01, -3.592733740806579590e-01, 5.785081386566162109e-01, 1.139150500297546387e+00, -1.597513914108276367e+00, 4.498573839664459229e-01
9.603744149208068848e-01, -2.702346146106719971e-01, -6.822222471237182617e-02, 4.354369342327117920e-01, 1.422618389129638672e+00, 4.945861697196960449e-01
5.816546082496643066e-01, 7.949866652488708496e-01, -1.722617745399475098e-01, 7.434523701667785645e-01, -4.036154747009277344e-01, 6.476396918296813965e-01
4.308881461620330811e-01, -7.481846213340759277e-01, 5.045346617698669434e-01, 5.550262928009033203e-01, 1.537349671125411987e-01, -2.460328787565231323e-01
-5.881037116050720215e-01, -6.000127196311950684e-01, 5.423271656036376953e-01, 4.864339232444763184e-01, -3.056867718696594238e-01, 1.892909854650497437e-01
4.231607615947723389e-01, -4.144708216190338135e-01, -8.056977987289428711e-01, 4.229321956634521484e+00, 3.751941621303558350e-01, 2.028274059295654297e+00
-7.863471657037734985e-02, 5.550433993339538574e-01, -8.280962705612182617e-01, 1.216908574104309082e+00, 1.489588141441345215e+00, 8.828620314598083496e-01
2.302007824182510376e-01, -3.348364830017089844e-01, -9.137243032455444336e-01, 6.499538898468017578e+00, -5.154027938842773438e-01, 1.826343655586242676e+00
-8.654627203941345215e-01, -2.395353019237518311e-01, -4.399966597557067871e-01, -7.313838005065917969e-01, 3.150041103363037109e-01, 1.267125129699707031e+00
-4.841620624065399170e-01, 4.033694267272949219e-01, 7.764536142349243164e-01, 3.493153452873229980e-01, -5.393916964530944824e-01, 4.980327785015106201e-01
4.381282627582550049e-01, -8.947183489799499512e-01, -8.673370629549026489e-02, 9.319495558738708496e-01, 4.190602004528045654e-01, 3.847705423831939697e-01
9.875697493553161621e-01, 3.890757635235786438e-02, 1.522901505231857300e-01, -8.442836254835128784e-02, 4.972213804721832275e-01, 4.204684793949127197e-01
1.702902168035507202e-01, -8.075270056724548340e-01, -5.647135376930236816e-01, 1.668018937110900879e+00, 1.824055984616279602e-02, 4.769100844860076904e-01
9.247633814811706543e-02, 8.683040142059326172e-01, -4.873358905315399170e-01, 1.228329539299011230e+00, 3.616234064102172852e-01, 8.774040341377258301e-01
5.194708704948425293e-01, -5.540358424186706543e-01, -6.505338549613952637e-01, 2.293557643890380859e+00, 1.039807796478271484e+00, 9.459087252616882324e-01
8.966484069824218750e-01, -2.508428990840911865e-01, 3.648280203342437744e-01, -2.424789518117904663e-01, -2.112804889678955078e+00, -8.567427396774291992e-01
-8.282833099365234375e-01, -2.869454026222229004e-01, 4.812578558921813965e-01, 2.085475325584411621e-01, -1.634228467941284180e+00, -6.154660582542419434e-01
1.598682105541229248e-01, 9.398413896560668945e-01, -3.018945455551147461e-01, 1.077061414718627930e+00, 6.073334813117980957e-02, 7.594293951988220215e-01
-1.440917104482650757e-01, -7.449551224708557129e-01, 6.513673663139343262e-01, 2.965418994426727295e-01, -7.823172211647033691e-02, -2.387269213795661926e-02
7.228806614875793457e-01, 5.481579899787902832e-01, 4.206737577915191650e-01, 2.942189872264862061e-01, -3.500234782695770264e-01, -4.948500171303749084e-02
-5.805120468139648438e-01, 4.607517123222351074e-01, 6.713520884513854980e-01, 4.125422537326812744e-01, -2.086092084646224976e-01, 4.998908936977386475e-01
-3.267723917961120605e-01, 9.006085395812988281e-01, 2.865730524063110352e-01, 6.216564774513244629e-01, 1.033041477203369141e-01, 3.842077255249023438e-01
1.763609945774078369e-01, -8.692874312400817871e-01, 4.617750346660614014e-01, 6.335217356681823730e-01, 6.828723847866058350e-02, -1.134043186902999878e-01
-2.162412973120808601e-03, -3.390516936779022217e-01, 9.407652616500854492e-01, 6.903062462806701660e-01, 2.603088319301605225e-02, 1.096824277192354202e-02
-1.991332918405532837e-01, 1.878920793533325195e-01, -9.617912769317626953e-01, -1.185824871063232422e+00, 1.928224563598632812e+00, 6.222091913223266602e-01
2.895844280719757080e-01, 6.831214427947998047e-01, 6.704370975494384766e-01, 5.367664694786071777e-01, -3.020401298999786377e-01, 7.590699940919876099e-02
-6.231259107589721680e-01, 7.241440415382385254e-01, 2.955158054828643799e-01, 4.249835014343261719e-01, 2.382739186286926270e-01, 3.122458755970001221e-01
-6.279886513948440552e-02, 2.136014550924301147e-01, 9.749003648757934570e-01, 1.618874222040176392e-01, 9.103812575340270996e-01, -1.890371739864349365e-01
-6.977810263633728027e-01, 3.509132564067840576e-01, 6.244689822196960449e-01, 7.548284530639648438e-02, -8.309105634689331055e-01, 5.512652397155761719e-01
-2.010592669248580933e-01, 4.796862304210662842e-01, 8.540938496589660645e-01, 8.953952044248580933e-02, -2.641610614955425262e-02, 3.591431304812431335e-02
-5.848497152328491211e-01, 1.636859029531478882e-01, 7.944543957710266113e-01, 1.352876901626586914e+00, -1.855693936347961426e+00, 1.378279924392700195e+00
-3.416723310947418213e-01, 2.949264049530029297e-01, 8.923443555831909180e-01, -9.592253565788269043e-01, -2.720445394515991211e-01, -2.773678302764892578e-01
-9.337664246559143066e-01, -3.467192649841308594e-01, 8.869073539972305298e-02, -1.566279083490371704e-01, 4.865017235279083252e-01, 2.528520524501800537e-01
-3.543625026941299438e-02, -8.187270760536193848e-01, 5.730884075164794922e-01, 3.500695228576660156e-01, -7.012987136840820312e-02, -7.854298502206802368e-02
-7.963436841964721680e-02, 7.610385417938232422e-01, 6.438001990318298340e-01, 4.161629378795623779e-01, -2.945782989263534546e-02, 8.629915863275527954e-02
7.337649911642074585e-02, 9.961695671081542969e-01, 4.756105691194534302e-02, 7.534751892089843750e-01, -7.872286438941955566e-02, 4.864052832126617432e-01
-6.978754401206970215e-01, 2.108902931213378906e-01, 6.844670772552490234e-01, 7.994570732116699219e-01, -2.046354055404663086e+00, 1.445617556571960449e+00
-5.376085042953491211e-01, -3.244072794914245605e-01, -7.782910466194152832e-01, -7.727532088756561279e-02, 6.489845514297485352e-01, -2.171314209699630737e-01
4.454212486743927002e-01, -5.696974992752075195e-01, 6.906841993331909180e-01, 2.447429150342941284e-01, -2.469682395458221436e-01, -3.615413606166839600e-01
-3.934242129325866699e-01, -2.436106093227863312e-02, 9.190342426300048828e-01, -2.362022876739501953e+00, 4.316790997982025146e-01, -9.997024536132812500e-01
6.486061215400695801e-01, 3.027502596378326416e-01, 6.983211040496826172e-01, 5.693464875221252441e-01, -6.127697825431823730e-01, -2.631531059741973877e-01
-9.701234102249145508e-01, -3.879100456833839417e-02, -2.394909262657165527e-01, -5.612612962722778320e-01, 5.579906105995178223e-01, 2.183162927627563477e+00
-9.745240807533264160e-01, 6.192927435040473938e-02, 2.155635356903076172e-01, -2.242564707994461060e-01, 2.954739570617675781e+00, -1.862690687179565430e+00
3.576443195343017578e-01, 7.834727764129638672e-01, 5.081937909126281738e-01, 5.461826324462890625e-01, -3.207187056541442871e-01, 1.100668162107467651e-01
-5.298231244087219238e-01, -1.906311698257923126e-02, -8.478938937187194824e-01, 2.937701046466827393e-01, 2.134646892547607422e+00, -2.315610796213150024e-01
-4.266532063484191895e-01, -4.168191850185394287e-01, 8.026386499404907227e-01, -8.354653120040893555e-01, 2.004639804363250732e-02, -4.336923360824584961e-01
4.984246492385864258e-01, -4.349574446678161621e-01, 7.499232292175292969e-01, 6.123067066073417664e-02, -6.307958364486694336e-01, -4.065592586994171143e-01
-6.327863335609436035e-01, -4.745943546295166016e-01, 6.118346452713012695e-01, 8.806152939796447754e-01, -6.873719096183776855e-01, 3.775832355022430420e-01
5.152159929275512695e-01, 8.431707024574279785e-01, 1.536740213632583618e-01, 6.322931647300720215e-01, -4.343321323394775391e-01, 2.632102072238922119e-01
6.361156105995178223e-01, 2.972288429737091064e-01, -7.120476961135864258e-01, 3.632967710494995117e+00, -5.909849405288696289e-01, 2.998857736587524414e+00
-2.363644093275070190e-01, -8.843489289283752441e-01, -4.025653004646301270e-01, 8.136465549468994141e-01, -3.638895153999328613e-01, 3.216577172279357910e-01
-3.274116516113281250e-01, 9.443215727806091309e-01, 3.253274783492088318e-02, 5.746484994888305664e-01, 1.818432062864303589e-01, 5.049731135368347168e-01
2.898092269897460938e-01, -6.133411526679992676e-01, 7.347266674041748047e-01, 1.226482689380645752e-01, -8.573336005210876465e-01, -7.640698552131652832e-01
-7.978924512863159180e-01, 2.293467074632644653e-01, -5.574654340744018555e-01, -7.073137760162353516e-01, 2.799375057220458984e+00, 2.164058208465576172e+00
-6.126414984464645386e-02, 9.760615229606628418e-01, -2.086880207061767578e-01, 9.478519558906555176e-01, 2.156835943460464478e-01, 7.305215597152709961e-01
3.905643820762634277e-01, -8.816135525703430176e-01, 2.649849355220794678e-01, 4.800413846969604492e-01, 2.088354527950286865e-01, -1.273622270673513412e-02
-9.147877693176269531e-01, 1.855101669207215309e-03, 4.039306640625000000e-01, -1.107911825180053711e+00, -9.278511404991149902e-01, -2.504842758178710938e+00
-6.786445975303649902e-01, -2.605430781841278076e-01, 6.867014169692993164e-01, 2.060529947280883789e+00, -2.317249059677124023e+00, 1.157161355018615723e+00
-5.306910872459411621e-01, 8.385134339332580566e-01, -1.235402822494506836e-01, 4.784311950206756592e-01, 4.194968342781066895e-01, 7.920864224433898926e-01
8.502101302146911621e-01, -5.234308838844299316e-01, -5.623964220285415649e-02, 7.099611163139343262e-01, 1.108778715133666992e+00, 4.133574366569519043e-01
-3.528530299663543701e-01, 8.618584871292114258e-01, -3.642727434635162354e-01, 7.924078702926635742e-01, 6.768994927406311035e-01, 8.339577913284301758e-01
-4.569537043571472168e-01, 7.030299901962280273e-01, 5.449239015579223633e-01, 2.611778676509857178e-01, 4.771424573846161366e-04, 2.183988392353057861e-01
-7.882162332534790039e-01, -5.225838422775268555e-01, 3.249943554401397705e-01, 1.000768989324569702e-01, -1.888955235481262207e-01, -6.102108955383300781e-02
-6.995315551757812500e-01, 3.305815458297729492e-01, -6.335388422012329102e-01, 1.138468682765960693e-01, 3.702149152755737305e+00, 1.806081533432006836e+00
8.646578192710876465e-01, 4.503060281276702881e-01, -2.226912081241607666e-01, 1.564165353775024414e-01, -4.901459813117980957e-02, 5.082159042358398438e-01
-5.112316608428955078e-01, -1.706888973712921143e-01, -8.423226475715637207e-01, 1.876305639743804932e-01, 1.225066661834716797e+00, -3.621272444725036621e-01
4.831722080707550049e-01, 1.229121256619691849e-02, -8.754390478134155273e-01, 1.245368576049804688e+01, -1.094532966613769531e+00, 6.858069896697998047e+00
7.187616825103759766e-01, 6.884645819664001465e-01, -9.694446623325347900e-02, 4.358325004577636719e-01, -3.870787620544433594e-01, 4.824377894401550293e-01
-1.120973229408264160e-01, 7.235857844352722168e-02, 9.910592436790466309e-01, -6.847180128097534180e-01, 1.859303355216979980e+00, -2.131977528333663940e-01
-1.758615300059318542e-02, 4.229621589183807373e-01, -9.059767127037048340e-01, 4.098362028598785400e-01, 1.563236951828002930e+00, 7.218536734580993652e-01
-2.772429287433624268e-01, -9.606797695159912109e-01, -1.518982276320457458e-02, 5.861576795578002930e-01, -1.748358309268951416e-01, 3.590018749237060547e-01
-6.010429859161376953e-01, 3.152171373367309570e-01, 7.344286441802978516e-01, 8.471266031265258789e-01, -9.496139883995056152e-01, 1.100847721099853516e+00
9.594977498054504395e-01, 1.693530976772308350e-01, 2.251301407814025879e-01, 1.552388130221515894e-04, 1.020217388868331909e-01, -7.740700244903564453e-02
-9.969971776008605957e-01, -6.213195994496345520e-02, -4.622008651494979858e-02, -1.897588074207305908e-01, 2.689532041549682617e+00, 4.777814745903015137e-01
-3.712993264198303223e-01, -7.006101608276367188e-01, -6.093293428421020508e-01, 5.365849733352661133e-01, -3.186191916465759277e-01, 3.937803953886032104e-02
-3.806904554367065430e-01, -8.320395350456237793e-01, 4.034661650657653809e-01, 4.092201888561248779e-01, -9.020793437957763672e-02, 2.000902593135833740e-01
4.363607168197631836e-01, 8.769115209579467773e-01, -2.015328407287597656e-01, 9.067918658256530762e-01, -2.933821380138397217e-01, 6.868269443511962891e-01
-8.107447624206542969e-01, -5.122082829475402832e-01, -2.834354043006896973e-01, -3.444247245788574219e-01, 2.843726873397827148e-01, 4.712978601455688477e-01
-6.410244703292846680e-01, 2.235764414072036743e-01, -7.342351078987121582e-01, -1.869313791394233704e-02, 4.051931381225585938e+00, 1.250143289566040039e+00
-6.028469204902648926e-01, -1.675316542387008667e-01, 7.800697088241577148e-01, 1.830530881881713867e+00, -2.020513057708740234e+00, 9.807199835777282715e-01
6.498526930809020996e-01, 4.299433231353759766e-01, -6.267696022987365723e-01, 2.264233350753784180e+00, -5.649123191833496094e-01, 1.960110783576965332e+00
8.951519727706909180e-01, 3.057990968227386475e-01, -3.243297636508941650e-01, 1.114520579576492310e-01, 3.630610108375549316e-01, 6.499257683753967285e-01
6.922177672386169434e-01, -4.433481991291046143e-01, 5.694531798362731934e-01, 8.690774440765380859e-01, 1.307228803634643555e-01, -9.546616077423095703e-01
4.069513678550720215e-01, 6.958800554275512695e-01, -5.917274951934814453e-01, 2.112698316574096680e+00, 6.517279893159866333e-02, 1.529619693756103516e+00
-5.134935379028320312e-01, -7.936764955520629883e-01, 3.261931836605072021e-01, 4.146434366703033447e-01, -1.534905880689620972e-01, 2.792665660381317139e-01
8.806959986686706543e-01, -4.474323391914367676e-01, 1.554956585168838501e-01, -2.664766088128089905e-02, 2.245316654443740845e-01, 7.970075607299804688e-01
2.243226915597915649e-01, 5.632852315902709961e-01, 7.952289581298828125e-01, 2.915028035640716553e-01, -2.621949911117553711e-01, 1.034920439124107361e-01
-6.185104325413703918e-02, -9.087390303611755371e-01, -4.127563536167144775e-01, 1.056496262550354004e+00, -2.414365559816360474e-01, 3.732406198978424072e-01
-2.549964785575866699e-01, 2.351220883429050446e-02, 9.666560888290405273e-01, -2.604565620422363281e+00, 1.664841890335083008e+00, -7.275587916374206543e-01
-5.391260981559753418e-01, 8.171594738960266113e-01, 2.039444744586944580e-01, 5.452692508697509766e-01, 2.569063007831573486e-01, 4.120507836341857910e-01
-5.789158940315246582e-01, -3.808429241180419922e-01, 7.209819555282592773e-01, 9.404036402702331543e-01, -7.998713254928588867e-01, 3.325871229171752930e-01
5.521207302808761597e-02, -7.575154900550842285e-01, -6.504783034324645996e-01, 1.759758114814758301e+00, -2.395012080669403076e-01, 4.282783269882202148e-01
6.283512711524963379e-01, 5.580461025238037109e-01, 5.419955849647521973e-01, 3.993502259254455566e-01, -4.049881398677825928e-01, -4.599702358245849609e-02
-8.722537159919738770e-01, -4.526824653148651123e-01, 1.850733011960983276e-01, 2.961494401097297668e-02, -2.191895619034767151e-03, 1.342144459486007690e-01
6.547095179557800293e-01, 6.659519672393798828e-01, 3.575800061225891113e-01, 3.719099164009094238e-01, -3.525404036045074463e-01, -2.438049390912055969e-02
8.479585051536560059e-01, -1.642689853906631470e-01, -5.039663314819335938e-01, -2.110387235879898071e-01, 2.315589189529418945e+00, -1.109858989715576172e+00
5.640740990638732910e-01, -7.005562782287597656e-01, 4.370826184749603271e-01, 4.120276272296905518e-01, 4.912384971976280212e-02, -4.530037939548492432e-01
5.268851518630981445e-01, 6.907036900520324707e-01, -4.952982664108276367e-01, 1.725934028625488281e+00, -3.280564546585083008e-01, 1.378521442413330078e+00
1.366442535072565079e-02, 8.563729524612426758e-01, 5.161769390106201172e-01, 5.406647920608520508e-01, -1.020866632461547852e-01, 1.550561040639877319e-01
2.498986124992370605e-01, -5.952572226524353027e-01, -7.636880874633789062e-01, 2.772047281265258789e+00, 4.677794128656387329e-02, 8.706248998641967773e-01
1.380200684070587158e-01, -9.736565351486206055e-01, -1.815028488636016846e-01, 1.037636160850524902e+00, 7.019141316413879395e-02, 4.125130474567413330e-01
2.461373209953308105e-01, 1.447154432535171509e-01, -9.583704471588134766e-01, 1.103649425506591797e+01, -3.373907208442687988e-01, 2.783545255661010742e+00
-7.421866059303283691e-01, 1.297290474176406860e-01, -6.575175523757934570e-01, -6.449946761131286621e-01, 3.847012281417846680e+00, 1.487071633338928223e+00
1.352541148662567139e-01, -2.038428336381912231e-01, -9.696155786514282227e-01, 6.732239723205566406e+00, -6.072980165481567383e-01, 1.066769719123840332e+00
8.320630788803100586e-01, 3.080381751060485840e-01, -4.612846374511718750e-01, 4.525027573108673096e-01, 4.112427830696105957e-01, 1.090843439102172852e+00
8.174409866333007812e-01, -5.691146850585937500e-01, 8.887512981891632080e-02, 3.887878656387329102e-01, 6.586930751800537109e-01, 6.420326828956604004e-01
2.285587042570114136e-01, -7.233222126960754395e-01, 6.515871882438659668e-01, 3.508794009685516357e-01, -3.087043464183807373e-01, -4.657692015171051025e-01
4.729184806346893311e-01, 1.563618704676628113e-02, 8.809674382209777832e-01, 6.233780980110168457e-01, -2.349130630493164062e+00, -2.929456532001495361e-01
-6.134144663810729980e-01, 5.842998623847961426e-01, -5.313345193862915039e-01, 4.630915522575378418e-01, 1.664548754692077637e+00, 1.295847535133361816e+00
-8.840705752372741699e-01, 4.673133790493011475e-01, 6.113685667514801025e-03, 6.082217097282409668e-01, 1.143441438674926758e+00, 5.504768490791320801e-01
7.467722892761230469e-01, 4.361958801746368408e-01, -5.020601153373718262e-01, 1.245905756950378418e+00, -4.506949186325073242e-01, 1.461611151695251465e+00
1.379276216030120850e-01, -9.732031226158142090e-01, 1.839882582426071167e-01, 6.245015263557434082e-01, 1.284652203321456909e-01, 2.113544940948486328e-01
-8.792951703071594238e-01, 1.324615031480789185e-01, -4.574867188930511475e-01, -1.470251321792602539e+00, 4.169558882713317871e-01, 2.946567058563232422e+00
-9.243106245994567871e-01, 2.808373868465423584e-01, 2.584186792373657227e-01, 2.079216390848159790e-01, 1.944108605384826660e+00, -1.369073748588562012e+00
5.614780783653259277e-01, 6.773593425750732422e-01, 4.753174483776092529e-01, 3.902673125267028809e-01, -3.083112537860870361e-01, -2.164660580456256866e-02
6.818899512290954590e-02, -5.422353148460388184e-01, 8.374551534652709961e-01, 5.093197822570800781e-01, -7.387135028839111328e-01, -5.197729468345642090e-01
9.848693758249282837e-02, 1.411132067441940308e-01, -9.850824475288391113e-01, 4.048288345336914062e+00, 8.480908274650573730e-01, 5.262303948402404785e-01
-9.410170316696166992e-01, -3.268525004386901855e-01, -8.748935163021087646e-02, -3.292908072471618652e-01, 8.260589241981506348e-01, 4.556991159915924072e-01
7.586530447006225586e-01, 2.997998893260955811e-01, 5.784164071083068848e-01, 2.894468605518341064e-01, -7.143546342849731445e-01, -9.381321258842945099e-03
-9.029195904731750488e-01, -1.322636753320693970e-02, -4.296060204505920410e-01, -1.264009475708007812e+00, -2.705815248191356659e-02, 2.657450675964355469e+00
-8.390237689018249512e-01, -1.049464344978332520e-01, -5.338776707649230957e-01, -1.124362468719482422e+00, 8.228846192359924316e-01, 1.605251550674438477e+00
5.349310040473937988e-01, -2.803512215614318848e-01, 7.970269918441772461e-01, 6.812056154012680054e-02, -1.202153801918029785e+00, -4.685727059841156006e-01
-3.049053810536861420e-02, -4.368222057819366455e-01, -8.990309834480285645e-01, 2.458094358444213867e+00, -2.810476124286651611e-01, 5.318972840905189514e-02
-5.169283151626586914e-01, 2.605067491531372070e-01, -8.154270648956298828e-01, 5.087983608245849609e-01, 2.842498779296875000e+00, 5.855555534362792969e-01
7.584941387176513672e-01, 5.711042881011962891e-01, -3.138892054557800293e-01, 6.601137518882751465e-01, -4.174273908138275146e-01, 8.356384038925170898e-01
3.671042919158935547e-01, 1.525680124759674072e-01, 9.175823926925659180e-01, 4.772739708423614502e-01, -1.558429718017578125e+00, 6.817612797021865845e-02
-6.518039107322692871e-01, -5.328419208526611328e-01, -5.396584272384643555e-01, -1.128218397498130798e-01, -2.000430822372436523e-01, 3.337834477424621582e-01
-9.764539003372192383e-01, -2.150189727544784546e-01, 1.745536364614963531e-02, -3.556963503360748291e-01, 1.630500316619873047e+00, 1.871868968009948730e-01
-9.935014843940734863e-01, -4.084588959813117981e-02, 1.062377318739891052e-01, -2.173718065023422241e-01, 3.300525188446044922e+00, -7.638182640075683594e-01
-6.545988321304321289e-01, -2.551361024379730225e-01, -7.116219997406005859e-01, -5.349767804145812988e-01, 1.041650295257568359e+00, 1.186480745673179626e-01
-9.177334904670715332e-01, -3.187259733676910400e-01, 2.370209842920303345e-01, -2.203389853239059448e-01, 2.703633308410644531e-01, -4.895796179771423340e-01
-7.428508996963500977e-01, -6.302016377449035645e-01, 2.258725017309188843e-01, 2.168904393911361694e-01, -1.768806427717208862e-01, 2.198000997304916382e-01
-6.901994943618774414e-01, -5.939243435859680176e-01, 4.133745431900024414e-01, 2.895295023918151855e-01, -2.673754990100860596e-01, 9.926176816225051880e-02
-2.175504118204116821e-01, 5.874465703964233398e-01, -7.794731259346008301e-01, 1.260803818702697754e+00, 1.630935192108154297e+00, 8.772578239440917969e-01
-7.898587584495544434e-01, 3.581384420394897461e-01, 4.978554248809814453e-01, -6.605665087699890137e-01, -8.196443319320678711e-01, -4.583822488784790039e-01
-3.602604269981384277e-01, 6.598714590072631836e-01, 6.593800187110900879e-01, 2.972551584243774414e-01, -1.607006788253784180e-01, 3.232294917106628418e-01
2.197936363518238068e-02, 9.311161637306213379e-01, -3.640600144863128662e-01, 1.054550886154174805e+00, 2.910760045051574707e-01, 8.081192970275878906e-01
-4.543966054916381836e-01, 8.272905945777893066e-01, 3.303240537643432617e-01, 5.296211838722229004e-01, 1.639967709779739380e-01, 3.178244829177856445e-01
3.621339499950408936e-01, -9.313704967498779297e-01, 3.752311691641807556e-02, 8.064233064651489258e-01, 3.224047422409057617e-01, 2.197314649820327759e-01
7.370407581329345703e-01, -5.123685002326965332e-01, -4.407372772693634033e-01, 8.934331536293029785e-01, 1.014984250068664551e+00, 3.141342401504516602e-01
9.872014522552490234e-01, 2.357872761785984039e-02, -1.577258259057998657e-01, -8.249801583588123322e-03, 1.256779581308364868e-01, -3.284743800759315491e-02
5.993092656135559082e-01, 5.602428317070007324e-01, -5.718010067939758301e-01, 2.009878158569335938e+00, -4.638785421848297119e-01, 1.652067780494689941e+00
3.616512715816497803e-01, 9.290540814399719238e-01, -7.789002358913421631e-02, 8.578459024429321289e-01, -2.874043583869934082e-01, 5.549731850624084473e-01
-4.212931394577026367e-01, 5.352494120597839355e-01, 7.321339845657348633e-01, 2.792651057243347168e-01, -2.728529572486877441e-01, 3.601756691932678223e-01
4.146906733512878418e-01, 9.078745245933532715e-01, 6.160773709416389465e-02, 7.433094382286071777e-01, -3.667111694812774658e-01, 4.006675481796264648e-01
-1.347371935844421387e-01, 9.332681298255920410e-01, -3.329511582851409912e-01, 9.846844673156738281e-01, 4.265879690647125244e-01, 7.972560524940490723e-01
-1.953166574239730835e-01, 9.724645018577575684e-01, -1.271387338638305664e-01, 7.618322968482971191e-01, 2.352757900953292847e-01, 6.292245984077453613e-01
-7.385595887899398804e-02, 8.805670142173767090e-01, -4.681313335895538330e-01, 1.016291856765747070e+00, 5.474794507026672363e-01, 8.694849014282226562e-01
7.614380866289138794e-02, -9.432067275047302246e-01, 3.233623206615447998e-01, 6.610813736915588379e-01, 1.060173213481903076e-01, 1.535707563161849976e-01
6.501890420913696289e-01, -6.954390406608581543e-01, 3.059719502925872803e-01, 1.021873876452445984e-01, -8.020647615194320679e-02, -3.994478583335876465e-01
-4.631899595260620117e-01, 8.862564563751220703e-01, 2.123906509950757027e-03, 4.908608496189117432e-01, 2.551445364952087402e-01, 5.830356478691101074e-01
1.305899024009704590e-01, 3.990260958671569824e-01, -9.075926542282104492e-01, 2.846918344497680664e+00, 1.055082798004150391e+00, 8.735023140907287598e-01
5.502871870994567871e-01, -4.237866997718811035e-01, -7.194364666938781738e-01, 2.624972105026245117e+00, 1.470718383789062500e+00, 1.141473650932312012e+00
-6.033741831779479980e-01, 7.629020810127258301e-01, -2.322068661451339722e-01, 5.182880759239196777e-01, 7.236260771751403809e-01, 1.030693769454956055e+00
5.875596776604652405e-02, -9.456803798675537109e-01, -3.197442293167114258e-01, 1.098321318626403809e+00, -7.201092690229415894e-02, 4.148073196411132812e-01
9.842244982719421387e-01, 1.551743447780609131e-01, -8.498898893594741821e-02, 4.433302208781242371e-02, -1.757544875144958496e-01, 1.925079524517059326e-01
8.199917078018188477e-01, -3.118006587028503418e-01, 4.799936711788177490e-01, 3.515827953815460205e-01, -1.620205760002136230e+00, -1.653097271919250488e+00
4.070250988006591797e-01, -3.484208881855010986e-01, 8.443538546562194824e-01, -1.338171362876892090e-01, -3.042122602462768555e+00, -1.190818428993225098e+00
-8.987387269735336304e-02, 9.060096144676208496e-01, 4.136051833629608154e-01, 5.777718424797058105e-01, -6.520515680313110352e-02, 2.683793604373931885e-01
-2.821024134755134583e-02, -9.789698719978332520e-01, -2.020452916622161865e-01, 9.467003941535949707e-01, -1.079133525490760803e-01, 3.906909525394439697e-01
6.191884279251098633e-01, -6.652072668075561523e-01, -4.172588884830474854e-01, 1.180000543594360352e+00, 8.060932159423828125e-01, 4.659544825553894043e-01
-3.146773576736450195e-01, -4.883778095245361328e-01, -8.139197230339050293e-01, 7.925714850425720215e-01, -2.977504730224609375e-01, -1.277639269828796387e-01
-5.027351975440979004e-01, -2.878066599369049072e-01, 8.151224851608276367e-01, -2.737366557121276855e-01, -3.553028404712677002e-01, -2.942816317081451416e-01
-6.532071232795715332e-01, 6.741870641708374023e-01, -3.446626663208007812e-01, 5.203669071197509766e-01, 1.120580554008483887e+00, 1.205739736557006836e+00
2.348263114690780640e-01, 2.947806119918823242e-01, 9.262618422508239746e-01, 2.084731459617614746e-01, -5.643122196197509766e-01, 1.267388015985488892e-01
5.164362192153930664e-01, 4.382212162017822266e-01, 7.357008457183837891e-01, 7.067739963531494141e-01, -3.670732676982879639e-01, -2.774829268455505371e-01
-9.554675221443176270e-01, -7.948444783687591553e-02, 2.841900885105133057e-01, -6.950617432594299316e-01, 1.083260774612426758e+00, -2.033873081207275391e+00
9.572061896324157715e-01, 2.887637019157409668e-01, -1.928440853953361511e-02, 1.161632910370826721e-01, -3.684665560722351074e-01, 2.485143542289733887e-01
-1.345742493867874146e-01, 5.994422435760498047e-01, 7.890238761901855469e-01, 3.749012053012847900e-01, 1.081413589417934418e-02, 5.572657659649848938e-02
-5.012511014938354492e-01, -5.078241229057312012e-01, 7.006154060363769531e-01, 2.733043134212493896e-01, -2.913198471069335938e-01, -1.562220882624387741e-02
1.453702300786972046e-01, 6.783899664878845215e-01, 7.201767563819885254e-01, 3.998109996318817139e-01, -1.441276967525482178e-01, 5.506170913577079773e-02
-6.090384125709533691e-01, -7.611287832260131836e-01, -2.230587899684906006e-01, 1.400171369314193726e-01, -2.288947999477386475e-01, 3.987405896186828613e-01
7.421152591705322266e-01, -6.702527999877929688e-01, -5.106947384774684906e-03, 6.762974262237548828e-01, 7.459847927093505859e-01, 3.705224096775054932e-01
2.315805852413177490e-01, -9.164349436759948730e-01, 3.263700902462005615e-01, 5.926901102066040039e-01, 1.681055724620819092e-01, 5.148232355713844299e-02
-4.683882594108581543e-01, -1.485055536031723022e-01, 8.709526658058166504e-01, -1.129655122756958008e+00, -1.874275654554367065e-01, -6.394735574722290039e-01
6.050145998597145081e-02, 9.208880066871643066e-01, 3.851038813591003418e-01, 6.228353381156921387e-01, -1.387138664722442627e-01, 2.338524311780929565e-01
-3.092447817325592041e-01, -9.114170670509338379e-01, -2.714527547359466553e-01, 6.508013606071472168e-01, -3.334515690803527832e-01, 3.781746029853820801e-01
-5.026866868138313293e-02, -1.977166384458541870e-01, 9.789694547653198242e-01, 4.469173029065132141e-02, 1.375242829322814941e+00, 2.800444662570953369e-01
-1.822074204683303833e-01, 9.828863739967346191e-01, 2.710625901818275452e-02, 6.460057497024536133e-01, 1.062301546335220337e-01, 4.904724955558776855e-01
-8.879200220108032227e-01, -4.148989021778106689e-01, -1.986377537250518799e-01, -3.793028891086578369e-01, 5.934877395629882812e-01, 4.558710157871246338e-01
8.423944115638732910e-01, 1.664644330739974976e-01, -5.125049352645874023e-01, 1.239302661269903183e-02, 1.385229229927062988e+00, 4.703003168106079102e-01
-3.043034076690673828e-01, 7.448416948318481445e-02, -9.496586322784423828e-01, -2.568432092666625977e-01, 1.598419427871704102e+00, 2.076695710420608521e-01
-6.209978461265563965e-01, 8.136019110679626465e-02, -7.795782089233398438e-01, -1.437779814004898071e-01, 3.511503934860229492e+00, 4.810068309307098389e-01
9.919869899749755859e-01, -1.261104643344879150e-01, 7.610084488987922668e-03, 1.570563614368438721e-01, 1.281044840812683105e+00, 7.562713027000427246e-01
1.308103799819946289e-01, -8.884576559066772461e-01, -4.399223625659942627e-01, 1.266148567199707031e+00, -1.407455466687679291e-02, 4.049124419689178467e-01
-2.864423990249633789e-01, -1.249939426779747009e-01, 9.499090909957885742e-01, -3.130069971084594727e+00, 1.751770377159118652e+00, -7.133567333221435547e-01
-6.168499961495399475e-02, 9.909266233444213867e-01, 1.194129660725593567e-01, 6.631174087524414062e-01, -9.435591287910938263e-03, 4.208452105522155762e-01
8.813023567199707031e-01, -1.302134245634078979e-01, 4.542582631111145020e-01, 2.868593335151672363e-01, -1.933223247528076172e+00, -1.110692977905273438e+00
2.759104669094085693e-01, 6.935737729072570801e-01, -6.654538512229919434e-01, 2.345756769180297852e+00, 3.470179140567779541e-01, 1.334279537200927734e+00
-6.470628380775451660e-01, 7.594850063323974609e-01, -6.702394038438796997e-02, 3.733810484409332275e-01, 3.832256197929382324e-01, 7.378426790237426758e-01
6.630894541740417480e-01, -7.116764783859252930e-01, -2.320106774568557739e-01, 6.765297055244445801e-01, 5.738366246223449707e-01, 1.733268350362777710e-01
-6.275314092636108398e-01, 4.656997025012969971e-01, -6.239616274833679199e-01, 3.327078819274902344e-01, 2.577127456665039062e+00, 1.588852405548095703e+00
-6.923000812530517578e-01, -3.989772796630859375e-01, -6.012800931930541992e-01, -3.994349539279937744e-01, 1.456508487462997437e-01, 3.632541596889495850e-01
8.208640813827514648e-01, 4.341265261173248291e-01, -3.711016178131103516e-01, 5.236342549324035645e-01, -1.097484454512596130e-01, 1.029873728752136230e+00
-5.089538544416427612e-02, 3.578637838363647461e-01, 9.323857426643371582e-01, 3.753812909126281738e-01, 2.319536209106445312e-01, -6.853667646646499634e-02
3.501872122287750244e-01, 5.740743875503540039e-01, -7.401401996612548828e-01, 3.293489217758178711e+00, 3.561945259571075439e-01, 1.834544181823730469e+00
-6.672064065933227539e-01, -7.399902343750000000e-01, -8.514743298292160034e-02, 8.628277480602264404e-02, -1.185876801609992981e-01, 3.545063436031341553e-01
-3.217797875404357910e-01, -6.706078052520751953e-01, 6.683883666992187500e-01, 3.063152730464935303e-01, -1.793335378170013428e-01, -3.246079012751579285e-02
-6.735697984695434570e-01, 7.231412529945373535e-01, 1.528736799955368042e-01, 4.536031484603881836e-01, 3.378507494926452637e-01, 4.004584848880767822e-01
-9.422280788421630859e-01, 3.316129148006439209e-01, 4.731981083750724792e-02, 9.204267859458923340e-01, 2.603104352951049805e+00, 8.514277637004852295e-02
-1.657404005527496338e-01, -8.512045741081237793e-01, 4.979768097400665283e-01, 4.092106521129608154e-01, -4.306642338633537292e-02, 6.258204579353332520e-02
-1.955098807811737061e-01, -6.369490027427673340e-01, 7.457022666931152344e-01, 2.580117881298065186e-01, -1.235279440879821777e-01, -3.786651417613029480e-02
3.796691596508026123e-01, 4.396890103816986084e-01, 8.139563202857971191e-01, 4.346130788326263428e-01, -2.748981714248657227e-01, -5.422830209136009216e-02
-9.695411920547485352e-01, 2.065505385398864746e-01, 1.316310018301010132e-01, 6.642453074455261230e-01, 3.736032009124755859e+00, -9.698795676231384277e-01
-9.138550162315368652e-01, -2.139001637697219849e-01, 3.451315164566040039e-01, -5.189986228942871094e-01, -2.971021533012390137e-01, -1.558361411094665527e+00
4.183311462402343750e-01, -8.494605422019958496e-01, -3.215833604335784912e-01, 1.056424260139465332e+00, 3.660997152328491211e-01, 4.071973860263824463e-01
6.326355338096618652e-01, 4.396052956581115723e-01, 6.375887393951416016e-01, 5.252259373664855957e-01, -5.583632588386535645e-01, -1.361648142337799072e-01
-3.446648716926574707e-01, 9.309931993484497070e-01, -1.202404424548149109e-01, 6.206621527671813965e-01, 3.128316700458526611e-01, 6.430757641792297363e-01
-2.228507101535797119e-01, 8.702114820480346680e-01, -4.393968582153320312e-01, 9.045709967613220215e-01, 6.587644815444946289e-01, 8.458870053291320801e-01
7.228606939315795898e-01, 1.564229838550090790e-02, -6.908167004585266113e-01, 1.359272360801696777e+00, 1.876077055931091309e+00, 1.464803457260131836e+00
2.046686559915542603e-01, 9.290136694908142090e-01, 3.082924187183380127e-01, 6.219997406005859375e-01, -2.183314263820648193e-01, 2.449915558099746704e-01
8.185418844223022461e-01, 2.219125069677829742e-02, 5.740180611610412598e-01, 4.048876464366912842e-01, -8.472700715065002441e-01, -5.446091890335083008e-01
-4.654777944087982178e-01, -7.325242161750793457e-01, -4.967279732227325439e-01, 4.290145635604858398e-01, -3.980618119239807129e-01, 1.849969327449798584e-01
3.413811922073364258e-01, 9.223185479640960693e-03, -9.398796558380126953e-01, 1.476038455963134766e+01, -1.456435203552246094e+00, 5.346945285797119141e+00
7.493163347244262695e-01, 6.602934002876281738e-01, 5.037578195333480835e-02, 4.386801123619079590e-01, -5.247588753700256348e-01, 3.530398011207580566e-01
-9.426860809326171875e-01, 8.442024141550064087e-02, -3.228253126144409180e-01, -1.181255698204040527e+00, -5.854908227920532227e-01, 3.296290636062622070e+00
8.947884440422058105e-01, 2.602295950055122375e-02, -4.457312524318695068e-01, -3.036668002605438232e-01, 1.721812844276428223e+00, -5.090755820274353027e-01
-9.739997386932373047e-01, -1.852050274610519409e-01, -1.304742097854614258e-01, -3.796548247337341309e-01, 1.466657280921936035e+00, 7.522668838500976562e-01
-9.236389398574829102e-01, 3.691874444484710693e-01, -1.029161289334297180e-01, 1.024994254112243652e-01, 7.099254727363586426e-01, 1.626791715621948242e+00
7.986262440681457520e-01, -1.709187179803848267e-01, 5.770467519760131836e-01, 6.761283874511718750e-01, -6.157870292663574219e-01, -1.118147492408752441e+00
2.711461186408996582e-01, 9.603743553161621094e-01, 6.450410932302474976e-02, 7.727496623992919922e-01, -2.466960847377777100e-01, 4.246632158756256104e-01
6.129195913672447205e-02, -9.966964125633239746e-01, -5.328792706131935120e-02, 8.435611128807067871e-01, 3.457602858543395996e-02, 3.235575258731842041e-01
-5.027545690536499023e-01, 7.944710850715637207e-01, -3.406663239002227783e-01, 6.543893814086914062e-01, 8.298210501670837402e-01, 9.694870114326477051e-01
-6.954005956649780273e-01, 6.126365065574645996e-01, 3.756253719329833984e-01, 1.964850276708602905e-01, 1.061272174119949341e-01, 1.906644552946090698e-01
-4.812354445457458496e-01, 2.651651501655578613e-01, 8.355237245559692383e-01, 1.323253363370895386e-01, -9.600062966346740723e-01, 3.808867037296295166e-01
-2.054483145475387573e-01, -9.549989700317382812e-01, 2.139346003532409668e-01, 6.204246282577514648e-01, -7.212807983160018921e-02, 2.738357782363891602e-01
8.581451177597045898e-01, -3.942954838275909424e-01, 3.288130760192871094e-01, -4.741699695587158203e-01, -1.667284369468688965e+00, -7.618189454078674316e-01
-5.306868553161621094e-01, -5.861948728561401367e-01, -6.121658086776733398e-01, 1.132432594895362854e-01, -1.512047499418258667e-01, 4.661929979920387268e-02
4.818524718284606934e-01, 5.703045725822448730e-01, -6.652600169181823730e-01, 2.689658403396606445e+00, 6.601603236049413681e-03, 1.953797698020935059e+00
-2.299092113971710205e-01, -2.154813110828399658e-01, -9.490572214126586914e-01, 2.955941855907440186e-01, 3.693570792675018311e-01, -1.554694175720214844e-01
-2.817919850349426270e-01, 7.641142606735229492e-01, 5.802781581878662109e-01, 3.417897224426269531e-01, -9.645764529705047607e-02, 2.929944097995758057e-01
9.514082670211791992e-01, 3.896781429648399353e-02, 3.054567575454711914e-01, 8.051988482475280762e-02, -4.719346165657043457e-01, -1.905900537967681885e-01
-7.199841141700744629e-01, -1.506216917186975479e-02, -6.938270330429077148e-01, -8.285322785377502441e-01, 3.013114929199218750e+00, 7.943565249443054199e-01
-9.597011208534240723e-01, 1.862858235836029053e-01, -2.104075551033020020e-01, -6.469157338142395020e-01, -2.525426447391510010e-02, 2.928323030471801758e+00
-8.253667950630187988e-01, 5.514234900474548340e-01, 1.212507188320159912e-01, 6.093646883964538574e-01, 8.678503632545471191e-01, 2.012055963277816772e-01
-1.506657600402832031e-01, 4.738775640726089478e-02, -9.874483346939086914e-01, -1.545839905738830566e+00, 1.644947648048400879e+00, 3.148068785667419434e-01
5.263671278953552246e-01, 7.899261713027954102e-01, -3.145699203014373779e-01, 1.088075757026672363e+00, -3.722637593746185303e-01, 8.858648538589477539e-01
1.309439837932586670e-01, -6.478877663612365723e-01, 7.503966689109802246e-01, 2.210389822721481323e-01, -5.941037535667419434e-01, -5.515166521072387695e-01
7.339005917310714722e-02, 1.427254676818847656e-01, 9.870376586914062500e-01, 7.361096143722534180e-01, 3.334245979785919189e-01, -1.029457300901412964e-01
-3.964420557022094727e-01, -4.664435982704162598e-02, -9.168740510940551758e-01, 4.187508523464202881e-01, 1.278549551963806152e+00, -2.461053133010864258e-01
-2.713029384613037109e-01, -7.741668820381164551e-01, 5.718919038772583008e-01, 3.592639863491058350e-01, -8.642140030860900879e-02, 5.344504117965698242e-02
6.271780133247375488e-01, -5.683284997940063477e-01, -5.325884819030761719e-01, 1.659726738929748535e+00, 1.238110899925231934e+00, 6.333040595054626465e-01
9.246472716331481934e-01, -3.070116043090820312e-01, 2.253248095512390137e-01, -3.386927545070648193e-01, -6.086025238037109375e-01, 5.606275796890258789e-01
-4.806355834007263184e-01, 8.866591006517410278e-02, 8.724263906478881836e-01, -3.146575689315795898e-01, -1.027805089950561523e+00, -6.889332830905914307e-02
3.845112621784210205e-01, -2.047917693853378296e-01, 9.001174569129943848e-01, 2.489629089832305908e-01, -4.222958087921142578e+00, -1.067145347595214844e+00
-8.920092582702636719e-01, 4.214294254779815674e-01, 1.634528189897537231e-01, 7.841507196426391602e-01, 1.772429227828979492e+00, -2.905065715312957764e-01
7.219849228858947754e-01, -5.801374912261962891e-01, 3.770652413368225098e-01, -5.519840400665998459e-03, -6.500802636146545410e-01, -9.896183609962463379e-01
6.395145058631896973e-01, -5.769425034523010254e-01, 5.080930590629577637e-01, 6.117286086082458496e-01, -1.570279337465763092e-02, -7.877866625785827637e-01
-5.341472625732421875e-01, -7.677031159400939941e-01, -3.540036380290985107e-01, 3.269161581993103027e-01, -3.997995257377624512e-01, 3.737418353557586670e-01
2.870202958583831787e-01, -1.825095266103744507e-01, -9.403773546218872070e-01, 1.100613975524902344e+01, -1.189529776573181152e+00, 3.590139865875244141e+00
7.254467010498046875e-01, -6.070356965065002441e-01, -3.243991136550903320e-01, 6.301625370979309082e-01, 6.427045464515686035e-01, 2.065503150224685669e-01
3.043338954448699951e-01, 7.966333627700805664e-01, -5.222606062889099121e-01, 1.705079913139343262e+00, 1.105671077966690063e-01, 1.162245512008666992e+00
7.643561363220214844e-01, -2.537764012813568115e-01, -5.927539467811584473e-01, 3.697992861270904541e-01, 2.925355911254882812e+00, -7.755796909332275391e-01
-9.316080808639526367e-01, -2.575705945491790771e-01, -2.564446032047271729e-01, -4.799937903881072998e-01, 8.002488017082214355e-01, 9.399516582489013672e-01
-5.333495140075683594e-01, -8.403491973876953125e-01, -9.670289605855941772e-02, 2.837389409542083740e-01, -2.238934189081192017e-01, 3.807189464569091797e-01
5.165275931358337402e-01, -6.403118968009948730e-01, 5.685067176818847656e-01, 5.967810153961181641e-01, 2.335621565580368042e-01, -2.791545987129211426e-01
-1.688828766345977783e-01, 4.449415504932403564e-01, -8.794916868209838867e-01, 6.231842041015625000e-01, 1.833538651466369629e+00, 8.079352974891662598e-01
-5.148431286215782166e-02, 1.627502888441085815e-01, -9.853231310844421387e-01, -1.103315353393554688e+00, 1.789252281188964844e+00, 3.531884551048278809e-01
-7.515875250101089478e-02, -5.035591721534729004e-01, 8.606854081153869629e-01, 3.658335804939270020e-01, -4.028124362230300903e-02, 8.378910832107067108e-03
3.900054097175598145e-01, 1.523830294609069824e-01, -9.081162810325622559e-01, 1.361115169525146484e+01, -1.080761671066284180e+00, 5.664179325103759766e+00
6.998129934072494507e-02, 5.343982577323913574e-01, -8.423307538032531738e-01, 1.760783433914184570e+00, 1.050023317337036133e+00, 8.124510645866394043e-01
5.131827592849731445e-01, 3.086737096309661865e-01, -8.008520007133483887e-01, 7.152471542358398438e+00, -6.410194635391235352e-01, 4.336206436157226562e+00
-3.644187152385711670e-01, -5.479061603546142578e-01, 7.529926300048828125e-01, -1.816477626562118530e-01, -1.635072380304336548e-01, -2.068844288587570190e-01
-1.502635031938552856e-01, -9.451914429664611816e-01, -2.898859977722167969e-01, 8.784442543983459473e-01, -2.581581771373748779e-01, 3.863960504531860352e-01
2.671529650688171387e-01, -3.872202038764953613e-01, 8.824340105056762695e-01, 2.934132218360900879e-01, -3.213372230529785156e+00, -1.498887062072753906e+00
1.130670607089996338e-01, -4.841800928115844727e-01, -8.676320910453796387e-01, 3.322883605957031250e+00, -1.377174705266952515e-01, 5.098806023597717285e-01
-1.774764992296695709e-02, -2.195310741662979126e-01, -9.754440784454345703e-01, 2.320750236511230469e+00, 6.304115802049636841e-02, -5.641261860728263855e-02
-3.057556748390197754e-01, 4.748031198978424072e-01, -8.252729773521423340e-01, 1.077764987945556641e+00, 1.824890494346618652e+00, 6.506102085113525391e-01
-7.482617497444152832e-01, -4.668012559413909912e-01, 4.713819324970245361e-01, 3.920620977878570557e-01, -6.341297626495361328e-01, -5.616476293653249741e-03
2.892771959304809570e-01, -7.948347330093383789e-01, 5.334383845329284668e-01, 5.869678258895874023e-01, 2.915864251554012299e-02, -2.748585939407348633e-01
-4.146080911159515381e-01, 8.951458334922790527e-01, 1.637500077486038208e-01, 6.028006076812744141e-01, 1.961686760187149048e-01, 4.539019167423248291e-01
6.610385179519653320e-01, -7.434946894645690918e-01, 1.012115925550460815e-01, 5.049969553947448730e-01, 4.832380115985870361e-01, 2.515763640403747559e-01
9.333129525184631348e-01, 3.153626620769500732e-01, -1.716777831315994263e-01, 9.721133857965469360e-02, -1.216508671641349792e-01, 3.050159811973571777e-01
1.926996558904647827e-02, 7.986496686935424805e-01, -6.014876961708068848e-01, 1.342986702919006348e+00, 6.730518341064453125e-01, 9.366973042488098145e-01
-7.866726517677307129e-01, -4.084152281284332275e-01, -4.629720747470855713e-01, -4.443618059158325195e-01, 1.040709614753723145e-01, 6.632432937622070312e-01
-2.540433406829833984e-01, 3.224088251590728760e-01, -9.118741750717163086e-01, 2.650682330131530762e-01, 1.914786100387573242e+00, 6.031590104103088379e-01
-5.849074125289916992e-01, 3.629800975322723389e-01, -7.253473401069641113e-01, 2.251309007406234741e-01, 3.143392801284790039e+00, 1.391482710838317871e+00
6.056804060935974121e-01, 1.699392870068550110e-02, 7.955265045166015625e-01, 5.511280298233032227e-01, -6.642774939537048340e-01, -4.054155051708221436e-01
-1.551189422607421875e-01, 8.315806388854980469e-01, 5.333026647567749023e-01, 4.453361928462982178e-01, -6.712214648723602295e-02, 2.341964095830917358e-01
-8.963850140571594238e-01, 3.586966395378112793e-01, -2.604431807994842529e-01, -9.976485371589660645e-01, -4.500900506973266602e-01, 2.813786268234252930e+00
-5.907726883888244629e-01, -8.059554100036621094e-01, 3.772801160812377930e-02, 2.953802645206451416e-01, -1.988935470581054688e-01, 3.764648437500000000e-01
-7.482535243034362793e-01, -1.558781415224075317e-01, -6.448400020599365234e-01, -9.156588315963745117e-01, 1.471921682357788086e+00, 7.066939473152160645e-01
8.413093090057373047e-01, -4.178807437419891357e-01, -3.428912758827209473e-01, 2.288794219493865967e-01, 5.582044720649719238e-01, -1.187096312642097473e-01
4.073537290096282959e-01, 4.308546781539916992e-01, -8.052497506141662598e-01, 5.714218139648437500e+00, 1.039245575666427612e-01, 2.946271419525146484e+00
5.333816409111022949e-01, -2.938300669193267822e-01, -7.932010293006896973e-01, 4.575486183166503906e+00, 1.200348496437072754e+00, 2.632096767425537109e+00
-1.719402968883514404e-01, -4.746584296226501465e-01, -8.632125258445739746e-01, 1.518977522850036621e+00, -4.722796380519866943e-01, -4.286537691950798035e-02
-9.226158261299133301e-02, -7.277219891548156738e-01, -6.796385645866394043e-01, 1.417021274566650391e+00, -4.457615017890930176e-01, 2.849364280700683594e-01
1.905689090490341187e-01, 9.797506928443908691e-01, -6.141804531216621399e-02, 8.898616433143615723e-01, -1.369888782501220703e-01, 5.758081674575805664e-01
6.185838580131530762e-01, -3.582743704319000244e-01, 6.992806792259216309e-01, 5.919789671897888184e-01, 5.977544188499450684e-01, -2.174070477485656738e-01
8.349555134773254395e-01, 5.499651432037353516e-01, -1.968797482550144196e-02, 2.569981217384338379e-01, -3.778706192970275879e-01, 3.436779379844665527e-01
-1.443288624286651611e-01, -6.040120720863342285e-01, -7.837975621223449707e-01, 1.521292209625244141e+00, -5.272172689437866211e-01, 1.261540353298187256e-01
-8.240246772766113281e-01, 4.275671392679214478e-02, -5.649382472038269043e-01, -1.228208661079406738e+00, 1.927174806594848633e+00, 1.937333464622497559e+00
-4.799155294895172119e-01, 1.238707974553108215e-01, -8.685258030891418457e-01, 6.436670422554016113e-01, 2.305142641067504883e+00, -2.690298110246658325e-02
-1.170723419636487961e-02, 6.634616255760192871e-01, -7.481186985969543457e-01, 1.607278347015380859e+00, 1.076211094856262207e+00, 9.292749166488647461e-01
-4.053178429603576660e-01, -3.333024084568023682e-01, -8.512502312660217285e-01, 4.438767135143280029e-01, 2.380823940038681030e-01, -3.045692145824432373e-01
-3.760330006480216980e-02, 9.976543784141540527e-01, -5.719796940684318542e-02, 7.972368597984313965e-01, 6.425452977418899536e-02, 5.966134071350097656e-01
7.400994300842285156e-01, -6.440863013267517090e-01, 1.934053897857666016e-01, 7.105837762355804443e-02, 1.122293546795845032e-01, 1.018333584070205688e-01
-3.921942114830017090e-01, 3.440108895301818848e-01, -8.531355261802673340e-01, 8.979091048240661621e-01, 2.024193286895751953e+00, 4.034408628940582275e-01
8.215289711952209473e-01, 4.271090626716613770e-01, 3.777142465114593506e-01, 2.252138704061508179e-01, -3.044051229953765869e-01, -1.456273645162582397e-01
-8.634791010990738869e-04, -5.752200484275817871e-01, -8.179982304573059082e-01, 2.276883363723754883e+00, -3.267920911312103271e-01, 2.273982018232345581e-01
5.094701051712036133e-01, -1.363952308893203735e-01, 8.496096134185791016e-01, 2.848905920982360840e-01, -2.390287637710571289e+00, -5.545689463615417480e-01
-2.312349826097488403e-01, -5.125103592872619629e-01, 8.269603848457336426e-01, -3.357578217983245850e-01, 3.785965591669082642e-02, -7.042112946510314941e-02
-3.361594974994659424e-01, -9.336118698120117188e-01, 1.239581257104873657e-01, 5.447529554367065430e-01, -1.505818217992782593e-01, 3.431715965270996094e-01
1.526676211506128311e-02, -9.949048757553100586e-01, 9.965547174215316772e-02, 6.771115660667419434e-01, 3.837607428431510925e-02, 2.793950438499450684e-01
-6.333479285240173340e-01, -7.019110918045043945e-01, 3.258699774742126465e-01, 3.377331197261810303e-01, -2.015419155359268188e-01, 2.222913503646850586e-01
1.900259256362915039e-01, 6.668400485068559647e-03, -9.817564487457275391e-01, 9.923103332519531250e+00, -6.063188314437866211e-01, 1.916568756103515625e+00
7.759449481964111328e-01, -4.501610696315765381e-01, 4.418873786926269531e-01, 1.609170436859130859e-01, -1.235578894615173340e+00, -1.541280269622802734e+00
9.017358422279357910e-01, 3.083215057849884033e-01, 3.030022084712982178e-01, 1.359953284263610840e-01, -1.364373415708541870e-01, -2.658901214599609375e-01
-1.580717712640762329e-01, 7.011491656303405762e-01, -6.952720284461975098e-01, 1.234892725944519043e+00, 1.253919243812561035e+00, 9.837628602981567383e-01
-1.221961602568626404e-01, -3.238673508167266846e-01, -9.381780028343200684e-01, 1.437379717826843262e+00, -1.235978752374649048e-01, -1.445492953062057495e-01
5.253686904907226562e-01, -8.293374776840209961e-01, -1.902288049459457397e-01, 8.609619140625000000e-01, 4.614707529544830322e-01, 3.659145236015319824e-01
7.435345053672790527e-01, 3.099450170993804932e-01, -5.925288796424865723e-01, 1.327523589134216309e+00, -9.654790908098220825e-02, 1.615339040756225586e+00
-9.965105354785919189e-02, -9.215530157089233398e-01, 3.752461671829223633e-01, 6.022342443466186523e-01, -4.504801239818334579e-03, 1.488672345876693726e-01
-5.922948718070983887e-01, -6.552994251251220703e-01, -4.687956869602203369e-01, 1.574161797761917114e-01, -3.778596222400665283e-01, 3.292999565601348877e-01
9.128735065460205078e-01, 1.734200567007064819e-01, 3.695774078369140625e-01, 2.239823639392852783e-01, -3.921081125736236572e-01, -3.692545592784881592e-01
1.485594920814037323e-02, 9.684566259384155273e-01, 2.487387806177139282e-01, 6.497555971145629883e-01, -9.186804294586181641e-02, 3.188786506652832031e-01
-9.050571322441101074e-01, 2.374921143054962158e-01, -3.528018295764923096e-01, -1.461591839790344238e+00, -5.713405609130859375e-01, 3.364878416061401367e+00
4.274900555610656738e-01, 7.962673306465148926e-01, -4.280311167240142822e-01, 1.447863459587097168e+00, -1.790544539690017700e-01, 1.112937927246093750e+00
8.316401839256286621e-01, -5.084497928619384766e-01, -2.232788652181625366e-01, 3.923264443874359131e-01, 6.591503024101257324e-01, -3.972790017724037170e-02
6.498423218727111816e-01, 1.502133309841156006e-01, -7.450777888298034668e-01, 4.281170368194580078e+00, -1.290370076894760132e-01, 3.707938909530639648e+00
-2.104407995939254761e-01, 1.844080388545989990e-01, 9.600564241409301758e-01, -1.351161003112792969e+00, 9.770412445068359375e-01, -4.838399589061737061e-01
3.747003674507141113e-01, -2.926423251628875732e-01, -8.797500133514404297e-01, 7.808996200561523438e+00, -4.167641997337341309e-01, 3.464617013931274414e+00
-4.818344861268997192e-02, -6.275616884231567383e-01, 7.770744562149047852e-01, 3.465059995651245117e-01, -1.770458668470382690e-01, -1.214958876371383667e-01
8.529026061296463013e-02, 4.360288977622985840e-01, 8.958818912506103516e-01, 3.679857552051544189e-01, -1.925844997167587280e-01, 5.869836732745170593e-02
-9.713639020919799805e-01, 2.281212210655212402e-01, -6.642933934926986694e-02, 4.115331768989562988e-01, 2.117173910140991211e+00, 1.252817869186401367e+00
-8.667280673980712891e-01, -3.631342053413391113e-01, -3.419297039508819580e-01, -4.942978918552398682e-01, 4.937316477298736572e-01, 7.286030650138854980e-01
9.109128117561340332e-01, 1.633563041687011719e-01, -3.788833916187286377e-01, -7.238120585680007935e-02, 9.506959319114685059e-01, 2.358752489089965820e-01
-8.559540510177612305e-01, 3.728621900081634521e-01, 3.582129478454589844e-01, -2.469447106122970581e-01, 2.206433415412902832e-01, -8.197439312934875488e-01
-9.949067607522010803e-03, 6.702200770378112793e-01, 7.420957088470458984e-01, 3.925826847553253174e-01, 1.160205900669097900e-02, -5.215096753090620041e-03
7.212926447391510010e-02, 7.747073769569396973e-01, 6.281925439834594727e-01, 4.745057225227355957e-01, -9.050545096397399902e-02, 5.713135749101638794e-02
1.094142645597457886e-01, -6.542752981185913086e-01, -7.482996582984924316e-01, 2.317992210388183594e+00, -1.649218499660491943e-01, 4.831295609474182129e-01
-2.045741379261016846e-01, 6.926557421684265137e-01, 6.916483044624328613e-01, 3.686701059341430664e-01, -8.385479450225830078e-02, 1.930213272571563721e-01
4.841223359107971191e-01, -8.012098670005798340e-01, 3.516934216022491455e-01, 3.851793706417083740e-01, 1.507142782211303711e-01, -1.868677735328674316e-01
2.784623205661773682e-01, -8.599005341529846191e-01, -4.278197288513183594e-01, 1.301119208335876465e+00, 2.139344960451126099e-01, 4.168819487094879150e-01
1.796439439058303833e-01, -9.829462170600891113e-01, 3.930266946554183960e-02, 7.635712027549743652e-01, 1.494677215814590454e-01, 2.480187565088272095e-01
6.497191190719604492e-01, 7.510405778884887695e-01, 1.174867302179336548e-01, 5.774501562118530273e-01, -5.452383160591125488e-01, 2.920817136764526367e-01
6.349751949310302734e-01, 1.594329923391342163e-01, 7.559018731117248535e-01, 6.026035547256469727e-01, -5.132786631584167480e-01, -3.979415595531463623e-01
5.821204781532287598e-01, 7.665405869483947754e-01, 2.712034583091735840e-01, 4.875867366790771484e-01, -3.993815183639526367e-01, 8.225524425506591797e-02
-1.326490789651870728e-01, 7.999598979949951172e-01, -5.852079987525939941e-01, 1.040382742881774902e+00, 8.684830069541931152e-01, 9.513638615608215332e-01
2.124527245759963989e-01, -9.284067153930664062e-01, -3.048357665538787842e-01, 1.124104857444763184e+00, 1.118151918053627014e-01, 4.428914189338684082e-01
8.098202943801879883e-01, -5.231246352195739746e-01, 2.655780315399169922e-01, -3.592188656330108643e-01, -6.928353905677795410e-01, -2.693616747856140137e-01
4.321728050708770752e-01, 6.809451580047607422e-01, 5.912193059921264648e-01, 5.617737770080566406e-01, -3.607330322265625000e-01, 4.830830264836549759e-03
2.646347582340240479e-01, 9.448822140693664551e-01, -1.927850842475891113e-01, 9.825636148452758789e-01, -1.392928510904312134e-01, 6.660533547401428223e-01
9.995775222778320312e-01, 2.891445159912109375e-02, -2.953926334157586098e-03, -1.435259077697992325e-02, 5.402092337608337402e-01, 4.310625195503234863e-01
7.558460235595703125e-01, 1.583802849054336548e-01, 6.353050470352172852e-01, 2.992708981037139893e-01, -6.538041830062866211e-01, -1.930616497993469238e-01
3.586341440677642822e-02, 1.104061724618077278e-03, -9.993560910224914551e-01, 2.530265331268310547e+00, 6.749734878540039062e-01, 9.154811501502990723e-02
-3.556590378284454346e-01, 2.103440165519714355e-01, -9.106382727622985840e-01, 5.622866749763488770e-01, 1.867571473121643066e+00, 2.117747068405151367e-01
-4.544815719127655029e-01, -4.512594342231750488e-01, -7.679917812347412109e-01, 1.989771425724029541e-01, 1.393190026283264160e-01, -1.996120959520339966e-01
-3.459396362304687500e-01, 4.446435570716857910e-01, 8.262069225311279297e-01, -1.187542378902435303e-01, -3.535259962081909180e-01, 1.405353099107742310e-01
-8.289826512336730957e-01, -5.463182330131530762e-01, -1.196836158633232117e-01, -1.890909373760223389e-01, 2.007285058498382568e-01, 3.934662938117980957e-01
9.857612103223800659e-02, -2.287008613348007202e-01, 9.684929847717285156e-01, 1.131239891052246094e+00, -1.092550992965698242e+00, -3.731370866298675537e-01
-7.422794699668884277e-01, 6.695294380187988281e-01, 2.741334773600101471e-02, 3.883241117000579834e-01, 4.100929796695709229e-01, 4.988702535629272461e-01
5.236337184906005859e-01, 1.570243090391159058e-01, -8.373476266860961914e-01, 1.000882816314697266e+01, -1.031023621559143066e+00, 6.065657615661621094e+00
-4.687220752239227295e-01, -8.519548177719116211e-01, -2.333936840295791626e-01, 3.966224491596221924e-01, -3.247035443782806396e-01, 3.887296319007873535e-01
4.991084337234497070e-01, 8.640344738960266113e-01, -6.584221124649047852e-02, 7.604334950447082520e-01, -3.975301384925842285e-01, 5.476581454277038574e-01
-7.171741127967834473e-01, 5.507394075393676758e-01, -4.270215630531311035e-01, 3.245322406291961670e-01, 1.571889638900756836e+00, 1.482256412506103516e+00
3.485144376754760742e-01, 8.797261118888854980e-01, -3.234497308731079102e-01, 1.128044128417968750e+00, -1.430076062679290771e-01, 8.265029191970825195e-01
3.822970986366271973e-01, 2.991206645965576172e-01, -8.742858171463012695e-01, 9.679065704345703125e+00, -2.970611453056335449e-01, 4.130710601806640625e+00
-4.608143270015716553e-01, -6.334568262100219727e-01, 6.215968132019042969e-01, 3.718967735767364502e-01, -2.261665910482406616e-01, 4.521998018026351929e-02
6.913962364196777344e-01, 5.657978653907775879e-01, -4.492706060409545898e-01, 1.367816567420959473e+00, -6.463110446929931641e-01, 1.291029810905456543e+00
6.547170281410217285e-01, -3.104483485221862793e-01, -6.891788244247436523e-01, 1.710888385772705078e+00, 2.615190744400024414e+00, 4.472947418689727783e-01
-4.735894873738288879e-02, -9.708225131034851074e-01, 2.350760102272033691e-01, 6.681145429611206055e-01, 2.891008369624614716e-02, 2.539934217929840088e-01
-8.184589147567749023e-01, 4.522078037261962891e-01, -3.544476628303527832e-01, -5.878434181213378906e-01, 6.335036754608154297e-01, 2.165625810623168945e+00
-5.522403120994567871e-01, 6.995868086814880371e-01, -4.534411728382110596e-01, 5.445440411567687988e-01, 1.115059733390808105e+00, 1.057164311408996582e+00
-7.618340253829956055e-01, 5.818666815757751465e-01, -2.846754491329193115e-01, 7.933224551379680634e-03, 7.592311501502990723e-01, 1.530611395835876465e+00
-3.042417466640472412e-01, 6.836596131324768066e-01, -6.633599400520324707e-01, 7.543998360633850098e-01, 1.226253032684326172e+00, 9.177819490432739258e-01
-5.808998346328735352e-01, 8.118237853050231934e-01, 5.913937091827392578e-02, 4.512453377246856689e-01, 2.841370701789855957e-01, 5.319484472274780273e-01
9.634162187576293945e-01, -2.553499042987823486e-01, 8.139781653881072998e-02, 2.269391268491744995e-01, 1.230725884437561035e+00, 1.174833416938781738e+00
-7.491469979286193848e-01, 6.203615665435791016e-01, 2.322289347648620605e-01, 4.208363294601440430e-01, 4.008340537548065186e-01, 2.868127822875976562e-01
6.243892312049865723e-01, 6.817626357078552246e-01, -3.812320232391357422e-01, 1.248078346252441406e+00, -5.528090000152587891e-01, 1.055530905723571777e+00
-5.765509605407714844e-01, -4.544583559036254883e-01, -6.790115237236022949e-01, -1.532686650753021240e-01, 1.909580528736114502e-01, 2.333845710381865501e-03
1.170977950096130371e-01, -8.008913397789001465e-01, 5.872488021850585938e-01, 4.239187240600585938e-01, -1.284397095441818237e-01, -2.596960365772247314e-01
-5.160487890243530273e-01, 5.876542329788208008e-01, 6.231822967529296875e-01, 2.789220511913299561e-01, -3.432068973779678345e-02, 2.633356153964996338e-01
9.836621284484863281e-01, 1.654215455055236816e-01, 7.102436572313308716e-02, -3.363330662250518799e-02, 8.407165110111236572e-02, 2.699995338916778564e-01
-1.921453326940536499e-01, -2.419574111700057983e-01, 9.510713815689086914e-01, -1.901279330253601074e+00, 1.716178774833679199e+00, 5.248844623565673828e-02
-4.080492258071899414e-01, -5.798747539520263672e-01, -7.051532268524169922e-01, 3.688101768493652344e-01, -1.424846351146697998e-01, -9.624782204627990723e-02
8.738374114036560059e-01, 4.335640072822570801e-01, 2.200691848993301392e-01, 1.958387792110443115e-01, -3.698765039443969727e-01, -4.892150312662124634e-02
1.865506619215011597e-01, 8.719595670700073242e-01, 4.526425600051879883e-01, 6.047552227973937988e-01, -2.246991991996765137e-01, 1.836131662130355835e-01
-1.044657304883003235e-01, 3.069784343242645264e-01, -9.459657073020935059e-01, -9.130958914756774902e-01, 1.931025147438049316e+00, 7.274791002273559570e-01
-8.201696276664733887e-01, 4.978778362274169922e-01, 2.818500995635986328e-01, 3.101719915866851807e-01, 5.454853177070617676e-01, -6.099485605955123901e-02
-1.459011733531951904e-01, -9.861207604408264160e-01, 7.923818379640579224e-02, 6.570979356765747070e-01, -7.242885977029800415e-02, 3.085350692272186279e-01
-7.178165912628173828e-01, -8.924164623022079468e-02, 6.904891133308410645e-01, 2.174042463302612305e+00, -3.671183586120605469e+00, 1.785605907440185547e+00
-6.120512485504150391e-01, 6.076934337615966797e-01, 5.060651302337646484e-01, 1.482343673706054688e-01, 6.001210957765579224e-02, 1.072155609726905823e-01
6.589720845222473145e-01, -4.420247673988342285e-01, -6.085802316665649414e-01, 1.597888231277465820e+00, 1.962599515914916992e+00, 3.047192692756652832e-01
-6.640162467956542969e-01, -6.687843203544616699e-01, -3.343800306320190430e-01, 1.244899537414312363e-02, -2.398794293403625488e-01, 4.550548195838928223e-01
2.688941657543182373e-01, -4.662753343582153320e-01, -8.427830338478088379e-01, 4.083327770233154297e+00, -7.757718116044998169e-02, 1.345726370811462402e+00
-2.549208104610443115e-01, -8.990107774734497070e-01, 3.560828566551208496e-01, 5.056426525115966797e-01, -6.525897234678268433e-02, 1.972302198410034180e-01
4.453399404883384705e-02, 2.803435325622558594e-01, -9.588661193847656250e-01, 9.630006551742553711e-01, 1.507187485694885254e+00, 4.853821694850921631e-01
-8.681614398956298828e-01, 2.429943978786468506e-01, 4.327232241630554199e-01, -1.013145923614501953e+00, -8.071034550666809082e-01, -1.579422116279602051e+00
7.278084754943847656e-01, 6.543204188346862793e-01, 2.053281515836715698e-01, 4.566682875156402588e-01, -5.465555787086486816e-01, 1.230002641677856445e-01
6.239902377128601074e-01, -1.776341795921325684e-01, -7.609745860099792480e-01, 3.523900747299194336e+00, 2.033628702163696289e+00, 2.414847612380981445e+00
4.700721204280853271e-01, -1.756693720817565918e-01, -8.649696707725524902e-01, 9.414048194885253906e+00, -2.512475550174713135e-01, 5.167138576507568359e+00
-8.479296565055847168e-01, 4.895626604557037354e-01, -2.033315896987915039e-01, -4.025635719299316406e-01, 7.854060828685760498e-02, 1.867865920066833496e+00
-4.767937660217285156e-01, -8.656307458877563477e-01, 1.528105288743972778e-01, 4.535731673240661621e-01, -1.827464550733566284e-01, 3.800124228000640869e-01
6.213694810867309570e-01, 7.830424308776855469e-01, -2.728533186018466949e-02, 6.174662113189697266e-01, -4.728968441486358643e-01, 4.902401566505432129e-01
-1.985907852649688721e-01, 3.306444883346557617e-01, 9.226244688034057617e-01, -4.831134974956512451e-01, 2.713718116283416748e-01, -2.012405842542648315e-01
