2.573150396347045898e-02, 7.638720562681555748e-04, 9.996685981750488281e-01, 5.193877732381224632e-04, -7.016607094556093216e-03, -8.007492397155147046e-06
-4.308832287788391113e-01, 8.717392683029174805e-01, -2.332600355148315430e-01, 2.272201469168066978e-03, 1.547147869132459164e-03, 1.584737910889089108e-03
5.732805132865905762e-01, -7.908711433410644531e-01, 2.141782045364379883e-01, 3.290345775894820690e-04, -2.164429606636986136e-04, -1.679944922216236591e-03
-5.448510646820068359e-01, 7.234352231025695801e-01, 4.240033626556396484e-01, -2.710824192035943270e-04, -2.431197557598352432e-03, 3.799768164753913879e-03
3.502561151981353760e-01, -8.445971012115478516e-01, 4.049400091171264648e-01, -6.413832306861877441e-04, 4.209816688671708107e-04, 1.432825229130685329e-03
3.168854117393493652e-01, -7.726483941078186035e-01, -5.500891804695129395e-01, 3.778758691623806953e-03, 9.420227142982184887e-04, 8.536454406566917896e-04
7.310130000114440918e-01, 4.369696974754333496e-01, 5.240968465805053711e-01, 3.443037276156246662e-04, -1.636237604543566704e-03, 8.839889196678996086e-04
-1.634778345760423690e-05, -8.446015119552612305e-01, -5.353954434394836426e-01, 1.783645944669842720e-03, 6.100005120970308781e-04, -9.623475489206612110e-04
-7.620441317558288574e-01, -6.473800539970397949e-01, -1.370522566139698029e-02, 1.234779600054025650e-03, -1.453180913813412189e-03, -1.431694454367971048e-05
-7.330010533332824707e-01, -5.420000553131103516e-01, -4.110298156738281250e-01, 2.212595194578170776e-03, 1.569923624629154801e-04, -4.152799025177955627e-03
9.217363595962524414e-01, -3.020108044147491455e-01, -2.432931065559387207e-01, -1.270722830668091774e-03, -1.853006426244974136e-03, -2.514019142836332321e-03
8.666272759437561035e-01, -2.840457558631896973e-01, -4.102135300636291504e-01, -7.754476973786950111e-04, -4.708380947704426944e-05, -1.605627592653036118e-03
3.617472350597381592e-01, -4.863452911376953125e-01, 7.953661084175109863e-01, -1.414181781001389027e-03, -2.107096806867048144e-04, 5.143526359461247921e-04
9.033330082893371582e-01, 4.229287803173065186e-01, 7.155920565128326416e-02, 4.019928383058868349e-05, -2.292218123329803348e-04, 8.472866611555218697e-04
2.446794658899307251e-01, -2.471854686737060547e-01, 9.375666975975036621e-01, -1.644384319661185145e-04, -1.205818611197173595e-03, -2.749949635472148657e-04
9.687827825546264648e-01, -1.678916662931442261e-01, -1.824073195457458496e-01, -5.000617820769548416e-04, -2.423692960292100906e-03, -4.250563506502658129e-04
8.624888211488723755e-02, 9.814985990524291992e-01, -1.709431558847427368e-01, 3.644860815256834030e-03, -5.194153636693954468e-04, -1.143305911682546139e-03
-7.930733561515808105e-01, 2.224735319614410400e-01, 5.670451521873474121e-01, -1.396505860611796379e-03, -1.233462709933519363e-03, -1.469228183850646019e-03
-3.741960227489471436e-01, -8.890626430511474609e-01, 2.637137472629547119e-01, 3.933570813387632370e-03, -1.116922474466264248e-03, 1.816031523048877716e-03
-1.499815434217453003e-01, -8.404048681259155273e-01, -5.207929015159606934e-01, 6.676976918242871761e-04, 7.297073025256395340e-04, -1.369818579405546188e-03
-9.279130101203918457e-01, -1.363305151462554932e-01, -3.469749093055725098e-01, 6.624641828238964081e-04, -2.618619473651051521e-03, -7.427377277053892612e-04
-9.698236584663391113e-01, -1.801246553659439087e-01, 1.643079817295074463e-01, -2.314762532478198409e-04, 2.652033581398427486e-04, -1.075550215318799019e-03
-2.513231337070465088e-01, -6.761191785335540771e-02, -9.655388593673706055e-01, -1.928000128827989101e-03, 3.975400235503911972e-03, 2.234675193903967738e-04
7.990173697471618652e-01, 5.781483054161071777e-01, -1.652745753526687622e-01, 5.328502156771719456e-04, -9.117482113651931286e-04, -6.133376737125217915e-04
3.399768769741058350e-01, -9.163726568222045898e-01, -2.113690376281738281e-01, 1.688179327175021172e-03, 4.977737626177258790e-05, 2.499549183994531631e-03
-8.056377768516540527e-01, 5.862482190132141113e-01, -8.521038293838500977e-02, -1.650396501645445824e-03, -2.342197578400373459e-03, -5.103521980345249176e-04
-2.278953790664672852e-01, -7.519491910934448242e-01, -6.185758709907531738e-01, 1.051822764566168189e-04, -6.971589173190295696e-04, 8.087246096692979336e-04
6.098153591156005859e-01, 1.358214579522609711e-02, -7.924271225929260254e-01, 1.405960763804614544e-03, -1.898571383208036423e-03, 1.049421145580708981e-03
6.475281715393066406e-01, -1.969781219959259033e-01, 7.361432313919067383e-01, -6.062414031475782394e-04, 1.553230104036629200e-03, 9.488788200542330742e-04
-3.761863410472869873e-01, 8.030838966369628906e-01, 4.621039628982543945e-01, -1.279330463148653507e-03, -3.442169399932026863e-04, -4.432587011251598597e-04
-5.622022747993469238e-01, -3.021777234971523285e-02, 8.264474868774414062e-01, 3.632843145169317722e-04, 8.745614322833716869e-04, 2.791061415337026119e-04
-5.956331491470336914e-01, -7.794703245162963867e-01, 1.940287351608276367e-01, -3.948089142795652151e-04, -3.743627166841179132e-04, -2.715916838496923447e-03
-3.767742216587066650e-01, -1.954367905855178833e-01, -9.054532647132873535e-01, -1.119779553846456110e-04, 2.872166223824024200e-03, -5.733444122597575188e-04
1.762268990278244019e-01, 6.897079292684793472e-03, 9.843254089355468750e-01, 1.526607200503349304e-03, -4.884293302893638611e-03, -2.390895097050815821e-04
2.394256889820098877e-01, 4.334381520748138428e-01, 8.687961101531982422e-01, -3.358688205480575562e-03, -3.168973838910460472e-03, 2.506583929061889648e-03
3.244194984436035156e-01, 9.236816763877868652e-01, 2.038729339838027954e-01, -1.634050859138369560e-03, 8.435216150246560574e-04, -1.221483806148171425e-03
7.684700489044189453e-01, -3.822064101696014404e-01, -5.131977796554565430e-01, -6.419821875169873238e-04, -1.718844636343419552e-03, 3.188037371728569269e-04
-2.817673981189727783e-01, 5.824403762817382812e-01, 7.624764442443847656e-01, 1.842689118348062038e-03, 4.670727648772299290e-04, 3.241643426008522511e-04
-9.939600229263305664e-01, 1.076283827424049377e-01, 2.143476717174053192e-02, -4.115089541301131248e-05, -4.110212321393191814e-04, 1.555978815304115415e-04
5.044350624084472656e-01, -6.658082008361816406e-01, -5.497677922248840332e-01, 1.847957260906696320e-03, 4.822878509003203362e-06, 1.689737662672996521e-03
-8.452200889587402344e-01, -3.869010508060455322e-01, 3.686605095863342285e-01, 1.262127305381000042e-03, -2.411973895505070686e-03, 3.623391094151884317e-04
9.288927912712097168e-01, -1.663037687540054321e-01, -3.309097290039062500e-01, -3.232171584386378527e-04, 2.422024990664795041e-04, -1.029021688736975193e-03
-5.061776638031005859e-01, 5.653563737869262695e-01, -6.512728929519653320e-01, 1.827387604862451553e-03, -1.494080526754260063e-03, -2.717249095439910889e-03
-8.977102488279342651e-02, -9.938234090805053711e-01, -6.523971259593963623e-02, 1.373387291096150875e-03, -2.930329355876892805e-04, 2.574085723608732224e-03
2.303062379360198975e-01, -7.101060152053833008e-01, -6.653634309768676758e-01, 3.921806346625089645e-03, -7.711115758866071701e-04, 2.180443610996007919e-03
1.634821668267250061e-02, -7.284029722213745117e-01, 6.849538683891296387e-01, -3.008197760209441185e-03, 5.321144126355648041e-04, 6.376669043675065041e-04
9.408438205718994141e-01, 3.024247884750366211e-01, 1.528139412403106689e-01, -1.084095682017505169e-03, 2.504084492102265358e-03, 1.718871528282761574e-03
-8.710780143737792969e-01, -1.411665529012680054e-01, 4.704201221466064453e-01, 1.270770095288753510e-03, -1.979462802410125732e-03, 1.759078586474061012e-03
-1.045367494225502014e-01, -9.675481915473937988e-02, -9.898033142089843750e-01, -4.483440134208649397e-04, 4.630413372069597244e-03, -4.052789008710533381e-04
9.519168138504028320e-01, 3.247001767158508301e-02, -3.046311736106872559e-01, -8.592986850999295712e-04, -4.851809353567659855e-04, -2.736866241320967674e-03
-2.937306463718414307e-01, -3.829920887947082520e-01, 8.758078217506408691e-01, 1.061990158632397652e-03, 1.064484458765946329e-04, 4.027230315841734409e-04
9.528609514236450195e-01, -1.624644100666046143e-01, 2.562448382377624512e-01, -1.212100731208920479e-03, -1.703971996903419495e-03, 3.426912473514676094e-03
-8.287003040313720703e-01, 3.337891697883605957e-01, -4.492667615413665771e-01, -1.968562602996826172e-03, -8.503885474056005478e-04, 2.999326447024941444e-03
-1.397166103124618530e-01, -7.521888613700866699e-02, 9.873304367065429688e-01, -1.327329780906438828e-03, -4.264832939952611923e-03, -5.127422045916318893e-04
-2.410261332988739014e-01, 8.774408102035522461e-01, 4.147337377071380615e-01, 2.178225200623273849e-03, 6.173405563458800316e-04, -4.019575499114580452e-05
1.322644948959350586e-01, 6.905758976936340332e-01, -7.110633254051208496e-01, -1.046512974426150322e-03, -2.523196861147880554e-03, -2.645158674567937851e-03
-6.672160029411315918e-01, 4.717407748103141785e-02, 7.433689832687377930e-01, -1.051636427291668952e-04, 4.109637520741671324e-04, -1.204700529342517257e-04
8.277869820594787598e-01, 5.454716682434082031e-01, 1.312606334686279297e-01, 2.609493676573038101e-03, -3.214411437511444092e-03, -3.098679240792989731e-03
4.344615936279296875e-01, 8.559274077415466309e-01, 2.804130017757415771e-01, 9.040284203365445137e-04, 6.151304842205718160e-05, -1.588429557159543037e-03
2.220335006713867188e-01, 7.889695167541503906e-01, 5.729120969772338867e-01, -3.353435778990387917e-03, -2.973923401441425085e-04, 1.709177740849554539e-03
6.834260821342468262e-01, 6.884738802909851074e-01, -2.427601367235183716e-01, 8.687603403814136982e-04, -1.942877424880862236e-03, -3.064288059249520302e-03
-9.896226525306701660e-01, 6.400249898433685303e-02, -1.286494880914688110e-01, -9.754005077411420643e-06, -1.865428988821804523e-03, -8.530101622454822063e-04
-3.695594966411590576e-01, -9.199878573417663574e-01, -1.305686384439468384e-01, 2.092714421451091766e-03, -8.778747287578880787e-04, 2.623260661493986845e-04
6.304520368576049805e-01, -7.701352238655090332e-01, -9.706678986549377441e-02, 6.425690953619778156e-04, 3.878330753650516272e-04, 1.096411026082932949e-03
7.368154823780059814e-02, 5.673152804374694824e-01, 8.201977610588073730e-01, -1.209456240758299828e-03, -1.166228321380913258e-03, 9.153081919066607952e-04
4.398058056831359863e-01, -7.728579640388488770e-01, -4.574510753154754639e-01, 3.482383908703923225e-03, 1.461629988625645638e-03, 8.786520338617265224e-04
-8.155375719070434570e-01, -4.710223525762557983e-02, 5.767840147018432617e-01, 4.599081876222044230e-04, 4.291232326067984104e-04, 6.853260565549135208e-04
7.921741157770156860e-02, -3.406897783279418945e-01, -9.368324875831604004e-01, 1.170544535852968693e-03, -5.340169882401823997e-04, 2.931811613962054253e-04
1.536912918090820312e-01, 9.727700948715209961e-01, 1.734858602285385132e-01, -1.598335802555084229e-03, 1.236226380569860339e-04, 7.227902533486485481e-04
-2.116005420684814453e-01, -9.655247330665588379e-01, -1.516150981187820435e-01, 1.826681313104927540e-03, -7.857724558562040329e-04, 2.454610308632254601e-03
2.107481360435485840e-01, 5.654061436653137207e-01, -7.974340915679931641e-01, -2.932463772594928741e-03, -3.174250712618231773e-03, -3.025644691661000252e-03
-7.454484701156616211e-01, -6.324260830879211426e-01, -2.105796784162521362e-01, 1.837020972743630409e-03, -1.726952265016734600e-03, -1.316531677730381489e-03
2.401750683784484863e-01, 2.934404611587524414e-01, -9.253154397010803223e-01, 1.474565709941089153e-03, -5.584637634456157684e-03, -1.388288335874676704e-03
-3.589751422405242920e-01, -2.490309625864028931e-01, 8.995112180709838867e-01, 1.176283258246257901e-04, 1.170240342617034912e-03, 3.709256125148385763e-04
-5.169128626585006714e-02, 4.967344701290130615e-01, 8.663618564605712891e-01, 8.042372064664959908e-04, -4.456585156731307507e-04, 3.035059780813753605e-04
3.776768445968627930e-01, 2.981625795364379883e-01, 8.766180872917175293e-01, -3.642957890406250954e-03, -2.274063648656010628e-03, 2.342983148992061615e-03
-7.677819132804870605e-01, 8.328246325254440308e-02, 6.352754831314086914e-01, -6.226931582204997540e-04, 7.244837615871801972e-05, -7.620728574693202972e-04
-4.576008319854736328e-01, 4.489014446735382080e-01, -7.675213217735290527e-01, 1.865870784968137741e-03, -2.600560896098613739e-03, -2.633437747135758400e-03
9.047895669937133789e-01, -4.048776030540466309e-01, -1.320224553346633911e-01, -1.301554497331380844e-03, -1.943478710018098354e-03, -2.959813922643661499e-03
5.476547479629516602e-01, -7.672532796859741211e-01, -3.337613642215728760e-01, 2.778558759018778801e-03, 9.936630958691239357e-04, 2.274977974593639374e-03
-2.872001230716705322e-01, 7.845724821090698242e-01, -5.495108962059020996e-01, 1.476270961575210094e-03, 9.045643382705748081e-04, 5.199369625188410282e-04
8.957260251045227051e-01, 2.370531298220157623e-02, 4.439739584922790527e-01, -9.632873116061091423e-04, -1.545434235595166683e-03, 2.025966765359044075e-03
-8.564674258232116699e-01, 1.000367701053619385e-01, 5.064150094985961914e-01, -6.217643385753035545e-04, -1.073550083674490452e-03, -8.394822943955659866e-04
2.307613044977188110e-01, 8.778032660484313965e-01, -4.197745919227600098e-01, 2.457748167216777802e-03, -3.041806921828538179e-04, 7.150083547458052635e-04
-6.969474554061889648e-01, -7.091358900070190430e-01, 1.067264378070831299e-01, 3.801585990004241467e-05, -3.817758115474134684e-04, -2.288429066538810730e-03
-1.338509470224380493e-01, 9.516986012458801270e-01, 2.763215601444244385e-01, 2.793651307001709938e-03, -8.538893598597496748e-05, 1.647346769459545612e-03
7.544060349464416504e-01, 1.582831889390945435e-01, -6.370384693145751953e-01, -5.515632219612598419e-04, -2.075207652524113655e-03, -1.168804010376334190e-03
7.895560860633850098e-01, 5.428807735443115234e-01, 2.861496508121490479e-01, 3.398938104510307312e-03, -3.926731180399656296e-03, -1.928730169311165810e-03
-2.638732790946960449e-01, -3.547939360141754150e-01, -8.969348669052124023e-01, 2.311391755938529968e-03, 1.592964632436633110e-03, -1.310116029344499111e-03
-6.813719272613525391e-01, 4.817098081111907959e-01, 5.510789752006530762e-01, 1.711360993795096874e-03, -1.860215677879750729e-03, 3.742035944014787674e-03
5.338820815086364746e-01, 4.362846612930297852e-01, -7.243103981018066406e-01, 1.284929341636598110e-03, -2.870949218049645424e-03, -7.821926847100257874e-04
-4.012368023395538330e-01, -8.366314172744750977e-01, -3.729034960269927979e-01, 2.630216768011450768e-03, 1.715603320917580277e-05, -2.868551760911941528e-03
2.174694538116455078e-01, -5.180718302726745605e-01, 8.272294998168945312e-01, -1.220543170347809792e-03, 1.879622141132131219e-04, 4.385829961393028498e-04
-7.347329258918762207e-01, 4.314282834529876709e-01, -5.234854817390441895e-01, -2.406476996839046478e-03, -9.581606136634945869e-04, 2.587923547253012657e-03
3.794302046298980713e-01, -6.655233502388000488e-01, -6.427373886108398438e-01, 2.176035428419709206e-03, -1.138956984505057335e-03, 2.463924000039696693e-03
8.178365826606750488e-01, 2.789345756173133850e-02, -5.747740268707275391e-01, -8.817969937808811665e-04, 1.680141547694802284e-03, -1.173158292658627033e-03
5.759203433990478516e-01, -5.131413936614990234e-01, 6.363973617553710938e-01, 2.030647301580756903e-04, -4.295486141927540302e-04, -5.301220808178186417e-04
-2.723575830459594727e-01, -6.450042128562927246e-01, -7.139964699745178223e-01, 6.263952236622571945e-04, -1.082950504496693611e-03, 7.393651758320629597e-04
-4.395541548728942871e-01, -8.981713652610778809e-01, 8.961752057075500488e-03, 1.565114245750010014e-03, -7.592468173243105412e-04, 6.716066272929310799e-04
7.674716711044311523e-01, -6.239939332008361816e-01, -1.470333933830261230e-01, -1.151622273027896881e-03, -9.086712962016463280e-04, -2.154830843210220337e-03
7.228559255599975586e-01, 1.749004423618316650e-02, 6.907773017883300781e-01, -1.803247607313096523e-03, 1.775498734787106514e-03, 1.842033118009567261e-03
2.670101225376129150e-01, 4.388600289821624756e-01, -8.579670190811157227e-01, -2.079084515571594238e-03, -5.308852996677160263e-03, -3.362576942890882492e-03
-7.638965249061584473e-01, 4.870957732200622559e-01, 4.233199656009674072e-01, 1.883535878732800484e-03, 8.683375199325382710e-04, 2.399752149358391762e-03
3.715668320655822754e-01, -6.845824718475341797e-01, 6.271243095397949219e-01, -2.144831698387861252e-03, -2.327028196305036545e-03, -1.269436208531260490e-03
8.475988358259201050e-02, 2.956393361091613770e-01, 9.515320062637329102e-01, -5.707247764803469181e-04, -2.438109833747148514e-03, 8.083549910224974155e-04
3.669014275074005127e-01, 5.694134235382080078e-01, 7.356301546096801758e-01, -1.499559497460722923e-03, -1.978478860110044479e-03, 2.279356122016906738e-03
9.002794027328491211e-01, 4.281840920448303223e-01, -7.845667749643325806e-02, 1.356103748548775911e-04, 5.782545940746786073e-06, 1.587668783031404018e-03
4.750212132930755615e-01, 7.816161513328552246e-01, 4.042660892009735107e-01, 1.061683055013418198e-03, -1.413088320987299085e-04, -9.742907132022082806e-04
-8.880038857460021973e-01, -4.598086476325988770e-01, -5.016468930989503860e-03, 2.957603137474507093e-04, -5.590756773017346859e-04, -1.110039651393890381e-03
-7.168592214584350586e-01, 6.759123802185058594e-01, -1.710416972637176514e-01, -7.552825845777988434e-04, -1.148184062913060188e-03, -1.371832215227186680e-03
-7.794618606567382812e-01, -1.969747394323348999e-01, 5.946765542030334473e-01, 1.295363763347268105e-03, 8.125971071422100067e-04, 1.967031741514801979e-03
2.843039631843566895e-01, -9.444041848182678223e-01, 1.651423424482345581e-01, 3.407681128010153770e-03, 7.947084959596395493e-04, -1.321836607530713081e-03
-1.448045074939727783e-01, -3.804331421852111816e-01, 9.134014844894409180e-01, 1.228394801728427410e-03, 5.305204467731527984e-05, 2.168376959161832929e-04
-3.750847280025482178e-01, 5.694435238838195801e-01, -7.314680218696594238e-01, 4.244048614054918289e-03, -6.892837700434029102e-04, -2.712881658226251602e-03
-2.739879786968231201e-01, 9.278185963630676270e-01, -2.531467080116271973e-01, 1.492638839408755302e-03, 5.085725570097565651e-04, 2.484646101947873831e-04
2.642026171088218689e-02, -8.898528218269348145e-01, 4.554820060729980469e-01, -2.275859471410512924e-03, 4.799686139449477196e-04, 1.069702557288110256e-03
-3.494856953620910645e-01, 1.388960927724838257e-01, 9.265892505645751953e-01, -1.663802424445748329e-03, -3.932937514036893845e-03, -3.799470869125798345e-05
-3.267187476158142090e-01, -7.996919155120849609e-01, -5.037338733673095703e-01, 1.500600948929786682e-03, -1.056910477927885950e-04, -8.054932113736867905e-04
3.255736827850341797e-01, 8.562667295336723328e-03, 9.454779028892517090e-01, 2.919129037763923407e-04, -1.348926452919840813e-03, -8.830321894492954016e-05
-5.408027172088623047e-01, -7.109745144844055176e-01, 4.494971632957458496e-01, 3.057752910535782576e-04, -3.122698399238288403e-04, -1.260336866835132241e-04
5.082916021347045898e-01, 5.631421208381652832e-01, 6.515448093414306641e-01, -2.597823331598192453e-04, -1.155835343524813652e-03, 1.201674342155456543e-03
5.016149878501892090e-01, 1.619511544704437256e-01, 8.497965931892395020e-01, -2.313191303983330727e-03, 1.187523361295461655e-03, 1.139108673669397831e-03
2.648048400878906250e-01, -9.602085947990417480e-01, -8.875755220651626587e-02, 1.941670197993516922e-03, 5.957316607236862183e-04, -6.519222515635192394e-04
-4.129973351955413818e-01, -7.443311810493469238e-01, 5.247898101806640625e-01, 1.298464601859450340e-03, -8.536914829164743423e-04, -1.889646810013800859e-04
5.241442322731018066e-01, 3.006002008914947510e-01, 7.968138456344604492e-01, -1.640078378841280937e-03, -2.542459173128008842e-03, 2.037993632256984711e-03
-9.310126900672912598e-01, 1.413461714982986450e-01, 3.365065157413482666e-01, -3.914182598236948252e-04, -1.045197132043540478e-03, -6.439125281758606434e-04
2.214927226305007935e-01, 1.497011035680770874e-01, 9.636029005050659180e-01, -6.275605119299143553e-05, -2.425482496619224548e-03, 3.912373504135757685e-04
7.302115559577941895e-01, -3.022486269474029541e-01, 6.127290129661560059e-01, 1.060728915035724640e-03, 1.292284112423658371e-03, -6.266480777412652969e-04
-6.321945190429687500e-01, -1.127996370196342468e-01, -7.665548324584960938e-01, 4.464146622922271490e-04, -3.725296701304614544e-04, -3.133496502414345741e-04
1.203202679753303528e-01, -4.164610207080841064e-01, 9.011566042900085449e-01, -2.482143754605203867e-04, 8.922048727981746197e-04, 4.454650625120848417e-04
3.903136253356933594e-01, -5.467029213905334473e-01, -7.407909035682678223e-01, 6.249896832741796970e-04, -3.632426261901855469e-03, 3.010026179254055023e-03
8.469649553298950195e-01, 2.912481129169464111e-01, 4.447751045227050781e-01, -4.315846017561852932e-04, -5.010980657971231267e-06, 8.251281687989830971e-04
4.657983481884002686e-01, -8.746253252029418945e-01, 1.343964189291000366e-01, 9.823775617405772209e-04, 2.777398331090807915e-04, -1.597300986759364605e-03
5.527047514915466309e-01, -8.331696987152099609e-01, 1.859350688755512238e-02, 5.616607377305626869e-04, 3.581876226235181093e-04, -6.454659160226583481e-04
3.230770528316497803e-01, 8.647717237472534180e-01, 3.844361007213592529e-01, -2.111623995006084442e-03, 4.180055693723261356e-04, 8.343072840943932533e-04
1.708351671695709229e-01, 7.864182591438293457e-01, -5.936005711555480957e-01, 1.360263791866600513e-03, -1.763380132615566254e-03, -1.944697229191660881e-03
-7.810251712799072266e-01, -2.828716039657592773e-01, -5.567613840103149414e-01, 9.167789830826222897e-04, 1.442918204702436924e-03, -2.019156003370881081e-03
-2.438890039920806885e-01, 9.548284411430358887e-01, 1.697667539119720459e-01, 2.647649263963103294e-03, 8.558745030313730240e-04, -1.010096166282892227e-03
8.486422896385192871e-01, 1.539111584424972534e-01, 5.060806870460510254e-01, -8.973380317911505699e-04, -3.685473056975752115e-04, 1.616822322830557823e-03
-8.177554011344909668e-01, -5.668256878852844238e-01, 9.992342442274093628e-02, 8.784012752585113049e-04, -1.278677256777882576e-03, -6.474670226452872157e-05
-4.396708309650421143e-01, 6.829838752746582031e-01, -5.832859873771667480e-01, 2.580211032181978226e-03, 8.452979964204132557e-04, -9.551380062475800514e-04
-4.217726886272430420e-01, 7.770247459411621094e-01, -4.672690033912658691e-01, 1.756210462190210819e-03, 2.017200458794832230e-03, 1.769201597198843956e-03
9.215643405914306641e-01, -3.877511322498321533e-01, 1.918920874595642090e-02, -2.424208068987354636e-04, -4.868023970630019903e-04, 1.805608044378459454e-03
9.560016989707946777e-01, 1.773898303508758545e-01, -2.336527556180953979e-01, -3.457248385529965162e-04, -2.261634683236479759e-03, -3.131589386612176895e-03
-7.322915792465209961e-01, -3.592733740806579590e-01, 5.785081386566162109e-01, 2.468175487592816353e-03, -2.920431725215166807e-04, 2.942915773019194603e-03
9.603744149208068848e-01, -2.702346146106719971e-01, -6.822222471237182617e-02, -5.241311737336218357e-04, -1.951835118234157562e-03, 3.531289985403418541e-04
5.816546082496643066e-01, 7.949866652488708496e-01, -1.722617745399475098e-01, 3.431340155657380819e-04, -1.092163030989468098e-03, -3.881706157699227333e-03
4.308881461620330811e-01, -7.481846213340759277e-01, 5.045346617698669434e-01, -1.971460878849029541e-03, -1.729020383208990097e-03, -8.803106029517948627e-04
-5.881037116050720215e-01, -6.000127196311950684e-01, 5.423271656036376953e-01, 1.176677527837455273e-03, 5.991783691570162773e-04, 1.938909059390425682e-03
4.231607615947723389e-01, -4.144708216190338135e-01, -8.056977987289428711e-01, 4.635041987057775259e-04, -4.144208040088415146e-03, 2.375319832935929298e-03
-7.863471657037734985e-02, 5.550433993339538574e-01, -8.280962705612182617e-01, 1.710326410830020905e-03, 2.175228204578161240e-03, 1.295567955821752548e-03
2.302007824182510376e-01, -3.348364830017089844e-01, -9.137243032455444336e-01, 1.400719629600644112e-03, -1.083373674191534519e-03, 7.498977356590330601e-04
-8.654627203941345215e-01, -2.395353019237518311e-01, -4.399966597557067871e-01, 1.014475477859377861e-03, -7.178469095379114151e-04, -1.604650751687586308e-03
-4.841620624065399170e-01, 4.033694267272949219e-01, 7.764536142349243164e-01, 1.424917834810912609e-03, -2.009194577112793922e-03, 1.932296669110655785e-03
4.381282627582550049e-01, -8.947183489799499512e-01, -8.673370629549026489e-02, 9.917685529217123985e-04, 3.536602889653295279e-04, 1.361586735583841801e-03
9.875697493553161621e-01, 3.890757635235786438e-02, 1.522901505231857300e-01, -2.382110542384907603e-04, 2.798781497403979301e-03, 8.297070744447410107e-04
1.702902168035507202e-01, -8.075270056724548340e-01, -5.647135376930236816e-01, 3.926103003323078156e-03, 4.801811883226037025e-04, 4.972745082341134548e-04
9.247633814811706543e-02, 8.683040142059326172e-01, -4.873358905315399170e-01, 2.485882490873336792e-03, -1.398944412358105183e-03, -2.020831685513257980e-03
5.194708704948425293e-01, -5.540358424186706543e-01, -6.505338549613952637e-01, 8.433689363300800323e-04, -3.454354824498295784e-03, 3.615402849391102791e-03
8.966484069824218750e-01, -2.508428990840911865e-01, 3.648280203342437744e-01, -1.969974022358655930e-03, -2.236738801002502441e-03, 3.303759032860398293e-03
-8.282833099365234375e-01, -2.869454026222229004e-01, 4.812578558921813965e-01, 1.802398008294403553e-03, -2.020721789449453354e-03, 1.897235284559428692e-03
1.598682105541229248e-01, 9.398413896560668945e-01, -3.018945455551147461e-01, 3.572854911908507347e-03, -5.885406280867755413e-04, 5.979263005428947508e-05
-1.440917104482650757e-01, -7.449551224708557129e-01, 6.513673663139343262e-01, -4.887974937446415424e-04, 1.129888463765382767e-03, 1.184100634418427944e-03
7.228806614875793457e-01, 5.481579899787902832e-01, 4.206737577915191650e-01, 1.668038894422352314e-03, -2.474900102242827415e-03, 3.585752856452018023e-04
-5.805120468139648438e-01, 4.607517123222351074e-01, 6.713520884513854980e-01, 1.375949708744883537e-03, -2.832897705957293510e-03, 3.134000580757856369e-03
-3.267723917961120605e-01, 9.006085395812988281e-01, 2.865730524063110352e-01, 1.692373887635767460e-03, 9.440890280529856682e-04, -1.037199981510639191e-03
1.763609945774078369e-01, -8.692874312400817871e-01, 4.617750346660614014e-01, -2.073929179459810257e-03, 6.523010088130831718e-04, 2.020025392994284630e-03
-2.162412973120808601e-03, -3.390516936779022217e-01, 9.407652616500854492e-01, 4.083800304215401411e-04, 2.434234338579699397e-04, 8.866845746524631977e-05
-1.991332918405532837e-01, 1.878920793533325195e-01, -9.617912769317626953e-01, 2.565238624811172485e-03, -1.783580868504941463e-03, -8.795517496764659882e-04
2.895844280719757080e-01, 6.831214427947998047e-01, 6.704370975494384766e-01, -2.206946723163127899e-03, 3.497150319162756205e-04, 5.969234043732285500e-04
-6.231259107589721680e-01, 7.241440415382385254e-01, 2.955158054828643799e-01, 1.444220193661749363e-03, -6.906557828187942505e-04, 4.737699870020151138e-03
-6.279886513948440552e-02, 2.136014550924301147e-01, 9.749003648757934570e-01, -5.490798503160476685e-04, -4.757014103233814240e-03, 1.006896141916513443e-03
-6.977810263633728027e-01, 3.509132564067840576e-01, 6.244689822196960449e-01, -1.266175822820514441e-04, -2.312910743057727814e-03, 1.158231520093977451e-03
-2.010592669248580933e-01, 4.796862304210662842e-01, 8.540938496589660645e-01, 2.151941182091832161e-03, 2.465227444190531969e-04, 3.681259986478835344e-04
-5.848497152328491211e-01, 1.636859029531478882e-01, 7.944543957710266113e-01, -2.878148807212710381e-04, -2.609960734844207764e-03, 3.258655488025397062e-04
-3.416723310947418213e-01, 2.949264049530029297e-01, 8.923443555831909180e-01, -2.375152917011291720e-06, -2.364605665206909180e-03, 7.806101348251104355e-04
-9.337664246559143066e-01, -3.467192649841308594e-01, 8.869073539972305298e-02, -5.023155827075242996e-04, 6.357714300975203514e-04, -2.803124953061342239e-03
-3.543625026941299438e-02, -8.187270760536193848e-01, 5.730884075164794922e-01, -2.743101911619305611e-03, 4.129480803385376930e-04, 4.203304415568709373e-04
-7.963436841964721680e-02, 7.610385417938232422e-01, 6.438001990318298340e-01, 6.555726868100464344e-04, -6.535492138937115669e-04, 8.536534151062369347e-04
7.337649911642074585e-02, 9.961695671081542969e-01, 4.756105691194534302e-02, 6.230190629139542580e-04, -5.324611720425309613e-07, -9.500323212705552578e-04
-6.978754401206970215e-01, 2.108902931213378906e-01, 6.844670772552490234e-01, -9.096551802940666676e-04, -1.981983426958322525e-03, -3.168084076605737209e-04
-5.376085042953491211e-01, -3.244072794914245605e-01, -7.782910466194152832e-01, 1.743124681524932384e-03, 3.591890679672360420e-03, -2.701244084164500237e-03
4.454212486743927002e-01, -5.696974992752075195e-01, 6.906841993331909180e-01, -1.249901251867413521e-03, -1.434074831195175648e-03, -3.768093010876327753e-04
-3.934242129325866699e-01, -2.436106093227863312e-02, 9.190342426300048828e-01, -7.950571598485112190e-04, -1.131955534219741821e-03, -3.703565453179180622e-04
6.486061215400695801e-01, 3.027502596378326416e-01, 6.983211040496826172e-01, 1.435212179785594344e-04, -2.068235538899898529e-03, 7.633595960214734077e-04
-9.701234102249145508e-01, -3.879100456833839417e-02, -2.394909262657165527e-01, 3.574023430701345205e-04, -2.764474367722868919e-03, -9.999861940741539001e-04
-9.745240807533264160e-01, 6.192927435040473938e-02, 2.155635356903076172e-01, 2.143771271221339703e-04, -2.878841478377580643e-04, 1.051866798661649227e-03
3.576443195343017578e-01, 7.834727764129638672e-01, 5.081937909126281738e-01, -1.933243242092430592e-03, 9.240300860255956650e-04, -6.402852159226313233e-05
-5.298231244087219238e-01, -1.906311698257923126e-02, -8.478938937187194824e-01, -1.275160931982100010e-03, 8.827323472360149026e-05, 7.948246784508228302e-04
-4.266532063484191895e-01, -4.168191850185394287e-01, 8.026386499404907227e-01, 7.753605605103075504e-04, 3.900714509654790163e-04, 6.147216190584003925e-04
4.984246492385864258e-01, -4.349574446678161621e-01, 7.499232292175292969e-01, -1.005034544505178928e-03, -3.156550810672342777e-04, 4.848995886277407408e-04
-6.327863335609436035e-01, -4.745943546295166016e-01, 6.118346452713012695e-01, 2.433757763355970383e-03, 3.560555342119187117e-04, 2.793288324028253555e-03
5.152159929275512695e-01, 8.431707024574279785e-01, 1.536740213632583618e-01, 2.320948522537946701e-03, -8.964699809439480305e-04, -2.862634835764765739e-03
6.361156105995178223e-01, 2.972288429737091064e-01, -7.120476961135864258e-01, 9.110496612265706062e-04, -3.950014710426330566e-03, -8.349514100700616837e-04
-2.363644093275070190e-01, -8.843489289283752441e-01, -4.025653004646301270e-01, 1.603091717697679996e-03, 6.996621959842741489e-04, -2.478254493325948715e-03
-3.274116516113281250e-01, 9.443215727806091309e-01, 3.253274783492088318e-02, 2.620594808831810951e-03, 9.219247731380164623e-04, -3.866927872877568007e-04
2.898092269897460938e-01, -6.133411526679992676e-01, 7.347266674041748047e-01, -1.955486135557293892e-03, -1.446392736397683620e-03, -4.360998864285647869e-04
-7.978924512863159180e-01, 2.293467074632644653e-01, -5.574654340744018555e-01, -2.154235495254397392e-03, 1.530948444269597530e-03, 3.713174257427453995e-03
-6.126414984464645386e-02, 9.760615229606628418e-01, -2.086880207061767578e-01, 2.911174437031149864e-03, -2.392293245065957308e-04, -1.973535167053341866e-03
3.905643820762634277e-01, -8.816135525703430176e-01, 2.649849355220794678e-01, 1.232324051670730114e-03, 6.488655926659703255e-04, 3.424602909944951534e-04
-9.147877693176269531e-01, 1.855101669207215309e-03, 4.039306640625000000e-01, 5.529945483431220055e-04, -2.052705502137541771e-03, 1.261802157387137413e-03
-6.786445975303649902e-01, -2.605430781841278076e-01, 6.867014169692993164e-01, 1.364596188068389893e-03, 2.091722330078482628e-03, 2.142211422324180603e-03
-5.306910872459411621e-01, 8.385134339332580566e-01, -1.235402822494506836e-01, 1.411235192790627480e-03, 1.013099681586027145e-03, 8.140481077134609222e-04
8.502101302146911621e-01, -5.234308838844299316e-01, -5.623964220285415649e-02, -6.822199211455881596e-04, -8.939695544540882111e-04, -1.993237528949975967e-03
-3.528530299663543701e-01, 8.618584871292114258e-01, -3.642727434635162354e-01, 1.136712729930877686e-03, 1.361753558740019798e-03, 2.120791003108024597e-03
-4.569537043571472168e-01, 7.030299901962280273e-01, 5.449239015579223633e-01, -1.497824094258248806e-03, -2.374776173382997513e-03, 1.807780121453106403e-03
-7.882162332534790039e-01, -5.225838422775268555e-01, 3.249943554401397705e-01, 8.930749027058482170e-04, -1.347375568002462387e-03, -5.555892812481033616e-07
-6.995315551757812500e-01, 3.305815458297729492e-01, -6.335388422012329102e-01, -2.936143660917878151e-03, 7.745742332190275192e-04, 3.646161872893571854e-03
8.646578192710876465e-01, 4.503060281276702881e-01, -2.226912081241607666e-01, 6.395910168066620827e-04, -1.316055655479431152e-03, -1.778266450855880976e-04
-5.112316608428955078e-01, -1.706888973712921143e-01, -8.423226475715637207e-01, 3.743320703506469727e-04, 1.442480017431080341e-03, -5.194989498704671860e-04
4.831722080707550049e-01, 1.229121256619691849e-02, -8.754390478134155273e-01, 4.222752992063760757e-03, -1.591292442753911018e-03, 2.308279275894165039e-03
7.187616825103759766e-01, 6.884645819664001465e-01, -9.694446623325347900e-02, 1.138743129558861256e-03, -1.636351225897669792e-03, -3.177952952682971954e-03
-1.120973229408264160e-01, 7.235857844352722168e-02, 9.910592436790466309e-01, -1.533885370008647442e-03, -6.797998677939176559e-03, 3.228354908060282469e-04
-1.758615300059318542e-02, 4.229621589183807373e-01, -9.059767127037048340e-01, 7.616867660544812679e-04, -1.130725795519538224e-04, -6.757410301361232996e-05
-2.772429287433624268e-01, -9.606797695159912109e-01, -1.518982276320457458e-02, 2.334337681531906128e-03, -7.582336547784507275e-04, 5.348386708647012711e-03
-6.010429859161376953e-01, 3.152171373367309570e-01, 7.344286441802978516e-01, 1.153586563304997981e-04, -3.022144315764307976e-03, 1.391513273119926453e-03
9.594977498054504395e-01, 1.693530976772308350e-01, 2.251301407814025879e-01, -1.060446258634328842e-03, 4.473671782761812210e-03, 1.154290512204170227e-03
-9.969971776008605957e-01, -6.213195994496345520e-02, -4.622008651494979858e-02, 1.005323429126292467e-04, -2.467416052240878344e-04, -1.836862065829336643e-03
-3.712993264198303223e-01, -7.006101608276367188e-01, -6.093293428421020508e-01, 1.045182230882346630e-03, -1.142986700870096684e-03, 6.773226778022944927e-04
-3.806904554367065430e-01, -8.320395350456237793e-01, 4.034661650657653809e-01, 3.242761129513382912e-03, -1.903983415104448795e-03, -8.667424554005265236e-04
4.363607168197631836e-01, 8.769115209579467773e-01, -2.015328407287597656e-01, -6.007741321809589863e-04, -2.578957064542919397e-04, -2.422959543764591217e-03
-8.107447624206542969e-01, -5.122082829475402832e-01, -2.834354043006896973e-01, 1.666606869548559189e-03, -8.878004155121743679e-04, -3.162816166877746582e-03
-6.410244703292846680e-01, 2.235764414072036743e-01, -7.342351078987121582e-01, -2.568774623796343803e-03, 1.708513475023210049e-03, 2.762917196378111839e-03
-6.028469204902648926e-01, -1.675316542387008667e-01, 7.800697088241577148e-01, 6.053670076653361320e-04, 2.911140676587820053e-03, 1.093045691959559917e-03
6.498526930809020996e-01, 4.299433231353759766e-01, -6.267696022987365723e-01, 5.967631004750728607e-04, -3.140900516882538795e-03, -1.535813440568745136e-03
8.951519727706909180e-01, 3.057990968227386475e-01, -3.243297636508941650e-01, -3.470410592854022980e-04, -3.037629649043083191e-03, -3.821909194812178612e-03
6.922177672386169434e-01, -4.433481991291046143e-01, 5.694531798362731934e-01, 1.640602014958858490e-03, 1.286169048398733139e-03, -9.929405059665441513e-04
4.069513678550720215e-01, 6.958800554275512695e-01, -5.917274951934814453e-01, 2.115516923367977142e-03, 9.319538366980850697e-05, 1.564513077028095722e-03
-5.134935379028320312e-01, -7.936764955520629883e-01, 3.261931836605072021e-01, 9.914833353832364082e-04, -1.169968047179281712e-03, -1.285912469029426575e-03
8.806959986686706543e-01, -4.474323391914367676e-01, 1.554956585168838501e-01, -2.551295910961925983e-04, 1.219243509694933891e-03, 4.953325260430574417e-03
2.243226915597915649e-01, 5.632852315902709961e-01, 7.952289581298828125e-01, -2.513426821678876877e-03, -2.107879379764199257e-03, 2.202077535912394524e-03
-6.185104325413703918e-02, -9.087390303611755371e-01, -4.127563536167144775e-01, 5.764285451732575893e-04, 9.609708795323967934e-04, -2.202084753662347794e-03
-2.549964785575866699e-01, 2.351220883429050446e-02, 9.666560888290405273e-01, -2.209387021139264107e-03, -4.192810971289873123e-03, -4.808365774806588888e-04
-5.391260981559753418e-01, 8.171594738960266113e-01, 2.039444744586944580e-01, 3.958578163292258978e-04, -4.514446773100644350e-04, 2.855285070836544037e-03
-5.789158940315246582e-01, -3.808429241180419922e-01, 7.209819555282592773e-01, 1.515842508524656296e-03, 1.027916674502193928e-03, 1.760127604939043522e-03
5.521207302808761597e-02, -7.575154900550842285e-01, -6.504783034324645996e-01, 3.485863097012042999e-03, -8.156775729730725288e-04, 1.245775725692510605e-03
6.283512711524963379e-01, 5.580461025238037109e-01, 5.419955849647521973e-01, 8.018437074497342110e-05, -9.673228487372398376e-04, 9.030088549479842186e-04
-8.722537159919738770e-01, -4.526824653148651123e-01, 1.850733011960983276e-01, 2.453831548336893320e-04, -9.828114416450262070e-04, -1.247425330802798271e-03
6.547095179557800293e-01, 6.659519672393798828e-01, 3.575800061225891113e-01, 3.552736248821020126e-03, -2.947889268398284912e-03, -1.014759065583348274e-03
8.479585051536560059e-01, -1.642689853906631470e-01, -5.039663314819335938e-01, 9.892023081192746758e-05, 2.030060160905122757e-03, -4.952626186423003674e-04
5.640740990638732910e-01, -7.005562782287597656e-01, 4.370826184749603271e-01, -1.115843304432928562e-03, -1.714966958388686180e-03, -1.308706239797174931e-03
5.268851518630981445e-01, 6.907036900520324707e-01, -4.952982664108276367e-01, 1.260501332581043243e-03, -8.506894228048622608e-04, 1.545839622849598527e-04
1.366442535072565079e-02, 8.563729524612426758e-01, 5.161769390106201172e-01, -7.362601172644644976e-05, -2.871388103812932968e-03, 4.765778779983520508e-03
2.498986124992370605e-01, -5.952572226524353027e-01, -7.636880874633789062e-01, 1.991308294236660004e-03, -1.993340672925114632e-03, 2.205318538472056389e-03
1.380200684070587158e-01, -9.736565351486206055e-01, -1.815028488636016846e-01, 1.048563513904809952e-03, 1.746962516335770488e-04, -1.397848245687782764e-04
2.461373209953308105e-01, 1.447154432535171509e-01, -9.583704471588134766e-01, 6.183208897709846497e-03, -2.932806964963674545e-03, 1.145168906077742577e-03
-7.421866059303283691e-01, 1.297290474176406860e-01, -6.575175523757934570e-01, -1.712818862870335579e-03, 1.844700775109231472e-03, 2.297341823577880859e-03
1.352541148662567139e-01, -2.038428336381912231e-01, -9.696155786514282227e-01, 3.428679425269365311e-03, 6.550042890012264252e-04, 3.405731986276805401e-04
8.320630788803100586e-01, 3.080381751060485840e-01, -4.612846374511718750e-01, -9.285206906497478485e-04, -4.063261672854423523e-03, -4.388239700347185135e-03
8.174409866333007812e-01, -5.691146850585937500e-01, 8.887512981891632080e-02, 5.950969061814248562e-04, 1.053830608725547791e-03, 1.274753361940383911e-03
2.285587042570114136e-01, -7.233222126960754395e-01, 6.515871882438659668e-01, -3.289074636995792389e-03, -1.685891766101121902e-03, -7.177800289355218410e-04
4.729184806346893311e-01, 1.563618704676628113e-02, 8.809674382209777832e-01, -1.332324463874101639e-03, 1.737744896672666073e-03, 6.843716837465763092e-04
-6.134144663810729980e-01, 5.842998623847961426e-01, -5.313345193862915039e-01, 4.556931962724775076e-04, -3.686876734718680382e-04, -9.315278730355203152e-04
-8.840705752372741699e-01, 4.673133790493011475e-01, 6.113685667514801025e-03, -1.175201730802655220e-03, -2.227842109277844429e-03, 3.498970472719520330e-04
7.467722892761230469e-01, 4.361958801746368408e-01, -5.020601153373718262e-01, 1.711985969450324774e-04, -4.335476551204919815e-03, -3.512070979923009872e-03
1.379276216030120850e-01, -9.732031226158142090e-01, 1.839882582426071167e-01, 3.344038035720586777e-03, 3.111994883511215448e-04, -8.607881027273833752e-04
-8.792951703071594238e-01, 1.324615031480789185e-01, -4.574867188930511475e-01, -8.256729925051331520e-04, 1.623395946808159351e-04, 1.633957726880908012e-03
-9.243106245994567871e-01, 2.808373868465423584e-01, 2.584186792373657227e-01, -5.780708743259310722e-04, -1.293747045565396547e-04, -1.927042729221284389e-03
5.614780783653259277e-01, 6.773593425750732422e-01, 4.753174483776092529e-01, 7.700475980527698994e-04, -5.008226726204156876e-04, -1.959277869900688529e-04
6.818899512290954590e-02, -5.422353148460388184e-01, 8.374551534652709961e-01, -6.051179952919483185e-04, 3.732895129360258579e-04, 2.909686008933931589e-04
9.848693758249282837e-02, 1.411132067441940308e-01, -9.850824475288391113e-01, 5.448193755000829697e-03, -6.501945317722856998e-04, 4.515610635280609131e-04
-9.410170316696166992e-01, -3.268525004386901855e-01, -8.748935163021087646e-02, 2.107165928464382887e-04, 4.239010449964553118e-04, -3.850080305710434914e-03
7.586530447006225586e-01, 2.997998893260955811e-01, 5.784164071083068848e-01, 6.144905637484043837e-05, -1.302994322031736374e-03, 5.947601748630404472e-04
-9.029195904731750488e-01, -1.322636753320693970e-02, -4.296060204505920410e-01, -2.340767823625355959e-04, -1.656371052376925945e-03, 5.429632728919386864e-04
-8.390237689018249512e-01, -1.049464344978332520e-01, -5.338776707649230957e-01, 2.374763425905257463e-04, -1.285572187043726444e-03, -1.204996442538686097e-04
5.349310040473937988e-01, -2.803512215614318848e-01, 7.970269918441772461e-01, -1.179452170617878437e-03, -3.081136674154549837e-04, 6.832209182903170586e-04
-3.049053810536861420e-02, -4.368222057819366455e-01, -8.990309834480285645e-01, 1.686067203991115093e-03, -7.778668077662587166e-04, 3.207680128980427980e-04
-5.169283151626586914e-01, 2.605067491531372070e-01, -8.154270648956298828e-01, -1.364348921924829483e-03, -7.705691386945545673e-04, 6.187336985021829605e-04
7.584941387176513672e-01, 5.711042881011962891e-01, -3.138892054557800293e-01, 9.647677070461213589e-04, -2.411270746961236000e-03, -2.055873628705739975e-03
3.671042919158935547e-01, 1.525680124759674072e-01, 9.175823926925659180e-01, -1.998447347432374954e-03, 1.825717918109148741e-04, 7.691778009757399559e-04
-6.518039107322692871e-01, -5.328419208526611328e-01, -5.396584272384643555e-01, 1.902894349768757820e-03, 1.411284320056438446e-03, -3.691789461299777031e-03
-9.764539003372192383e-01, -2.150189727544784546e-01, 1.745536364614963531e-02, -3.147365932818502188e-04, 1.151835429482161999e-03, -3.417819272726774216e-03
-9.935014843940734863e-01, -4.084588959813117981e-02, 1.062377318739891052e-01, -2.708651845750864595e-05, 6.583604263141751289e-04, -1.805377252139805933e-07
-6.545988321304321289e-01, -2.551361024379730225e-01, -7.116219997406005859e-01, 1.040655886754393578e-03, 2.031403360888361931e-03, -1.685580820776522160e-03
-9.177334904670715332e-01, -3.187259733676910400e-01, 2.370209842920303345e-01, 3.384946103324182332e-05, -1.151013420894742012e-03, -1.416723127476871014e-03
-7.428508996963500977e-01, -6.302016377449035645e-01, 2.258725017309188843e-01, 1.292832021135836840e-04, -6.038639694452285767e-04, -1.259639393538236618e-03
-6.901994943618774414e-01, -5.939243435859680176e-01, 4.133745431900024414e-01, 7.845086511224508286e-04, -2.338748599868267775e-04, 9.738468797877430916e-04
-2.175504118204116821e-01, 5.874465703964233398e-01, -7.794731259346008301e-01, 4.802637267857789993e-03, 1.862059812992811203e-03, 6.292063335422426462e-05
-7.898587584495544434e-01, 3.581384420394897461e-01, 4.978554248809814453e-01, -4.932853626087307930e-04, -5.176248960196971893e-04, -4.102483799215406179e-04
-3.602604269981384277e-01, 6.598714590072631836e-01, 6.593800187110900879e-01, -2.243672497570514679e-04, -6.147780222818255424e-04, 4.926504334434866905e-04
2.197936363518238068e-02, 9.311161637306213379e-01, -3.640600144863128662e-01, 3.281436394900083542e-03, -7.583285914734005928e-04, -1.741383457556366920e-03
-4.543966054916381836e-01, 8.272905945777893066e-01, 3.303240537643432617e-01, -5.705381045117974281e-04, -6.485426565632224083e-04, 8.394260657951235771e-04
3.621339499950408936e-01, -9.313704967498779297e-01, 3.752311691641807556e-02, 1.966177020221948624e-03, 6.934010889381170273e-04, -1.764410408213734627e-03
7.370407581329345703e-01, -5.123685002326965332e-01, -4.407372772693634033e-01, -1.403093803673982620e-03, -1.211523544043302536e-03, -9.379530674777925014e-04
9.872014522552490234e-01, 2.357872761785984039e-02, -1.577258259057998657e-01, -1.521646190667524934e-04, -2.679594792425632477e-03, -1.352971652522683144e-03
5.993092656135559082e-01, 5.602428317070007324e-01, -5.718010067939758301e-01, 9.454897954128682613e-04, -1.491166418418288231e-03, -4.700489516835659742e-04
3.616512715816497803e-01, 9.290540814399719238e-01, -7.789002358913421631e-02, -8.057911763899028301e-04, 1.511555892648175359e-04, -1.938421512022614479e-03
-4.212931394577026367e-01, 5.352494120597839355e-01, 7.321339845657348633e-01, 1.585010904818773270e-03, -1.109146629460155964e-03, 1.722941873595118523e-03
4.146906733512878418e-01, 9.078745245933532715e-01, 6.160773709416389465e-02, -6.974092102609574795e-04, 4.896798636764287949e-04, -2.521740738302469254e-03
-1.347371935844421387e-01, 9.332681298255920410e-01, -3.329511582851409912e-01, 1.510977745056152344e-03, -3.329496830701828003e-04, -1.544719678349792957e-03
-1.953166574239730835e-01, 9.724645018577575684e-01, -1.271387338638305664e-01, 2.034934703260660172e-03, 2.113612572429701686e-04, -1.509495312348008156e-03
-7.385595887899398804e-02, 8.805670142173767090e-01, -4.681313335895538330e-01, 1.426141010597348213e-03, -1.265982748009264469e-03, -2.606344642117619514e-03
7.614380866289138794e-02, -9.432067275047302246e-01, 3.233623206615447998e-01, 4.307361377868801355e-04, 5.698767490684986115e-04, 1.560830161906778812e-03
6.501890420913696289e-01, -6.954390406608581543e-01, 3.059719502925872803e-01, 1.488678681198507547e-04, -2.786925178952515125e-04, -9.497796418145298958e-04
-4.631899595260620117e-01, 8.862564563751220703e-01, 2.123906509950757027e-03, 1.849931082688271999e-03, 9.635884780436754227e-04, 1.357403700239956379e-03
1.305899024009704590e-01, 3.990260958671569824e-01, -9.075926542282104492e-01, -1.583420671522617340e-03, -3.334535285830497742e-03, -1.693871454335749149e-03
5.502871870994567871e-01, -4.237866997718811035e-01, -7.194364666938781738e-01, 1.035568071529269218e-03, -5.275472998619079590e-03, 3.899628762155771255e-03
-6.033741831779479980e-01, 7.629020810127258301e-01, -2.322068661451339722e-01, 1.291397726163268089e-03, 9.110139217227697372e-04, -3.625287208706140518e-04
5.875596776604652405e-02, -9.456803798675537109e-01, -3.197442293167114258e-01, 2.836716594174504280e-04, 2.737890172284096479e-04, -7.576352218165993690e-04
9.842244982719421387e-01, 1.551743447780609131e-01, -8.498898893594741821e-02, 1.409838732797652483e-04, -1.053863787092268467e-03, -2.914829528890550137e-04
8.199917078018188477e-01, -3.118006587028503418e-01, 4.799936711788177490e-01, -3.277525247540324926e-04, -1.265055907424539328e-04, 4.777350986842066050e-04
4.070250988006591797e-01, -3.484208881855010986e-01, 8.443538546562194824e-01, -1.532347523607313633e-03, -6.469952058978378773e-04, 4.716947150882333517e-04
-8.987387269735336304e-02, 9.060096144676208496e-01, 4.136051833629608154e-01, 2.661569509655237198e-03, -1.579905161634087563e-03, 4.039153456687927246e-03
-2.821024134755134583e-02, -9.789698719978332520e-01, -2.020452916622161865e-01, 5.599777214229106903e-04, -6.798538379371166229e-05, 2.512235369067639112e-04
6.191884279251098633e-01, -6.652072668075561523e-01, -4.172588884830474854e-01, 1.163096516393125057e-03, 6.520965253002941608e-04, 6.863761227577924728e-04
-3.146773576736450195e-01, -4.883778095245361328e-01, -8.139197230339050293e-01, 2.909864531829953194e-03, 9.996440494433045387e-04, -1.724829198792576790e-03
-5.027351975440979004e-01, -2.878066599369049072e-01, 8.151224851608276367e-01, 4.990775487385690212e-04, 1.688555232249200344e-03, 9.040129370987415314e-04
-6.532071232795715332e-01, 6.741870641708374023e-01, -3.446626663208007812e-01, 1.197431818582117558e-03, 8.019878878258168697e-04, -7.006303058005869389e-04
2.348263114690780640e-01, 2.947806119918823242e-01, 9.262618422508239746e-01, -2.633321331813931465e-03, -2.010707743465900421e-03, 1.307503669522702694e-03
5.164362192153930664e-01, 4.382212162017822266e-01, 7.357008457183837891e-01, -4.710842913482338190e-04, -3.752423450350761414e-03, 2.565820934250950813e-03
-9.554675221443176270e-01, -7.948444783687591553e-02, 2.841900885105133057e-01, 6.009449134580790997e-04, -1.581313204951584339e-03, 1.578146358951926231e-03
9.572061896324157715e-01, 2.887637019157409668e-01, -1.928440853953361511e-02, -2.329033450223505497e-04, 9.069431107491254807e-04, 2.020062413066625595e-03
-1.345742493867874146e-01, 5.994422435760498047e-01, 7.890238761901855469e-01, 1.519355922937393188e-03, 4.036401223856955767e-04, -4.751790402224287391e-05
-5.012511014938354492e-01, -5.078241229057312012e-01, 7.006154060363769531e-01, 1.218558754771947861e-03, 7.919366471469402313e-04, 1.445826725102961063e-03
1.453702300786972046e-01, 6.783899664878845215e-01, 7.201767563819885254e-01, -2.295668702572584152e-03, -5.382132949307560921e-04, 9.703733376227319241e-04
-6.090384125709533691e-01, -7.611287832260131836e-01, -2.230587899684906006e-01, 1.562126330099999905e-03, -1.787522924132645130e-04, -3.655275795608758926e-03
7.421152591705322266e-01, -6.702527999877929688e-01, -5.106947384774684906e-03, 3.500063903629779816e-04, 3.951948019675910473e-04, -1.005557947792112827e-03
2.315805852413177490e-01, -9.164349436759948730e-01, 3.263700902462005615e-01, 1.406825380399823189e-03, 1.101698959246277809e-03, 2.095296280458569527e-03
-4.683882594108581543e-01, -1.485055536031723022e-01, 8.709526658058166504e-01, 2.031423209700733423e-04, 1.774198841303586960e-03, 4.117650387343019247e-04
6.050145998597145081e-02, 9.208880066871643066e-01, 3.851038813591003418e-01, -7.941086660139262676e-04, -2.495311200618743896e-03, 6.091724615544080734e-03
-3.092447817325592041e-01, -9.114170670509338379e-01, -2.714527547359466553e-01, 2.384049119427800179e-03, -2.863099507521837950e-04, -1.754658878780901432e-03
-5.026866868138313293e-02, -1.977166384458541870e-01, 9.789694547653198242e-01, -1.561717508593574166e-04, -2.062981948256492615e-03, -4.246673779562115669e-04
-1.822074204683303833e-01, 9.828863739967346191e-01, 2.710625901818275452e-02, 1.986092654988169670e-03, 4.112969909328967333e-04, -1.563379191793501377e-03
-8.879200220108032227e-01, -4.148989021778106689e-01, -1.986377537250518799e-01, 9.769777534529566765e-04, -5.377627094276249409e-04, -3.243899671360850334e-03
8.423944115638732910e-01, 1.664644330739974976e-01, -5.125049352645874023e-01, -1.736963866278529167e-03, -9.124997304752469063e-04, -3.151399083435535431e-03
-3.043034076690673828e-01, 7.448416948318481445e-02, -9.496586322784423828e-01, -8.037039660848677158e-04, 5.343710654415190220e-04, 2.994466049131006002e-04
-6.209978461265563965e-01, 8.136019110679626465e-02, -7.795782089233398438e-01, -1.634571934118866920e-03, 6.642470834776759148e-04, 1.371393911540508270e-03
9.919869899749755859e-01, -1.261104643344879150e-01, 7.610084488987922668e-03, -2.073431533062830567e-04, -1.557409646920859814e-03, 1.218915567733347416e-03
1.308103799819946289e-01, -8.884576559066772461e-01, -4.399223625659942627e-01, 1.890924409963190556e-03, 6.617346080020070076e-04, -7.741607259958982468e-04
-2.864423990249633789e-01, -1.249939426779747009e-01, 9.499090909957885742e-01, -9.544742060825228691e-04, -5.443069967441260815e-04, -3.594417357817292213e-04
-6.168499961495399475e-02, 9.909266233444213867e-01, 1.194129660725593567e-01, 1.164408633485436440e-03, 9.060755837708711624e-05, -1.503931998740881681e-04
8.813023567199707031e-01, -1.302134245634078979e-01, 4.542582631111145020e-01, -1.490720664151012897e-03, -3.453480778262019157e-03, 1.902191317640244961e-03
2.759104669094085693e-01, 6.935737729072570801e-01, -6.654538512229919434e-01, 7.925946847535669804e-04, -1.415818696841597557e-03, -1.147021073848009109e-03
-6.470628380775451660e-01, 7.594850063323974609e-01, -6.702394038438796997e-02, -5.730515113100409508e-04, -4.862195055466145277e-04, 2.273667269037105143e-05
6.630894541740417480e-01, -7.116764783859252930e-01, -2.320106774568557739e-01, 4.944477695971727371e-04, 1.118059080909006298e-04, 1.070181257091462612e-03
-6.275314092636108398e-01, 4.656997025012969971e-01, -6.239616274833679199e-01, -1.335820183157920837e-03, -1.411315635778009892e-03, 2.901136758737266064e-04
-6.923000812530517578e-01, -3.989772796630859375e-01, -6.012800931930541992e-01, 9.498271974734961987e-04, 3.531409427523612976e-03, -3.436863655224442482e-03
8.208640813827514648e-01, 4.341265261173248291e-01, -3.711016178131103516e-01, 5.145133472979068756e-04, -3.713395679369568825e-03, -3.205962944775819778e-03
-5.089538544416427612e-02, 3.578637838363647461e-01, 9.323857426643371582e-01, 2.468694874551147223e-04, -1.590529340319335461e-03, 6.239449139684438705e-04
3.501872122287750244e-01, 5.740743875503540039e-01, -7.401401996612548828e-01, 1.392780832247808576e-04, -2.454202855005860329e-03, -1.837653806433081627e-03
-6.672064065933227539e-01, -7.399902343750000000e-01, -8.514743298292160034e-02, 7.506845868192613125e-04, -3.742264816537499428e-04, -2.629998140037059784e-03
-3.217797875404357910e-01, -6.706078052520751953e-01, 6.683883666992187500e-01, 9.289804729633033276e-04, 1.092839404009282589e-03, 1.543703954666852951e-03
-6.735697984695434570e-01, 7.231412529945373535e-01, 1.528736799955368042e-01, 7.684773881919682026e-04, 2.586821392469573766e-05, 3.263588761910796165e-03
-9.422280788421630859e-01, 3.316129148006439209e-01, 4.731981083750724792e-02, -6.565254298038780689e-04, -1.884334720671176910e-03, 1.325669436482712626e-04
-1.657404005527496338e-01, -8.512045741081237793e-01, 4.979768097400665283e-01, 5.900730611756443977e-04, -5.633071996271610260e-04, -7.664830191060900688e-04
-1.955098807811737061e-01, -6.369490027427673340e-01, 7.457022666931152344e-01, 1.038905233144760132e-03, 1.633623614907264709e-03, 1.667758217081427574e-03
3.796691596508026123e-01, 4.396890103816986084e-01, 8.139563202857971191e-01, -2.795358886942267418e-03, -4.240552429109811783e-03, 3.594585461542010307e-03
-9.695411920547485352e-01, 2.065505385398864746e-01, 1.316310018301010132e-01, -1.119764419854618609e-04, -4.950788570567965508e-04, -4.791398896486498415e-05
-9.138550162315368652e-01, -2.139001637697219849e-01, 3.451315164566040039e-01, 9.304756531491875648e-04, -2.630623988807201385e-03, 8.333894656971096992e-04
4.183311462402343750e-01, -8.494605422019958496e-01, -3.215833604335784912e-01, 3.145614871755242348e-03, 5.398053908720612526e-04, 2.666074782609939575e-03
6.326355338096618652e-01, 4.396052956581115723e-01, 6.375887393951416016e-01, 4.150023160036653280e-04, -2.270903205499053001e-03, 1.153966179117560387e-03
-3.446648716926574707e-01, 9.309931993484497070e-01, -1.202404424548149109e-01, 2.506000688299536705e-03, 9.728776058182120323e-04, 3.494001575745642185e-04
-2.228507101535797119e-01, 8.702114820480346680e-01, -4.393968582153320312e-01, 3.763009444810450077e-04, 9.635191963752731681e-05, -2.819487754379679245e-08
7.228606939315795898e-01, 1.564229838550090790e-02, -6.908167004585266113e-01, -2.484733340679667890e-05, -7.953751483000814915e-04, -4.400973193696700037e-05
2.046686559915542603e-01, 9.290136694908142090e-01, 3.082924187183380127e-01, -2.818898530676960945e-03, -3.221108345314860344e-04, 2.842060290277004242e-03
8.185418844223022461e-01, 2.219125069677829742e-02, 5.740180611610412598e-01, -1.558788120746612549e-03, -1.083274139091372490e-03, 2.264689421281218529e-03
-4.654777944087982178e-01, -7.325242161750793457e-01, -4.967279732227325439e-01, 2.591910073533654213e-03, -1.085223280824720860e-03, -8.284699870273470879e-04
3.413811922073364258e-01, 9.223185479640960693e-03, -9.398796558380126953e-01, 7.323043886572122574e-03, -9.624202502891421318e-04, 2.650416688993573189e-03
7.493163347244262695e-01, 6.602934002876281738e-01, 5.037578195333480835e-02, 2.965291496366262436e-03, -3.013576148077845573e-03, -4.607308655977249146e-03
-9.426860809326171875e-01, 8.442024141550064087e-02, -3.228253126144409180e-01, -2.053109492408111691e-04, -1.960912719368934631e-03, 8.674368291394785047e-05
8.947884440422058105e-01, 2.602295950055122375e-02, -4.457312524318695068e-01, -1.257538329809904099e-03, 2.444882178679108620e-03, -2.381721511483192444e-03
-9.739997386932373047e-01, -1.852050274610519409e-01, -1.304742097854614258e-01, 5.945943412370979786e-04, -7.171187899075448513e-04, -3.420758293941617012e-03
-9.236389398574829102e-01, 3.691874444484710693e-01, -1.029161289334297180e-01, -1.375764142721891403e-03, -3.364703850820660591e-03, 2.769527200143784285e-04
7.986262440681457520e-01, -1.709187179803848267e-01, 5.770467519760131836e-01, -7.382591138593852520e-04, -8.295031730085611343e-04, 7.760471780784428120e-04
2.711461186408996582e-01, 9.603743553161621094e-01, 6.450410932302474976e-02, -1.231056288816034794e-03, 4.698732518590986729e-04, -1.820939709432423115e-03
6.129195913672447205e-02, -9.966964125633239746e-01, -5.328792706131935120e-02, 2.070470480248332024e-03, 1.831545669119805098e-04, -1.044257194735109806e-03
-5.027545690536499023e-01, 7.944710850715637207e-01, -3.406663239002227783e-01, 2.311426913365721703e-03, 2.128517488017678261e-03, 1.552737201564013958e-03
-6.954005956649780273e-01, 6.126365065574645996e-01, 3.756253719329833984e-01, 3.003003308549523354e-03, 2.705802035052329302e-04, 5.118193104863166809e-03
-4.812354445457458496e-01, 2.651651501655578613e-01, 8.355237245559692383e-01, 9.218984632752835751e-05, -3.101814305409789085e-03, 1.037502661347389221e-03
-2.054483145475387573e-01, -9.549989700317382812e-01, 2.139346003532409668e-01, 2.745594829320907593e-03, 3.835384850390255451e-04, 4.348789807409048080e-03
8.581451177597045898e-01, -3.942954838275909424e-01, 3.288130760192871094e-01, -1.231865491718053818e-03, 9.462138987146317959e-04, 4.349605180323123932e-03
-5.306868553161621094e-01, -5.861948728561401367e-01, -6.121658086776733398e-01, 1.938068424351513386e-03, 2.970672212541103363e-04, -1.964576775208115578e-03
4.818524718284606934e-01, 5.703045725822448730e-01, -6.652600169181823730e-01, 1.685029710642993450e-03, -7.966083940118551254e-04, 5.375737673602998257e-04
-2.299092113971710205e-01, -2.154813110828399658e-01, -9.490572214126586914e-01, -6.702402606606483459e-04, 3.181133186444640160e-03, -5.599033902399241924e-04
-2.817919850349426270e-01, 7.641142606735229492e-01, 5.802781581878662109e-01, -2.051654882961884141e-04, 3.407862677704542875e-04, -5.483811837621033192e-04
9.514082670211791992e-01, 3.896781429648399353e-02, 3.054567575454711914e-01, -4.692516231443732977e-04, 1.565783633850514889e-03, 1.261830679140985012e-03
-7.199841141700744629e-01, -1.506216917186975479e-02, -6.938270330429077148e-01, -1.456221216358244419e-04, -4.014048317912966013e-04, 1.598260569153353572e-04
-9.597011208534240723e-01, 1.862858235836029053e-01, -2.104075551033020020e-01, -3.950726531911641359e-04, -2.518944675102829933e-03, -4.281787259969860315e-04
-8.253667950630187988e-01, 5.514234900474548340e-01, 1.212507188320159912e-01, 3.371181082911789417e-04, 3.212430747225880623e-04, 8.338516927324235439e-04
-1.506657600402832031e-01, 4.738775640726089478e-02, -9.874483346939086914e-01, 7.283565355464816093e-04, 2.888751914724707603e-03, 2.749823215708602220e-05
5.263671278953552246e-01, 7.899261713027954102e-01, -3.145699203014373779e-01, 2.491748891770839691e-04, -1.370785408653318882e-03, -3.025278914719820023e-03
1.309439837932586670e-01, -6.478877663612365723e-01, 7.503966689109802246e-01, -2.558519598096609116e-03, -6.230492726899683475e-04, -9.147595119429752231e-05
7.339005917310714722e-02, 1.427254676818847656e-01, 9.870376586914062500e-01, 7.140651578083634377e-04, -5.387136247009038925e-03, 7.258855039253830910e-04
-3.964420557022094727e-01, -4.664435982704162598e-02, -9.168740510940551758e-01, -1.874121371656656265e-03, 1.767839537933468819e-03, 7.204051944427192211e-04
-2.713029384613037109e-01, -7.741668820381164551e-01, 5.718919038772583008e-01, 1.359997899271547794e-03, -4.745093174278736115e-04, 2.836208295775577426e-06
6.271780133247375488e-01, -5.683284997940063477e-01, -5.325884819030761719e-01, 4.200622206553816795e-04, -1.301922602578997612e-03, 1.883956254459917545e-03
9.246472716331481934e-01, -3.070116043090820312e-01, 2.253248095512390137e-01, -1.557418727315962315e-03, -5.084204021841287613e-04, 5.698315799236297607e-03
-4.806355834007263184e-01, 8.866591006517410278e-02, 8.724263906478881836e-01, -3.929896047338843346e-04, -2.492599422112107277e-03, 3.682120586745440960e-05
3.845112621784210205e-01, -2.047917693853378296e-01, 9.001174569129943848e-01, -8.058117236942052841e-04, -1.607740065082907677e-03, -2.156190566893201321e-05
-8.920092582702636719e-01, 4.214294254779815674e-01, 1.634528189897537231e-01, -1.026411046041175723e-04, 1.812863411032594740e-05, -6.068830844014883041e-04
7.219849228858947754e-01, -5.801374912261962891e-01, 3.770652413368225098e-01, 5.268596578389406204e-04, 9.328823070973157883e-04, 4.264918679837137461e-04
6.395145058631896973e-01, -5.769425034523010254e-01, 5.080930590629577637e-01, 4.095553595107048750e-04, -5.140441353432834148e-04, -1.099189394153654575e-03
-5.341472625732421875e-01, -7.677031159400939941e-01, -3.540036380290985107e-01, 2.725569298490881920e-03, -4.499534843489527702e-04, -3.136761020869016647e-03
2.870202958583831787e-01, -1.825095266103744507e-01, -9.403773546218872070e-01, 5.021747667342424393e-03, -2.662134065758436918e-04, 1.584395882673561573e-03
7.254467010498046875e-01, -6.070356965065002441e-01, -3.243991136550903320e-01, -1.241551712155342102e-03, -6.417211843654513359e-04, -1.575626782141625881e-03
3.043338954448699951e-01, 7.966333627700805664e-01, -5.222606062889099121e-01, 2.027470385655760765e-03, -4.393492417875677347e-05, 1.114439684897661209e-03
7.643561363220214844e-01, -2.537764012813568115e-01, -5.927539467811584473e-01, 4.189613973721861839e-04, -1.209516427479684353e-03, 1.058082212693989277e-03
-9.316080808639526367e-01, -2.575705945491790771e-01, -2.564446032047271729e-01, 1.224653795361518860e-03, -1.284653553739190102e-03, -3.158609382808208466e-03
-5.333495140075683594e-01, -8.403491973876953125e-01, -9.670289605855941772e-02, 5.865343846380710602e-04, 5.957988832960836589e-05, -3.752687480300664902e-03
5.165275931358337402e-01, -6.403118968009948730e-01, 5.685067176818847656e-01, -1.185019849799573421e-03, -2.149321138858795166e-03, -1.344118732959032059e-03
-1.688828766345977783e-01, 4.449415504932403564e-01, -8.794916868209838867e-01, 3.994401078671216965e-03, 4.229217011015862226e-04, -5.530587513931095600e-04
-5.148431286215782166e-02, 1.627502888441085815e-01, -9.853231310844421387e-01, 3.793390467762947083e-03, -1.344977936241775751e-04, -2.204248012276366353e-04
-7.515875250101089478e-02, -5.035591721534729004e-01, 8.606854081153869629e-01, 1.182812033221125603e-03, 3.988828684668987989e-04, 3.366616729181259871e-04
3.900054097175598145e-01, 1.523830294609069824e-01, -9.081162810325622559e-01, 4.907113034278154373e-03, -3.997887950390577316e-03, 1.436589518561959267e-03
6.998129934072494507e-02, 5.343982577323913574e-01, -8.423307538032531738e-01, -2.582348883152008057e-03, -5.751741700805723667e-04, -5.794495227746665478e-04
5.131827592849731445e-01, 3.086737096309661865e-01, -8.008520007133483887e-01, 1.677395193837583065e-03, -4.738102667033672333e-03, -7.513465243391692638e-04
-3.644187152385711670e-01, -5.479061603546142578e-01, 7.529926300048828125e-01, 1.088094664737582207e-03, 8.629283402115106583e-04, 1.154494355432689190e-03
-1.502635031938552856e-01, -9.451914429664611816e-01, -2.898859977722167969e-01, 1.120079657994210720e-03, 1.173251584987156093e-04, -9.631435386836528778e-04
2.671529650688171387e-01, -3.872202038764953613e-01, 8.824340105056762695e-01, -9.587580570951104164e-04, 4.595539649017155170e-04, 4.919163184240460396e-04
1.130670607089996338e-01, -4.841800928115844727e-01, -8.676320910453796387e-01, 1.339280861429870129e-03, -9.507897775620222092e-04, 7.051168940961360931e-04
-1.774764992296695709e-02, -2.195310741662979126e-01, -9.754440784454345703e-01, 6.520405295304954052e-04, 1.842577126808464527e-03, -4.265494353603571653e-04
-3.057556748390197754e-01, 4.748031198978424072e-01, -8.252729773521423340e-01, 4.606721457093954086e-03, -9.719934314489364624e-04, -2.265961375087499619e-03
-7.482617497444152832e-01, -4.668012559413909912e-01, 4.713819324970245361e-01, 2.231957856565713882e-03, -1.255780342034995556e-03, 2.299385843798518181e-03
2.892771959304809570e-01, -7.948347330093383789e-01, 5.334383845329284668e-01, -2.574088051915168762e-03, -8.101664134301245213e-04, 1.887314138002693653e-04
-4.146080911159515381e-01, 8.951458334922790527e-01, 1.637500077486038208e-01, 1.581216696649789810e-03, 6.527156801894307137e-04, 4.354780248831957579e-04
6.610385179519653320e-01, -7.434946894645690918e-01, 1.012115925550460815e-01, 8.787870174273848534e-04, 5.829297588206827641e-04, -1.457411330193281174e-03
9.333129525184631348e-01, 3.153626620769500732e-01, -1.716777831315994263e-01, 3.745785797946155071e-04, -1.299622235819697380e-03, -3.509671951178461313e-04
1.926996558904647827e-02, 7.986496686935424805e-01, -6.014876961708068848e-01, 1.210526796057820320e-03, -2.528577344492077827e-03, -3.318639006465673447e-03
-7.866726517677307129e-01, -4.084152281284332275e-01, -4.629720747470855713e-01, 1.460149069316685200e-03, 1.849771244451403618e-03, -4.112849012017250061e-03
-2.540433406829833984e-01, 3.224088251590728760e-01, -9.118741750717163086e-01, 3.625341458246111870e-03, -3.145325928926467896e-03, -2.122085308656096458e-03
-5.849074125289916992e-01, 3.629800975322723389e-01, -7.253473401069641113e-01, -1.626736833713948727e-03, -7.358872680924832821e-04, 9.435175452381372452e-04
6.056804060935974121e-01, 1.699392870068550110e-02, 7.955265045166015625e-01, -1.800126745365560055e-03, 3.122914349660277367e-03, 1.303829485550522804e-03
-1.551189422607421875e-01, 8.315806388854980469e-01, 5.333026647567749023e-01, 1.990213990211486816e-03, -4.859154578298330307e-04, 1.336572808213531971e-03
-8.963850140571594238e-01, 3.586966395378112793e-01, -2.604431807994842529e-01, -1.350754639133810997e-03, -3.104292089119553566e-03, 3.735825594048947096e-04
-5.907726883888244629e-01, -8.059554100036621094e-01, 3.772801160812377930e-02, -1.515754556749016047e-04, -5.030030661146156490e-05, -3.448007162660360336e-03
-7.482535243034362793e-01, -1.558781415224075317e-01, -6.448400020599365234e-01, 7.737759733572602272e-04, -4.258576082065701485e-04, -7.949239225126802921e-04
8.413093090057373047e-01, -4.178807437419891357e-01, -3.428912758827209473e-01, -2.338625723496079445e-03, -1.647097989916801453e-03, -3.730678232386708260e-03
4.073537290096282959e-01, 4.308546781539916992e-01, -8.052497506141662598e-01, 3.497247525956481695e-04, -4.798612557351589203e-03, -2.390615874901413918e-03
5.333816409111022949e-01, -2.938300669193267822e-01, -7.932010293006896973e-01, 1.558416173793375492e-03, -4.052276723086833954e-03, 2.549052936956286430e-03
-1.719402968883514404e-01, -4.746584296226501465e-01, -8.632125258445739746e-01, 2.582432236522436142e-03, -3.394883824512362480e-04, -3.277097130194306374e-04
-9.226158261299133301e-02, -7.277219891548156738e-01, -6.796385645866394043e-01, 1.211502356454730034e-03, -1.275928574614226818e-03, 1.201735809445381165e-03
1.905689090490341187e-01, 9.797506928443908691e-01, -6.141804531216621399e-02, 1.288667204789817333e-03, -3.349307226017117500e-04, -1.344371936284005642e-03
6.185838580131530762e-01, -3.582743704319000244e-01, 6.992806792259216309e-01, 4.414311842992901802e-04, 8.096366073004901409e-04, 2.432475776004139334e-05
8.349555134773254395e-01, 5.499651432037353516e-01, -1.968797482550144196e-02, 7.558946381323039532e-04, -1.191346091218292713e-03, -1.222089165821671486e-03
-1.443288624286651611e-01, -6.040120720863342285e-01, -7.837975621223449707e-01, 1.576828653924167156e-03, -1.329822465777397156e-03, 7.344332407228648663e-04
-8.240246772766113281e-01, 4.275671392679214478e-02, -5.649382472038269043e-01, -6.719994707964360714e-04, 2.946451422758400440e-04, 1.002485165372490883e-03
-4.799155294895172119e-01, 1.238707974553108215e-01, -8.685258030891418457e-01, -1.762373023666441441e-03, -4.116742347832769156e-04, 9.151090052910149097e-04
-1.170723419636487961e-02, 6.634616255760192871e-01, -7.481186985969543457e-01, 2.231657854281365871e-04, -4.540368681773543358e-04, -4.061503568664193153e-04
-4.053178429603576660e-01, -3.333024084568023682e-01, -8.512502312660217285e-01, 2.493943087756633759e-03, 3.074088366702198982e-03, -2.391119254752993584e-03
-3.760330006480216980e-02, 9.976543784141540527e-01, -5.719796940684318542e-02, 2.132177818566560745e-03, -2.961378413601778448e-05, -1.918271766044199467e-03
7.400994300842285156e-01, -6.440863013267517090e-01, 1.934053897857666016e-01, 9.596862364560365677e-04, 1.236417796462774277e-03, 4.451610438991338015e-04
-3.921942114830017090e-01, 3.440108895301818848e-01, -8.531355261802673340e-01, 1.852273941040039062e-03, -3.188397735357284546e-03, -2.137168776243925095e-03
8.215289711952209473e-01, 4.271090626716613770e-01, 3.777142465114593506e-01, 8.805689285509288311e-04, -1.871647429652512074e-03, 2.011698525166139007e-04
-8.634791010990738869e-04, -5.752200484275817871e-01, -8.179982304573059082e-01, 2.378773409873247147e-03, -1.306507969275116920e-03, 9.162313072010874748e-04
5.094701051712036133e-01, -1.363952308893203735e-01, 8.496096134185791016e-01, -1.253606402315199375e-03, 3.001351433340460062e-04, 7.999109802767634392e-04
-2.312349826097488403e-01, -5.125103592872619629e-01, 8.269603848457336426e-01, 1.786184962838888168e-03, 4.116938216611742973e-04, 7.546017295680940151e-04
-3.361594974994659424e-01, -9.336118698120117188e-01, 1.239581257104873657e-01, 3.235432785004377365e-03, -4.862589994445443153e-04, 5.111760459840297699e-03
1.526676211506128311e-02, -9.949048757553100586e-01, 9.965547174215316772e-02, 2.357516204938292503e-03, 3.490114613668993115e-05, -1.272703684662701562e-05
-6.333479285240173340e-01, -7.019110918045043945e-01, 3.258699774742126465e-01, -5.259061581455171108e-04, -1.533591712359338999e-04, -1.352459890767931938e-03
1.900259256362915039e-01, 6.668400485068559647e-03, -9.817564487457275391e-01, 7.519027218222618103e-03, 7.340757874771952629e-04, 1.460347324609756470e-03
7.759449481964111328e-01, -4.501610696315765381e-01, 4.418873786926269531e-01, 6.075390265323221684e-04, 1.705617061816155910e-03, 6.707264110445976257e-04
9.017358422279357910e-01, 3.083215057849884033e-01, 3.030022084712982178e-01, -7.675342494621872902e-04, 1.503622275777161121e-03, 7.541663944721221924e-04
-1.580717712640762329e-01, 7.011491656303405762e-01, -6.952720284461975098e-01, 3.157661994919180870e-03, 5.501017440110445023e-04, -1.631502818781882524e-04
-1.221961602568626404e-01, -3.238673508167266846e-01, -9.381780028343200684e-01, 8.924339781515300274e-04, 6.609266274608671665e-04, -3.443958412390202284e-04
5.253686904907226562e-01, -8.293374776840209961e-01, -1.902288049459457397e-01, 1.767362351529300213e-03, 3.496973658911883831e-04, 3.356483066454529762e-03
7.435345053672790527e-01, 3.099450170993804932e-01, -5.925288796424865723e-01, -3.021198499482125044e-04, -4.258578643202781677e-03, -2.606728114187717438e-03
-9.965105354785919189e-02, -9.215530157089233398e-01, 3.752461671829223633e-01, 3.606228856369853020e-04, 1.733317476464435458e-04, 5.214465782046318054e-04
-5.922948718070983887e-01, -6.552994251251220703e-01, -4.687956869602203369e-01, 2.940716687589883804e-03, -9.746865835040807724e-04, -2.352965064346790314e-03
9.128735065460205078e-01, 1.734200567007064819e-01, 3.695774078369140625e-01, -8.816418121568858624e-04, 2.174847293645143509e-03, 1.157173886895179749e-03
1.485594920814037323e-02, 9.684566259384155273e-01, 2.487387806177139282e-01, 2.232143160654231906e-04, -8.854659390635788441e-04, 3.434202400967478752e-03
-9.050571322441101074e-01, 2.374921143054962158e-01, -3.528018295764923096e-01, -7.681831484660506248e-04, -1.466546207666397095e-03, 9.834315860643982887e-04
4.274900555610656738e-01, 7.962673306465148926e-01, -4.280311167240142822e-01, 1.005619997158646584e-03, -3.957926237490028143e-04, 2.680549223441630602e-04
8.316401839256286621e-01, -5.084497928619384766e-01, -2.232788652181625366e-01, -2.441293094307184219e-03, -2.006133086979389191e-03, -4.524653311818838120e-03
6.498423218727111816e-01, 1.502133309841156006e-01, -7.450777888298034668e-01, 8.448104490526020527e-04, -3.057854017242789268e-03, 1.203406573040410876e-04
-2.104407995939254761e-01, 1.844080388545989990e-01, 9.600564241409301758e-01, -1.908355625346302986e-03, -4.750167019665241241e-03, 4.941095830872654915e-04
3.747003674507141113e-01, -2.926423251628875732e-01, -8.797500133514404297e-01, 1.963639166206121445e-03, -2.036909339949488640e-03, 1.513909781351685524e-03
-4.818344861268997192e-02, -6.275616884231567383e-01, 7.770744562149047852e-01, -3.970090183429419994e-04, 1.069232472218573093e-03, 8.388901478610932827e-04
8.529026061296463013e-02, 4.360288977622985840e-01, 8.958818912506103516e-01, -1.286660088226199150e-03, -1.702707959339022636e-03, 9.512073011137545109e-04
-9.713639020919799805e-01, 2.281212210655212402e-01, -6.642933934926986694e-02, -5.319110932759940624e-04, -2.252560807392001152e-03, 4.248554614605382085e-05
-8.667280673980712891e-01, -3.631342053413391113e-01, -3.419297039508819580e-01, 1.488633686676621437e-03, 5.482022606884129345e-05, -3.831628942862153053e-03
9.109128117561340332e-01, 1.633563041687011719e-01, -3.788833916187286377e-01, -1.654322957620024681e-03, -1.037043286487460136e-03, -4.424452316015958786e-03
-8.559540510177612305e-01, 3.728621900081634521e-01, 3.582129478454589844e-01, -3.510085807647556067e-04, 8.669341914355754852e-04, -1.741126761771738529e-03
-9.949067607522010803e-03, 6.702200770378112793e-01, 7.420957088470458984e-01, -3.141609777230769396e-04, -3.618602640926837921e-04, 3.226004482712596655e-04
7.212926447391510010e-02, 7.747073769569396973e-01, 6.281925439834594727e-01, -1.836874056607484818e-03, -1.510930596850812435e-03, 2.074239077046513557e-03
1.094142645597457886e-01, -6.542752981185913086e-01, -7.482996582984924316e-01, 3.500445745885372162e-03, -1.514654257334768772e-03, 1.836162060499191284e-03
-2.045741379261016846e-01, 6.926557421684265137e-01, 6.916483044624328613e-01, 9.187904652208089828e-04, 6.060068262740969658e-04, -3.351318009663373232e-04
4.841223359107971191e-01, -8.012098670005798340e-01, 3.516934216022491455e-01, -7.506284746341407299e-04, -6.038293358869850636e-04, -3.423379384912550449e-04
2.784623205661773682e-01, -8.599005341529846191e-01, -4.278197288513183594e-01, 3.166368464007973671e-03, 7.921757642179727554e-04, 4.687065957114100456e-04
1.796439439058303833e-01, -9.829462170600891113e-01, 3.930266946554183960e-02, 3.575423266738653183e-03, 5.398241337388753891e-04, -2.841665875166654587e-03
6.497191190719604492e-01, 7.510405778884887695e-01, 1.174867302179336548e-01, 4.314944613724946976e-03, -3.041681367903947830e-03, -4.418164957314729691e-03
6.349751949310302734e-01, 1.594329923391342163e-01, 7.559018731117248535e-01, -1.323330914601683617e-03, 1.114433049224317074e-03, 8.765753591433167458e-04
5.821204781532287598e-01, 7.665405869483947754e-01, 2.712034583091735840e-01, 4.379170946776866913e-03, -2.494551707059144974e-03, -2.348900306969881058e-03
-1.326490789651870728e-01, 7.999598979949951172e-01, -5.852079987525939941e-01, 1.493128947913646698e-03, -1.095433835871517658e-03, -1.835868926718831062e-03
2.124527245759963989e-01, -9.284067153930664062e-01, -3.048357665538787842e-01, 1.333680120296776295e-03, -1.101357383959111758e-06, 9.328513406217098236e-04
8.098202943801879883e-01, -5.231246352195739746e-01, 2.655780315399169922e-01, 1.418065658072009683e-04, 2.054166514426469803e-03, 3.613805631175637245e-03
4.321728050708770752e-01, 6.809451580047607422e-01, 5.912193059921264648e-01, -9.214743040502071381e-04, 8.928844472393393517e-04, -3.548077947925776243e-04
2.646347582340240479e-01, 9.448822140693664551e-01, -1.927850842475891113e-01, 1.464297180064022541e-03, -5.062764394097030163e-04, -4.713417438324540854e-04
9.995775222778320312e-01, 2.891445159912109375e-02, -2.953926334157586098e-03, 1.234883075085235760e-05, -4.090816655661910772e-04, 1.744257024256512523e-04
7.558460235595703125e-01, 1.583802849054336548e-01, 6.353050470352172852e-01, -9.800873231142759323e-04, -1.590950414538383484e-04, 1.205708482302725315e-03
3.586341440677642822e-02, 1.104061724618077278e-03, -9.993560910224914551e-01, 4.237470217049121857e-03, 3.236155025660991669e-03, 1.556432835059240460e-04
-3.556590378284454346e-01, 2.103440165519714355e-01, -9.106382727622985840e-01, 6.534559070132672787e-04, -2.734384732320904732e-03, -8.868164150044322014e-04
-4.544815719127655029e-01, -4.512594342231750488e-01, -7.679917812347412109e-01, 2.489609410986304283e-03, 2.967034000903367996e-03, -3.216679906472563744e-03
-3.459396362304687500e-01, 4.446435570716857910e-01, 8.262069225311279297e-01, 2.133047208189964294e-03, -3.422106092330068350e-04, 1.077293418347835541e-03
-8.289826512336730957e-01, -5.463182330131530762e-01, -1.196836158633232117e-01, 1.231421949341893196e-03, -1.834697788581252098e-03, -1.545621053082868457e-04
9.857612103223800659e-02, -2.287008613348007202e-01, 9.684929847717285156e-01, 2.470329636707901955e-04, -1.580397365614771843e-03, -3.983403148595243692e-04
-7.422794699668884277e-01, 6.695294380187988281e-01, 2.741334773600101471e-02, -7.509186980314552784e-04, -8.598553831689059734e-04, 6.678121862933039665e-04
5.236337184906005859e-01, 1.570243090391159058e-01, -8.373476266860961914e-01, 2.699912758544087410e-03, -3.679016605019569397e-03, 9.984745411202311516e-04
-4.687220752239227295e-01, -8.519548177719116211e-01, -2.333936840295791626e-01, 1.903950003907084465e-03, -2.397928028585738502e-06, -3.814929630607366562e-03
4.991084337234497070e-01, 8.640344738960266113e-01, -6.584221124649047852e-02, -3.103364433627575636e-04, -5.275942385196685791e-05, -3.044817131012678146e-03
-7.171741127967834473e-01, 5.507394075393676758e-01, -4.270215630531311035e-01, -7.343964534811675549e-04, -7.680865819565951824e-04, 2.427853905828669667e-04
3.485144376754760742e-01, 8.797261118888854980e-01, -3.234497308731079102e-01, 7.330226944759488106e-04, -3.214791649952530861e-04, -8.454057388007640839e-05
3.822970986366271973e-01, 2.991206645965576172e-01, -8.742858171463012695e-01, 1.738643855787813663e-03, -6.145363673567771912e-03, -1.342269126325845718e-03
-4.608143270015716553e-01, -6.334568262100219727e-01, 6.215968132019042969e-01, 6.851286743767559528e-04, 8.617608691565692425e-04, 1.386116142384707928e-03
6.913962364196777344e-01, 5.657978653907775879e-01, -4.492706060409545898e-01, 7.133740000426769257e-04, -2.997727366164326668e-03, -2.677414333447813988e-03
6.547170281410217285e-01, -3.104483485221862793e-01, -6.891788244247436523e-01, 1.164909219369292259e-03, -4.167631268501281738e-03, 2.984015271067619324e-03
-4.735894873738288879e-02, -9.708225131034851074e-01, 2.350760102272033691e-01, 1.161300810053944588e-03, 3.782139974646270275e-04, 1.795915537513792515e-03
-8.184589147567749023e-01, 4.522078037261962891e-01, -3.544476628303527832e-01, -1.725000329315662384e-03, -2.279739361256361008e-03, 1.074703293852508068e-03
-5.522403120994567871e-01, 6.995868086814880371e-01, -4.534411728382110596e-01, 2.100627403706312180e-03, 1.714884652756154537e-03, 8.746316598262637854e-05
-7.618340253829956055e-01, 5.818666815757751465e-01, -2.846754491329193115e-01, -8.508317987434566021e-04, -1.484985230490565300e-03, -7.583049591630697250e-04
-3.042417466640472412e-01, 6.836596131324768066e-01, -6.633599400520324707e-01, 3.825260326266288757e-03, 9.750432800501585007e-04, -7.495271274819970131e-04
-5.808998346328735352e-01, 8.118237853050231934e-01, 5.913937091827392578e-02, 1.755626435624435544e-04, -3.629541606642305851e-05, 2.222712151706218719e-03
9.634162187576293945e-01, -2.553499042987823486e-01, 8.139781653881072998e-02, -5.253311246633529663e-04, -8.444334380328655243e-04, 3.568726591765880585e-03
-7.491469979286193848e-01, 6.203615665435791016e-01, 2.322289347648620605e-01, 2.279621548950672150e-03, 1.547011430375277996e-03, 3.221240360289812088e-03
6.243892312049865723e-01, 6.817626357078552246e-01, -3.812320232391357422e-01, 8.289814577437937260e-04, -2.310028765350580215e-03, -2.773335436359047890e-03
-5.765509605407714844e-01, -4.544583559036254883e-01, -6.790115237236022949e-01, 1.374188228510320187e-03, 3.495533484965562820e-03, -3.506367327645421028e-03
1.170977950096130371e-01, -8.008913397789001465e-01, 5.872488021850585938e-01, -4.062206018716096878e-03, -2.290146512677893043e-04, 4.976757918484508991e-04
-5.160487890243530273e-01, 5.876542329788208008e-01, 6.231822967529296875e-01, 6.696494529023766518e-04, -2.958525437861680984e-03, 3.344385186210274696e-03
9.836621284484863281e-01, 1.654215455055236816e-01, 7.102436572313308716e-02, -5.863581318408250809e-04, 2.890784060582518578e-03, 1.387979136779904366e-03
-1.921453326940536499e-01, -2.419574111700057983e-01, 9.510713815689086914e-01, -2.328796836081892252e-05, -1.195178629131987691e-04, -3.511083195917308331e-05
-4.080492258071899414e-01, -5.798747539520263672e-01, -7.051532268524169922e-01, 1.660216017626225948e-03, 2.362518716836348176e-04, -1.154992030933499336e-03
8.738374114036560059e-01, 4.335640072822570801e-01, 2.200691848993301392e-01, 9.541589533910155296e-04, -1.622587442398071289e-03, -5.920150433667004108e-04
1.865506619215011597e-01, 8.719595670700073242e-01, 4.526425600051879883e-01, -3.313902067020535469e-03, -1.507256296463310719e-03, 4.269322846084833145e-03
-1.044657304883003235e-01, 3.069784343242645264e-01, -9.459657073020935059e-01, 3.605768084526062012e-03, -1.975530758500099182e-03, -1.039281254634261131e-03
-8.201696276664733887e-01, 4.978778362274169922e-01, 2.818500995635986328e-01, 1.512343529611825943e-03, 2.049259375780820847e-03, 7.809021626599133015e-04
-1.459011733531951904e-01, -9.861207604408264160e-01, 7.923818379640579224e-02, 1.816357020288705826e-03, 1.233366056112572551e-04, 4.879382438957691193e-03
-7.178165912628173828e-01, -8.924164623022079468e-02, 6.904891133308410645e-01, 4.336795536801218987e-04, 2.640014979988336563e-03, 7.920496864244341850e-04
-6.120512485504150391e-01, 6.076934337615966797e-01, 5.060651302337646484e-01, 1.708116265945136547e-03, -2.629105234518647194e-03, 5.222933832556009293e-03
6.589720845222473145e-01, -4.420247673988342285e-01, -6.085802316665649414e-01, 5.606186459772288799e-04, -3.652032697573304176e-03, 3.259588265791535378e-03
-6.640162467956542969e-01, -6.687843203544616699e-01, -3.343800306320190430e-01, 2.598315011709928513e-03, -1.120725879445672035e-03, -2.918234560638666153e-03
2.688941657543182373e-01, -4.662753343582153320e-01, -8.427830338478088379e-01, 3.410698263905942440e-04, -2.028655027970671654e-03, 1.231186906807124615e-03
-2.549208104610443115e-01, -8.990107774734497070e-01, 3.560828566551208496e-01, 3.533765906468033791e-03, -8.179885335266590118e-04, 4.646387824323028326e-04
4.453399404883384705e-02, 2.803435325622558594e-01, -9.588661193847656250e-01, 2.638732315972447395e-03, -2.425553742796182632e-03, -5.866042920388281345e-04
-8.681614398956298828e-01, 2.429943978786468506e-01, 4.327232241630554199e-01, -1.355452463030815125e-03, -6.769368192180991173e-04, -2.339277649298310280e-03
7.278084754943847656e-01, 6.543204188346862793e-01, 2.053281515836715698e-01, 5.146603565663099289e-03, -4.407255444675683975e-03, -4.198082257062196732e-03
6.239902377128601074e-01, -1.776341795921325684e-01, -7.609745860099792480e-01, 1.251325709745287895e-03, -2.713073743507266045e-03, 1.659384812228381634e-03
4.700721204280853271e-01, -1.756693720817565918e-01, -8.649696707725524902e-01, 3.183769993484020233e-03, -1.580263255164027214e-03, 2.051176503300666809e-03
-8.479296565055847168e-01, 4.895626604557037354e-01, -2.033315896987915039e-01, -1.787719316780567169e-03, -3.158583538606762886e-03, -1.498263154644519091e-04
-4.767937660217285156e-01, -8.656307458877563477e-01, 1.528105288743972778e-01, 1.657021581195294857e-03, -8.915824000723659992e-04, 1.196017183247022331e-04
6.213694810867309570e-01, 7.830424308776855469e-01, -2.728533186018466949e-02, 1.678889151662588120e-03, -1.469562062993645668e-03, -3.940539900213479996e-03
-1.985907852649688721e-01, 3.306444883346557617e-01, 9.226244688034057617e-01, 2.257233863929286599e-04, -1.748568727634847164e-03, 6.752273184247314930e-04
