2.573150396347045898e-02, 7.638720562681555748e-04, 9.996685981750488281e-01, 9.100402239710092545e-04, -1.236382406204938889e-03, -2.247971679025795311e-05
-4.308832287788391113e-01, 8.717392683029174805e-01, -2.332600355148315430e-01, -5.604182370007038116e-04, -6.488992366939783096e-04, -1.389848650433123112e-03
5.732805132865905762e-01, -7.908711433410644531e-01, 2.141782045364379883e-01, -1.902728341519832611e-03, -9.385424782522022724e-04, 1.627294113859534264e-03
-5.448510646820068359e-01, 7.234352231025695801e-01, 4.240033626556396484e-01, -3.643201780505478382e-04, -3.261661913711577654e-04, 8.834805339574813843e-05
3.502561151981353760e-01, -8.445971012115478516e-01, 4.049400091171264648e-01, -1.447893329896032810e-03, 1.727776252664625645e-04, 1.612735097296535969e-03
3.168854117393493652e-01, -7.726483941078186035e-01, -5.500891804695129395e-01, -5.542286817217245698e-05, 3.377297834958881140e-04, -5.062980344519019127e-04
7.310130000114440918e-01, 4.369696974754333496e-01, 5.240968465805053711e-01, -5.499967955984175205e-04, -6.954803830012679100e-04, 1.347000361420214176e-03
-1.634778345760423690e-05, -8.446015119552612305e-01, -5.353954434394836426e-01, -2.334218472242355347e-03, -7.949263672344386578e-04, 1.254090224392712116e-03
-7.620441317558288574e-01, -6.473800539970397949e-01, -1.370522566139698029e-02, -1.474024495109915733e-03, 1.700234832242131233e-03, 1.647081691771745682e-03
-7.330010533332824707e-01, -5.420000553131103516e-01, -4.110298156738281250e-01, -1.283582649193704128e-03, 5.993909435346722603e-04, 1.498668571002781391e-03
9.217363595962524414e-01, -3.020108044147491455e-01, -2.432931065559387207e-01, -6.075781420804560184e-04, -2.301317173987627029e-03, 5.548689514398574829e-04
8.666272759437561035e-01, -2.840457558631896973e-01, -4.102135300636291504e-01, -2.042220585281029344e-04, -2.104509854689240456e-03, 1.025789417326450348e-03
3.617472350597381592e-01, -4.863452911376953125e-01, 7.953661084175109863e-01, 2.744456578511744738e-04, -5.968288751319050789e-04, -4.897679318673908710e-04
9.033330082893371582e-01, 4.229287803173065186e-01, 7.155920565128326416e-02, -6.393898365786299109e-05, 4.521959999692626297e-05, 5.398819921538233757e-04
2.446794658899307251e-01, -2.471854686737060547e-01, 9.375666975975036621e-01, 5.804179236292839050e-04, -7.214425713755190372e-04, -3.416785621084272861e-04
9.687827825546264648e-01, -1.678916662931442261e-01, -1.824073195457458496e-01, -5.727458628825843334e-04, -2.382223727181553841e-03, -8.492579218000173569e-04
8.624888211488723755e-02, 9.814985990524291992e-01, -1.709431558847427368e-01, 3.397377906367182732e-03, -5.155738908797502518e-04, -1.246115891262888908e-03
-7.930733561515808105e-01, 2.224735319614410400e-01, 5.670451521873474121e-01, 6.161977071315050125e-04, 2.622475847601890564e-03, -1.670792844379320741e-04
-3.741960227489471436e-01, -8.890626430511474609e-01, 2.637137472629547119e-01, 9.808562026591971517e-05, -7.206315058283507824e-05, -1.037693582475185394e-04
-1.499815434217453003e-01, -8.404048681259155273e-01, -5.207929015159606934e-01, -2.711249981075525284e-03, 7.012016139924526215e-04, -3.507263609208166599e-04
-9.279130101203918457e-01, -1.363305151462554932e-01, -3.469749093055725098e-01, 4.538767097983509302e-05, -1.664918963797390461e-03, 5.327861872501671314e-04
-9.698236584663391113e-01, -1.801246553659439087e-01, 1.643079817295074463e-01, -1.242583093699067831e-04, -3.397217369638383389e-04, -1.105855684727430344e-03
-2.513231337070465088e-01, -6.761191785335540771e-02, -9.655388593673706055e-01, -2.446121303364634514e-03, 6.439841818064451218e-04, 5.916134687140583992e-04
7.990173697471618652e-01, 5.781483054161071777e-01, -1.652745753526687622e-01, 3.247849235776811838e-04, -8.821549708954989910e-04, -1.515705836936831474e-03
3.399768769741058350e-01, -9.163726568222045898e-01, -2.113690376281738281e-01, -2.539312234148383141e-03, -3.103019844274967909e-04, -2.739073010161519051e-03
-8.056377768516540527e-01, 5.862482190132141113e-01, -8.521038293838500977e-02, 1.651576603762805462e-03, 2.060196828097105026e-03, -1.440972206182777882e-03
-2.278953790664672852e-01, -7.519491910934448242e-01, -6.185758709907531738e-01, -9.897116106003522873e-04, 6.282306276261806488e-04, -3.990566183347254992e-04
6.098153591156005859e-01, 1.358214579522609711e-02, -7.924271225929260254e-01, 2.189441729569807649e-04, -3.727970179170370102e-04, 1.620996044948697090e-04
6.475281715393066406e-01, -1.969781219959259033e-01, 7.361432313919067383e-01, -3.878492861986160278e-04, 3.302594181150197983e-03, 1.224873238243162632e-03
-3.761863410472869873e-01, 8.030838966369628906e-01, 4.621039628982543945e-01, 7.241808343678712845e-04, 1.038421527482569218e-03, -1.215121825225651264e-03
-5.622022747993469238e-01, -3.021777234971523285e-02, 8.264474868774414062e-01, -2.229876117780804634e-03, -1.290851621888577938e-03, -1.564101898111402988e-03
-5.956331491470336914e-01, -7.794703245162963867e-01, 1.940287351608276367e-01, -1.581959193572402000e-03, 1.485140179283916950e-03, 1.109914504922926426e-03
-3.767742216587066650e-01, -1.954367905855178833e-01, -9.054532647132873535e-01, -2.318675164133310318e-03, 7.034284644760191441e-04, 8.130085188895463943e-04
1.762268990278244019e-01, 6.897079292684793472e-03, 9.843254089355468750e-01, -1.069439822458662093e-04, -6.138275493867695332e-04, 2.344755375816021115e-05
2.394256889820098877e-01, 4.334381520748138428e-01, 8.687961101531982422e-01, -3.152095596306025982e-04, 1.157151884399354458e-03, -4.904309753328561783e-04
3.244194984436035156e-01, 9.236816763877868652e-01, 2.038729339838027954e-01, 2.119207987561821938e-03, -9.113288833759725094e-04, 7.566742133349180222e-04
7.684700489044189453e-01, -3.822064101696014404e-01, -5.131977796554565430e-01, -6.062453030608594418e-04, -1.316880574449896812e-03, 7.295203977264463902e-05
-2.817673981189727783e-01, 5.824403762817382812e-01, 7.624764442443847656e-01, 1.657949876971542835e-03, 1.051753060892224312e-03, -1.907301630126312375e-04
-9.939600229263305664e-01, 1.076283827424049377e-01, 2.143476717174053192e-02, -2.698085154406726360e-05, -6.808966281823813915e-05, -9.092475520446896553e-04
5.044350624084472656e-01, -6.658082008361816406e-01, -5.497677922248840332e-01, -8.327421965077519417e-04, 5.388839635998010635e-04, -1.416702987626194954e-03
-8.452200889587402344e-01, -3.869010508060455322e-01, 3.686605095863342285e-01, -7.192987250164151192e-04, -5.004872491554124281e-06, -1.654373365454375744e-03
9.288927912712097168e-01, -1.663037687540054321e-01, -3.309097290039062500e-01, -2.941677230410277843e-04, -2.050257055088877678e-03, 2.046334266196936369e-04
-5.061776638031005859e-01, 5.653563737869262695e-01, -6.512728929519653320e-01, -2.271458652103319764e-04, 4.323076282162219286e-04, 5.518178804777562618e-04
-8.977102488279342651e-02, -9.938234090805053711e-01, -6.523971259593963623e-02, -3.711178433150053024e-04, -1.327878999290987849e-04, 2.533477498218417168e-03
2.303062379360198975e-01, -7.101060152053833008e-01, -6.653634309768676758e-01, 7.367786602117121220e-04, -1.375694060698151588e-03, 1.723228604532778263e-03
1.634821668267250061e-02, -7.284029722213745117e-01, 6.849538683891296387e-01, 6.086111534386873245e-04, 1.380960457026958466e-03, 1.454033656045794487e-03
9.408438205718994141e-01, 3.024247884750366211e-01, 1.528139412403106689e-01, 8.607876225141808391e-06, -4.446443053893744946e-04, 8.269716054201126099e-04
-8.710780143737792969e-01, -1.411665529012680054e-01, 4.704201221466064453e-01, 9.159791807178407907e-05, -2.025707392022013664e-03, -4.382746119517832994e-04
-1.045367494225502014e-01, -9.675481915473937988e-02, -9.898033142089843750e-01, -2.476846100762486458e-03, -7.452439167536795139e-04, 3.344375290907919407e-04
9.519168138504028320e-01, 3.247001767158508301e-02, -3.046311736106872559e-01, -3.553162096068263054e-04, -1.863629324361681938e-03, -1.308938837610185146e-03
-2.937306463718414307e-01, -3.829920887947082520e-01, 8.758078217506408691e-01, -1.962553797056898475e-04, 2.328374423086643219e-03, 9.523811168037354946e-04
9.528609514236450195e-01, -1.624644100666046143e-01, 2.562448382377624512e-01, -7.317326380871236324e-04, -1.940024667419493198e-03, 1.490974333137273788e-03
-8.287003040313720703e-01, 3.337891697883605957e-01, -4.492667615413665771e-01, -8.772716973908245564e-04, -2.449420280754566193e-03, -2.016500075114890933e-04
-1.397166103124618530e-01, -7.521888613700866699e-02, 9.873304367065429688e-01, -4.874611913692206144e-04, 1.027560210786759853e-03, 9.303381375502794981e-06
-2.410261332988739014e-01, 8.774408102035522461e-01, 4.147337377071380615e-01, 6.913805264048278332e-04, 1.072549261152744293e-03, -1.867361366748809814e-03
1.322644948959350586e-01, 6.905758976936340332e-01, -7.110633254051208496e-01, 3.896799753420054913e-04, 1.116752391681075096e-03, 1.157060149125754833e-03
-6.672160029411315918e-01, 4.717407748103141785e-02, 7.433689832687377930e-01, -1.892172498628497124e-03, -3.376461972948163748e-04, -1.676905667409300804e-03
8.277869820594787598e-01, 5.454716682434082031e-01, 1.312606334686279297e-01, -1.694157690508291125e-04, -1.827190280891954899e-04, 1.827724045142531395e-03
4.344615936279296875e-01, 8.559274077415466309e-01, 2.804130017757415771e-01, 3.211554721929132938e-04, -4.038543265778571367e-04, 7.351309177465736866e-04
2.220335006713867188e-01, 7.889695167541503906e-01, 5.729120969772338867e-01, -1.350824022665619850e-04, -7.666995952604338527e-05, 1.579353702254593372e-04
6.834260821342468262e-01, 6.884738802909851074e-01, -2.427601367235183716e-01, -3.160278138238936663e-04, -2.889416646212339401e-04, -1.709137577563524246e-03
-9.896226525306701660e-01, 6.400249898433685303e-02, -1.286494880914688110e-01, 5.255970245343632996e-05, -9.600096964277327061e-04, -8.819101494736969471e-04
-3.695594966411590576e-01, -9.199878573417663574e-01, -1.305686384439468384e-01, 8.393490134039893746e-05, -3.804137522820383310e-04, 2.442830707877874374e-03
6.304520368576049805e-01, -7.701352238655090332e-01, -9.706678986549377441e-02, -2.754146931692957878e-03, -2.289033262059092522e-03, 2.730861015152186155e-04
7.368154823780059814e-02, 5.673152804374694824e-01, 8.201977610588073730e-01, 2.663293562363833189e-04, 2.542992588132619858e-03, -1.782865263521671295e-03
4.398058056831359863e-01, -7.728579640388488770e-01, -4.574510753154754639e-01, -1.677448162809014320e-03, 8.094178338069468737e-05, -1.749493996612727642e-03
-8.155375719070434570e-01, -4.710223525762557983e-02, 5.767840147018432617e-01, -8.266796794487163424e-05, -5.977237378829158843e-05, -1.217687167809344828e-04
7.921741157770156860e-02, -3.406897783279418945e-01, -9.368324875831604004e-01, 2.014125639107078314e-04, -9.665157995186746120e-04, 3.685156698338687420e-04
1.536912918090820312e-01, 9.727700948715209961e-01, 1.734858602285385132e-01, 4.053637851029634476e-03, -3.835965180769562721e-04, -1.440218882635235786e-03
-2.116005420684814453e-01, -9.655247330665588379e-01, -1.516150981187820435e-01, -1.145589703810401261e-04, -4.747677303384989500e-04, 3.183329012244939804e-03
2.107481360435485840e-01, 5.654061436653137207e-01, -7.974340915679931641e-01, 4.789716058439807966e-06, 1.513728057034313679e-03, 1.074547180905938148e-03
-7.454484701156616211e-01, -6.324260830879211426e-01, -2.105796784162521362e-01, -1.277627423405647278e-03, 9.543729247525334358e-04, 1.656546490266919136e-03
2.401750683784484863e-01, 2.934404611587524414e-01, -9.253154397010803223e-01, 1.639136346057057381e-03, -3.411354497075080872e-03, -6.563704228028655052e-04
-3.589751422405242920e-01, -2.490309625864028931e-01, 8.995112180709838867e-01, -6.827290053479373455e-04, 1.451383577659726143e-03, 1.293555105803534389e-04
-5.169128626585006714e-02, 4.967344701290130615e-01, 8.663618564605712891e-01, -1.260597491636872292e-03, 1.529403030872344971e-03, -9.521069587208330631e-04
3.776768445968627930e-01, 2.981625795364379883e-01, 8.766180872917175293e-01, -9.449461940675973892e-04, 7.992842001840472221e-04, 1.352557883365079761e-04
-7.677819132804870605e-01, 8.328246325254440308e-02, 6.352754831314086914e-01, -4.546057025436311960e-04, 1.578101771883666515e-03, -7.563115796074271202e-04
-4.576008319854736328e-01, 4.489014446735382080e-01, -7.675213217735290527e-01, 3.740920510608702898e-05, -7.808822556398808956e-04, -4.790195089299231768e-04
9.047895669937133789e-01, -4.048776030540466309e-01, -1.320224553346633911e-01, -8.575664251111447811e-04, -1.823433209210634232e-03, -2.851775789167732000e-04
5.476547479629516602e-01, -7.672532796859741211e-01, -3.337613642215728760e-01, -2.357068238779902458e-03, -1.359960529953241348e-03, -7.413245039060711861e-04
-2.872001230716705322e-01, 7.845724821090698242e-01, -5.495108962059020996e-01, -1.261855359189212322e-03, 7.649514009244740009e-04, 1.751675503328442574e-03
8.957260251045227051e-01, 2.370531298220157623e-02, 4.439739584922790527e-01, -2.008244628086686134e-03, -7.867471431382000446e-04, 4.093679599463939667e-03
-8.564674258232116699e-01, 1.000367701053619385e-01, 5.064150094985961914e-01, -8.107106987154111266e-05, 2.401925157755613327e-03, -6.115845171734690666e-04
2.307613044977188110e-01, 8.778032660484313965e-01, -4.197745919227600098e-01, 6.012730300426483154e-04, -1.206336659379303455e-03, -2.192070940509438515e-03
-6.969474554061889648e-01, -7.091358900070190430e-01, 1.067264378070831299e-01, -1.709153060801327229e-03, 1.964751165360212326e-03, 1.893492415547370911e-03
-1.338509470224380493e-01, 9.516986012458801270e-01, 2.763215601444244385e-01, 3.931785468012094498e-04, 8.425975101999938488e-04, -2.711593173444271088e-03
7.544060349464416504e-01, 1.582831889390945435e-01, -6.370384693145751953e-01, 5.007161526009440422e-04, -1.662181923165917397e-03, 1.799699966795742512e-04
7.895560860633850098e-01, 5.428807735443115234e-01, 2.861496508121490479e-01, -4.215352237224578857e-04, -5.350249120965600014e-04, 2.178162569180130959e-03
-2.638732790946960449e-01, -3.547939360141754150e-01, -8.969348669052124023e-01, -9.360213880427181721e-04, -4.998874501325190067e-04, 4.731090739369392395e-04
-6.813719272613525391e-01, 4.817098081111907959e-01, 5.510789752006530762e-01, 1.242449390701949596e-03, 1.363292631140211597e-05, 1.524287741631269455e-03
5.338820815086364746e-01, 4.362846612930297852e-01, -7.243103981018066406e-01, 1.222261809743940830e-03, 1.525221159681677818e-03, 1.819626195356249809e-03
-4.012368023395538330e-01, -8.366314172744750977e-01, -3.729034960269927979e-01, 3.487364738248288631e-04, -9.417358087375760078e-04, 1.737607293762266636e-03
2.174694538116455078e-01, -5.180718302726745605e-01, 8.272294998168945312e-01, 3.874580943374894559e-05, -3.759970786632038653e-05, -3.373353683855384588e-05
-7.347329258918762207e-01, 4.314282834529876709e-01, -5.234854817390441895e-01, -8.728255634196102619e-04, -8.354188757948577404e-04, 5.365390097722411156e-04
3.794302046298980713e-01, -6.655233502388000488e-01, -6.427373886108398438e-01, 4.030504787806421518e-04, 3.667597193270921707e-04, -1.418272149749100208e-04
8.178365826606750488e-01, 2.789345756173133850e-02, -5.747740268707275391e-01, -6.562971393577754498e-04, -2.142508747056126595e-03, -1.037809299305081367e-03
5.759203433990478516e-01, -5.131413936614990234e-01, 6.363973617553710938e-01, -1.138683641329407692e-03, -4.075938486494123936e-04, 7.018222240731120110e-04
-2.723575830459594727e-01, -6.450042128562927246e-01, -7.139964699745178223e-01, 3.332588239572942257e-04, 9.584835061104968190e-05, -2.137099509127438068e-04
-4.395541548728942871e-01, -8.981713652610778809e-01, 8.961752057075500488e-03, 6.457914423663169146e-06, 9.951088031812105328e-06, 1.314071821980178356e-03
7.674716711044311523e-01, -6.239939332008361816e-01, -1.470333933830261230e-01, -1.193264964967966080e-03, -1.334974542260169983e-03, -5.630085943266749382e-04
7.228559255599975586e-01, 1.749004423618316650e-02, 6.907773017883300781e-01, -1.058355672284960747e-03, 1.033245585858821869e-03, 1.081343041732907295e-03
2.670101225376129150e-01, 4.388600289821624756e-01, -8.579670190811157227e-01, 5.207714275456964970e-04, 8.881502435542643070e-05, 2.075005177175626159e-04
-7.638965249061584473e-01, 4.870957732200622559e-01, 4.233199656009674072e-01, -7.979124202392995358e-04, -2.752219559624791145e-03, 1.726996153593063354e-03
3.715668320655822754e-01, -6.845824718475341797e-01, 6.271243095397949219e-01, -2.385329455137252808e-03, -1.018389710225164890e-03, 3.015950205735862255e-04
8.475988358259201050e-02, 2.956393361091613770e-01, 9.515320062637329102e-01, -4.912532749585807323e-04, 2.069380134344100952e-03, -5.991932121105492115e-04
3.669014275074005127e-01, 5.694134235382080078e-01, 7.356301546096801758e-01, 3.632886800915002823e-04, -7.258207915583625436e-05, -1.250110944965854287e-04
9.002794027328491211e-01, 4.281840920448303223e-01, -7.845667749643325806e-02, 5.597555427812039852e-04, -1.352554303593933582e-03, -9.585652151145040989e-04
4.750212132930755615e-01, 7.816161513328552246e-01, 4.042660892009735107e-01, -4.877617175225168467e-04, -3.430882134125567973e-05, 6.394637166522443295e-04
-8.880038857460021973e-01, -4.598086476325988770e-01, -5.016468930989503860e-03, -9.505930356681346893e-04, 1.825821818783879280e-03, 9.172955760732293129e-04
-7.168592214584350586e-01, 6.759123802185058594e-01, -1.710416972637176514e-01, 7.348729413934051991e-04, 1.083411159925162792e-03, 1.201406004838645458e-03
-7.794618606567382812e-01, -1.969747394323348999e-01, 5.946765542030334473e-01, -3.890917651006020606e-05, -1.201910898089408875e-03, -4.491084837354719639e-04
2.843039631843566895e-01, -9.444041848182678223e-01, 1.651423424482345581e-01, -3.571947570890188217e-03, -1.460470608435571194e-03, -2.202680334448814392e-03
-1.448045074939727783e-01, -3.804331421852111816e-01, 9.134014844894409180e-01, 7.021091878414154053e-04, 1.919173053465783596e-03, 9.106462821364402771e-04
-3.750847280025482178e-01, 5.694435238838195801e-01, -7.314680218696594238e-01, -4.705937462858855724e-04, -4.517438937909901142e-04, -1.103672257158905268e-04
-2.739879786968231201e-01, 9.278185963630676270e-01, -2.531467080116271973e-01, 1.721899607218801975e-03, 8.803005039226263762e-05, -1.541018951684236526e-03
2.642026171088218689e-02, -8.898528218269348145e-01, 4.554820060729980469e-01, -2.669838722795248032e-03, 3.080536553170531988e-04, 7.566934800706803799e-04
-3.494856953620910645e-01, 1.388960927724838257e-01, 9.265892505645751953e-01, -7.767106289975345135e-04, 1.087209966499358416e-04, -3.092526167165488005e-04
-3.267187476158142090e-01, -7.996919155120849609e-01, -5.037338733673095703e-01, -4.938353959005326033e-05, 3.200536884833127260e-04, -4.760644806083291769e-04
3.255736827850341797e-01, 8.562667295336723328e-03, 9.454779028892517090e-01, -1.227383268997073174e-03, 4.462155338842421770e-04, 4.186061560176312923e-04
-5.408027172088623047e-01, -7.109745144844055176e-01, 4.494971632957458496e-01, -2.847861964255571365e-03, 1.621971488930284977e-03, -8.608533535152673721e-04
5.082916021347045898e-01, 5.631421208381652832e-01, 6.515448093414306641e-01, -2.079799596685916185e-04, -1.640230038901790977e-04, 3.040201263502240181e-04
5.016149878501892090e-01, 1.619511544704437256e-01, 8.497965931892395020e-01, 1.402608031639829278e-04, 8.047500159591436386e-05, -9.812929783947765827e-05
2.648048400878906250e-01, -9.602085947990417480e-01, -8.875755220651626587e-02, -3.151295473799109459e-03, -5.496601806953549385e-04, -3.455366007983684540e-03
-4.129973351955413818e-01, -7.443311810493469238e-01, 5.247898101806640625e-01, -1.893233740702271461e-03, 7.471588323824107647e-04, -4.302043817006051540e-04
5.241442322731018066e-01, 3.006002008914947510e-01, 7.968138456344604492e-01, 1.462762127630412579e-03, 4.212604253552854061e-04, -1.121126930229365826e-03
-9.310126900672912598e-01, 1.413461714982986450e-01, 3.365065157413482666e-01, -4.675809759646654129e-04, 1.669929828494787216e-03, -1.995093654841184616e-03
2.214927226305007935e-01, 1.497011035680770874e-01, 9.636029005050659180e-01, -9.476044215261936188e-04, 4.728833737317472696e-04, 1.443502696929499507e-04
7.302115559577941895e-01, -3.022486269474029541e-01, 6.127290129661560059e-01, -3.758596139959990978e-04, 1.306606922298669815e-03, 1.092452323064208031e-03
-6.321945190429687500e-01, -1.127996370196342468e-01, -7.665548324584960938e-01, -2.217288565589115024e-04, -1.359910005703568459e-03, 3.829773340839892626e-04
1.203202679753303528e-01, -4.164610207080841064e-01, 9.011566042900085449e-01, 3.979703178629279137e-04, 5.455774953588843346e-04, 1.989974698517471552e-04
3.903136253356933594e-01, -5.467029213905334473e-01, -7.407909035682678223e-01, 3.492088872008025646e-04, -3.683962859213352203e-04, 4.558699438348412514e-04
8.469649553298950195e-01, 2.912481129169464111e-01, 4.447751045227050781e-01, -2.004809211939573288e-03, -3.083739429712295532e-04, 4.019596613943576813e-03
4.657983481884002686e-01, -8.746253252029418945e-01, 1.343964189291000366e-01, -2.603772329166531563e-03, -1.292572007514536381e-03, 6.124909850768744946e-04
5.527047514915466309e-01, -8.331696987152099609e-01, 1.859350688755512238e-02, -3.152743913233280182e-03, -2.077377401292324066e-03, 6.307873991318047047e-04
3.230770528316497803e-01, 8.647717237472534180e-01, 3.844361007213592529e-01, -9.996207663789391518e-04, -3.298953815829008818e-04, 1.582158030942082405e-03
1.708351671695709229e-01, 7.864182591438293457e-01, -5.936005711555480957e-01, 2.661895705386996269e-04, 1.671595382504165173e-04, 2.980655117426067591e-04
-7.810251712799072266e-01, -2.828716039657592773e-01, -5.567613840103149414e-01, -1.424184767529368401e-03, -1.002553151920437813e-03, 2.507210476323962212e-03
-2.438890039920806885e-01, 9.548284411430358887e-01, 1.697667539119720459e-01, -1.385834417305886745e-03, -1.205660591949708760e-04, -1.312800566665828228e-03
8.486422896385192871e-01, 1.539111584424972534e-01, 5.060806870460510254e-01, -2.250172430649399757e-03, -3.600784402806311846e-04, 3.882802790030837059e-03
-8.177554011344909668e-01, -5.668256878852844238e-01, 9.992342442274093628e-02, -1.340712886303663254e-03, 2.222560113295912743e-03, 1.635542139410972595e-03
-4.396708309650421143e-01, 6.829838752746582031e-01, -5.832859873771667480e-01, -1.335055218078196049e-03, 5.850747693330049515e-04, 1.691419864073395729e-03
-4.217726886272430420e-01, 7.770247459411621094e-01, -4.672690033912658691e-01, -1.283831661567091942e-03, 2.721121418289840221e-04, 1.611326704733073711e-03
9.215643405914306641e-01, -3.877511322498321533e-01, 1.918920874595642090e-02, -3.589216503314673901e-04, -8.510162006132304668e-04, 4.100718797417357564e-05
9.560016989707946777e-01, 1.773898303508758545e-01, -2.336527556180953979e-01, 8.210564556065946817e-05, -2.446280792355537415e-03, -1.521283877082169056e-03
-7.322915792465209961e-01, -3.592733740806579590e-01, 5.785081386566162109e-01, -1.556108123622834682e-03, 3.997902676928788424e-04, -1.721481210552155972e-03
9.603744149208068848e-01, -2.702346146106719971e-01, -6.822222471237182617e-02, -7.645437726750969887e-04, -2.497265581041574478e-03, -8.706941734999418259e-04
5.816546082496643066e-01, 7.949866652488708496e-01, -1.722617745399475098e-01, -1.151690885308198631e-04, -2.070225309580564499e-05, -4.844176582992076874e-04
4.308881461620330811e-01, -7.481846213340759277e-01, 5.045346617698669434e-01, -1.650016172789037228e-03, -2.978821285068988800e-04, 9.674293687567114830e-04
-5.881037116050720215e-01, -6.000127196311950684e-01, 5.423271656036376953e-01, -3.598518902435898781e-03, 2.107231877744197845e-03, -1.570890191942453384e-03
4.231607615947723389e-01, -4.144708216190338135e-01, -8.056977987289428711e-01, -1.002012595563428476e-05, -1.186345820315182209e-03, 6.050228839740157127e-04
-7.863471657037734985e-02, 5.550433993339538574e-01, -8.280962705612182617e-01, 1.219524536281824112e-03, -5.499694379977881908e-04, -4.844290087930858135e-04
2.302007824182510376e-01, -3.348364830017089844e-01, -9.137243032455444336e-01, 1.683524023974314332e-04, -1.198376412503421307e-03, 4.815621068701148033e-04
-8.654627203941345215e-01, -2.395353019237518311e-01, -4.399966597557067871e-01, -6.580873159691691399e-04, -1.662493799813091755e-03, 2.199507784098386765e-03
-4.841620624065399170e-01, 4.033694267272949219e-01, 7.764536142349243164e-01, 1.785820466466248035e-03, 2.815568121150135994e-03, -3.491355746518820524e-04
4.381282627582550049e-01, -8.947183489799499512e-01, -8.673370629549026489e-02, -3.437169827520847321e-03, -1.527140266261994839e-03, -1.609071856364607811e-03
9.875697493553161621e-01, 3.890757635235786438e-02, 1.522901505231857300e-01, 2.002083929255604744e-04, -4.502250812947750092e-03, -1.480600185459479690e-04
1.702902168035507202e-01, -8.075270056724548340e-01, -5.647135376930236816e-01, -1.451052521588280797e-04, -9.191142744384706020e-04, 1.270554959774017334e-03
9.247633814811706543e-02, 8.683040142059326172e-01, -4.873358905315399170e-01, 4.129152512177824974e-04, -7.031052955426275730e-04, -1.174393692053854465e-03
5.194708704948425293e-01, -5.540358424186706543e-01, -6.505338549613952637e-01, -6.808519829064607620e-04, 6.083602202124893665e-04, -1.061798888258635998e-03
8.966484069824218750e-01, -2.508428990840911865e-01, 3.648280203342437744e-01, -4.804730124305933714e-04, 7.619925308972597122e-04, 1.704791677184402943e-03
-8.282833099365234375e-01, -2.869454026222229004e-01, 4.812578558921813965e-01, -2.444547426421195269e-04, -1.514805480837821960e-03, -1.323914388194680214e-03
1.598682105541229248e-01, 9.398413896560668945e-01, -3.018945455551147461e-01, 1.648600562475621700e-03, -1.077353605069220066e-03, -2.480941591784358025e-03
-1.440917104482650757e-01, -7.449551224708557129e-01, 6.513673663139343262e-01, 4.302594752516597509e-04, 1.092374790459871292e-03, 1.344505581073462963e-03
7.228806614875793457e-01, 5.481579899787902832e-01, 4.206737577915191650e-01, -9.937954018823802471e-05, -9.735078201629221439e-04, 1.439299783669412136e-03
-5.805120468139648438e-01, 4.607517123222351074e-01, 6.713520884513854980e-01, 2.415229100733995438e-03, 2.975952811539173126e-03, 4.601797991199418902e-05
-3.267723917961120605e-01, 9.006085395812988281e-01, 2.865730524063110352e-01, -9.738462395034730434e-04, -7.095223554642871022e-05, -8.874731138348579407e-04
1.763609945774078369e-01, -8.692874312400817871e-01, 4.617750346660614014e-01, -2.545854542404413223e-03, 1.835339062381535769e-04, 1.317813061177730560e-03
-2.162412973120808601e-03, -3.390516936779022217e-01, 9.407652616500854492e-01, 8.303297363454475999e-05, 1.227047061547636986e-03, 4.424184444360435009e-04
-1.991332918405532837e-01, 1.878920793533325195e-01, -9.617912769317626953e-01, 1.536627882160246372e-03, -4.331532400101423264e-04, -4.027691320516169071e-04
2.895844280719757080e-01, 6.831214427947998047e-01, 6.704370975494384766e-01, 5.863710539415478706e-04, -9.434349340153858066e-05, -1.571450702613219619e-04
-6.231259107589721680e-01, 7.241440415382385254e-01, 2.955158054828643799e-01, -9.390689665451645851e-04, -1.190564944408833981e-03, 9.372841450385749340e-04
-6.279886513948440552e-02, 2.136014550924301147e-01, 9.749003648757934570e-01, -2.319866034667938948e-04, 2.371568698436021805e-03, -5.345562240108847618e-04
-6.977810263633728027e-01, 3.509132564067840576e-01, 6.244689822196960449e-01, 1.384328701533377171e-03, 1.935949083417654037e-03, 4.589628952089697123e-04
-2.010592669248580933e-01, 4.796862304210662842e-01, 8.540938496589660645e-01, -8.404649997828528285e-05, 7.129141886252909899e-05, -5.982462607789784670e-05
-5.848497152328491211e-01, 1.636859029531478882e-01, 7.944543957710266113e-01, -2.181765623390674591e-03, 5.920633702771738172e-05, -1.618338399566709995e-03
-3.416723310947418213e-01, 2.949264049530029297e-01, 8.923443555831909180e-01, 2.736017922870814800e-04, 6.856145337224006653e-04, -1.218404941027984023e-04
-9.337664246559143066e-01, -3.467192649841308594e-01, 8.869073539972305298e-02, -2.988256455864757299e-04, 8.497038506902754307e-04, 1.756140263751149178e-04
-3.543625026941299438e-02, -8.187270760536193848e-01, 5.730884075164794922e-01, -9.555381839163601398e-04, 8.318977197632193565e-04, 1.129383337683975697e-03
-7.963436841964721680e-02, 7.610385417938232422e-01, 6.438001990318298340e-01, 1.083915354683995247e-03, 2.107192995026707649e-03, -2.356846118345856667e-03
7.337649911642074585e-02, 9.961695671081542969e-01, 4.756105691194534302e-02, 4.327787552028894424e-03, -2.441825636196881533e-04, -1.562427147291600704e-03
-6.978754401206970215e-01, 2.108902931213378906e-01, 6.844670772552490234e-01, -3.742637054529041052e-04, 1.881019095890223980e-03, -9.611537680029869080e-04
-5.376085042953491211e-01, -3.244072794914245605e-01, -7.782910466194152832e-01, -1.687387004494667053e-03, 1.378421206027269363e-03, 5.910175968892872334e-04
4.454212486743927002e-01, -5.696974992752075195e-01, 6.906841993331909180e-01, -1.424172543920576572e-03, -1.042212476022541523e-03, 5.879803211428225040e-05
-3.934242129325866699e-01, -2.436106093227863312e-02, 9.190342426300048828e-01, -9.774215286597609520e-04, -3.588256950024515390e-04, -4.279303830116987228e-04
6.486061215400695801e-01, 3.027502596378326416e-01, 6.983211040496826172e-01, 1.828531501814723015e-03, -4.123077378608286381e-04, -1.519602257758378983e-03
-9.701234102249145508e-01, -3.879100456833839417e-02, -2.394909262657165527e-01, 2.587993221823126078e-04, -1.212843111716210842e-03, -8.518898393958806992e-04
-9.745240807533264160e-01, 6.192927435040473938e-02, 2.155635356903076172e-01, -3.280148084741085768e-04, 9.734314517118036747e-04, -1.762553234584629536e-03
3.576443195343017578e-01, 7.834727764129638672e-01, 5.081937909126281738e-01, -1.615482731722295284e-03, -3.473635297268629074e-04, 1.672429265454411507e-03
-5.298231244087219238e-01, -1.906311698257923126e-02, -8.478938937187194824e-01, -1.359757297905161977e-04, -1.255829120054841042e-03, 1.132017932832241058e-04
-4.266532063484191895e-01, -4.168191850185394287e-01, 8.026386499404907227e-01, -9.336220100522041321e-04, 2.414081711322069168e-03, 7.573803886771202087e-04
4.984246492385864258e-01, -4.349574446678161621e-01, 7.499232292175292969e-01, 5.449304590001702309e-04, 8.083765278570353985e-04, 1.066810655174776912e-04
-6.327863335609436035e-01, -4.745943546295166016e-01, 6.118346452713012695e-01, -2.897239988669753075e-03, 1.722350716590881348e-03, -1.660442096181213856e-03
5.152159929275512695e-01, 8.431707024574279785e-01, 1.536740213632583618e-01, 1.169483643025159836e-03, -8.371696458198130131e-04, 6.724635604768991470e-04
6.361156105995178223e-01, 2.972288429737091064e-01, -7.120476961135864258e-01, 1.629467238672077656e-03, -4.114786279387772083e-04, 1.283939578570425510e-03
-2.363644093275070190e-01, -8.843489289283752441e-01, -4.025653004646301270e-01, -1.730643678456544876e-03, 5.390614387579262257e-04, -1.680617569945752621e-04
-3.274116516113281250e-01, 9.443215727806091309e-01, 3.253274783492088318e-02, -1.384321134537458420e-03, -4.433288704603910446e-04, -1.063478062860667706e-03
2.898092269897460938e-01, -6.133411526679992676e-01, 7.347266674041748047e-01, -1.570281456224620342e-03, -7.244122098200023174e-04, 1.465880905016092584e-05
-7.978924512863159180e-01, 2.293467074632644653e-01, -5.574654340744018555e-01, -6.569881225004792213e-04, -4.817588254809379578e-03, -1.041664625518023968e-03
-6.126414984464645386e-02, 9.760615229606628418e-01, -2.086880207061767578e-01, 2.762679476290941238e-03, 2.195040906372014433e-05, -7.083696546033024788e-04
3.905643820762634277e-01, -8.816135525703430176e-01, 2.649849355220794678e-01, -1.749900169670581818e-03, -4.662589926738291979e-04, 1.027939142659306526e-03
-9.147877693176269531e-01, 1.855101669207215309e-03, 4.039306640625000000e-01, -4.704399325419217348e-04, 4.023254732601344585e-04, -1.067259931005537510e-03
-6.786445975303649902e-01, -2.605430781841278076e-01, 6.867014169692993164e-01, -8.464303682558238506e-04, -2.290571283083409071e-04, -9.234066819772124290e-04
-5.306910872459411621e-01, 8.385134339332580566e-01, -1.235402822494506836e-01, -1.096513122320175171e-03, -7.986652199178934097e-04, -7.105518598109483719e-04
8.502101302146911621e-01, -5.234308838844299316e-01, -5.623964220285415649e-02, -7.144274422898888588e-04, -1.089765690267086029e-03, -6.578346947208046913e-04
-3.528530299663543701e-01, 8.618584871292114258e-01, -3.642727434635162354e-01, 3.269240260124206543e-04, -1.893437729449942708e-05, -3.614733286667615175e-04
-4.569537043571472168e-01, 7.030299901962280273e-01, 5.449239015579223633e-01, 1.618644921109080315e-03, 1.857410068623721600e-03, -1.038987771607935429e-03
-7.882162332534790039e-01, -5.225838422775268555e-01, 3.249943554401397705e-01, -2.182291820645332336e-03, 2.861177548766136169e-03, -6.920508458279073238e-04
-6.995315551757812500e-01, 3.305815458297729492e-01, -6.335388422012329102e-01, -1.166719943284988403e-03, -3.508467925712466240e-03, -5.424724658951163292e-04
8.646578192710876465e-01, 4.503060281276702881e-01, -2.226912081241607666e-01, 5.991661455482244492e-04, -2.067627152428030968e-03, -1.854547066614031792e-03
-5.112316608428955078e-01, -1.706888973712921143e-01, -8.423226475715637207e-01, -1.162499189376831055e-03, 5.928910104557871819e-04, 5.854128394275903702e-04
4.831722080707550049e-01, 1.229121256619691849e-02, -8.754390478134155273e-01, -1.173946540802717209e-03, -6.286272546276450157e-04, -6.567504606209695339e-04
7.187616825103759766e-01, 6.884645819664001465e-01, -9.694446623325347900e-02, 1.308130886172875762e-04, -1.464862289140000939e-04, -7.042327342787757516e-05
-1.120973229408264160e-01, 7.235857844352722168e-02, 9.910592436790466309e-01, -5.229153903201222420e-04, 1.716030179522931576e-03, -1.844359212554991245e-04
-1.758615300059318542e-02, 4.229621589183807373e-01, -9.059767127037048340e-01, 2.273363526910543442e-03, -1.259820652194321156e-03, -6.322857225313782692e-04
-2.772429287433624268e-01, -9.606797695159912109e-01, -1.518982276320457458e-02, 8.140250574797391891e-04, -2.697115123737603426e-04, 2.200400223955512047e-03
-6.010429859161376953e-01, 3.152171373367309570e-01, 7.344286441802978516e-01, 2.825166739057749510e-04, 2.312460448592901230e-03, -7.613027119077742100e-04
9.594977498054504395e-01, 1.693530976772308350e-01, 2.251301407814025879e-01, 2.956220487249083817e-05, -2.607033587992191315e-03, 1.835135743021965027e-03
-9.969971776008605957e-01, -6.213195994496345520e-02, -4.622008651494979858e-02, -3.491269671940244734e-05, 1.015370362438261509e-03, -6.118355086073279381e-04
-3.712993264198303223e-01, -7.006101608276367188e-01, -6.093293428421020508e-01, 6.979058380238711834e-04, -5.598701682174578309e-05, -3.608998958952724934e-04
-3.806904554367065430e-01, -8.320395350456237793e-01, 4.034661650657653809e-01, -9.859636193141341209e-04, 2.235585852758958936e-04, -4.692769434768706560e-04
4.363607168197631836e-01, 8.769115209579467773e-01, -2.015328407287597656e-01, 9.891557274386286736e-04, -7.411179249174892902e-04, -1.083030132576823235e-03
-8.107447624206542969e-01, -5.122082829475402832e-01, -2.834354043006896973e-01, -9.896018309518694878e-04, 1.187363988719880581e-03, 6.849419442005455494e-04
-6.410244703292846680e-01, 2.235764414072036743e-01, -7.342351078987121582e-01, -8.003790862858295441e-04, -4.554760176688432693e-03, -6.881644367240369320e-04
-6.028469204902648926e-01, -1.675316542387008667e-01, 7.800697088241577148e-01, -1.356853405013680458e-03, -6.121972110122442245e-04, -1.180070568807423115e-03
6.498526930809020996e-01, 4.299433231353759766e-01, -6.267696022987365723e-01, 1.932149985805153847e-03, 8.762482902966439724e-04, 2.604386070743203163e-03
8.951519727706909180e-01, 3.057990968227386475e-01, -3.243297636508941650e-01, 4.902164801023900509e-04, -2.872249111533164978e-03, -1.355142099782824516e-03
6.922177672386169434e-01, -4.433481991291046143e-01, 5.694531798362731934e-01, -8.168732747435569763e-04, -1.645931115490384400e-05, 9.801629930734634399e-04
4.069513678550720215e-01, 6.958800554275512695e-01, -5.917274951934814453e-01, 7.312101079151034355e-04, 1.442889682948589325e-03, 2.199737587943673134e-03
-5.134935379028320312e-01, -7.936764955520629883e-01, 3.261931836605072021e-01, -1.525889383628964424e-03, 9.858490666374564171e-04, -3.338799160701455548e-06
8.806959986686706543e-01, -4.474323391914367676e-01, 1.554956585168838501e-01, 3.353645442984998226e-04, 1.205079490318894386e-03, 1.568129519000649452e-03
2.243226915597915649e-01, 5.632852315902709961e-01, 7.952289581298828125e-01, 1.238200697116553783e-03, 1.205405569635331631e-03, -1.203104504384100437e-03
-6.185104325413703918e-02, -9.087390303611755371e-01, -4.127563536167144775e-01, -2.384702907875180244e-03, -2.760478528216481209e-04, 9.651016443967819214e-04
-2.549964785575866699e-01, 2.351220883429050446e-02, 9.666560888290405273e-01, -3.317776427138596773e-04, 6.480705924332141876e-04, -1.032835789374075830e-04
-5.391260981559753418e-01, 8.171594738960266113e-01, 2.039444744586944580e-01, -4.428404208738356829e-04, -3.747833834495395422e-04, 3.310262982267886400e-04
-5.789158940315246582e-01, -3.808429241180419922e-01, 7.209819555282592773e-01, -1.541605801321566105e-03, 1.262796577066183090e-03, -5.707952077500522137e-04
5.521207302808761597e-02, -7.575154900550842285e-01, -6.504783034324645996e-01, -1.280721509829163551e-03, -2.223907737061381340e-03, 2.481148578226566315e-03
6.283512711524963379e-01, 5.580461025238037109e-01, 5.419955849647521973e-01, 7.490655116271227598e-05, -6.089580128900706768e-04, 5.401501548476517200e-04
-8.722537159919738770e-01, -4.526824653148651123e-01, 1.850733011960983276e-01, -5.935810622759163380e-04, 1.322745345532894135e-03, 4.378285666462033987e-04
6.547095179557800293e-01, 6.659519672393798828e-01, 3.575800061225891113e-01, 1.218150951899588108e-03, -1.161751337349414825e-03, -6.673885945929214358e-05
8.479585051536560059e-01, -1.642689853906631470e-01, -5.039663314819335938e-01, -6.231566076166927814e-04, -2.316242316737771034e-03, -2.935199590865522623e-04
5.640740990638732910e-01, -7.005562782287597656e-01, 4.370826184749603271e-01, -1.205836073495447636e-03, -3.274900082033127546e-04, 1.031282590702176094e-03
5.268851518630981445e-01, 6.907036900520324707e-01, -4.952982664108276367e-01, 1.062383293174207211e-03, 2.704602957237511873e-04, 1.507297856733202934e-03
1.366442535072565079e-02, 8.563729524612426758e-01, 5.161769390106201172e-01, 1.569712185300886631e-03, 1.290151150897145271e-03, -2.182003343477845192e-03
2.498986124992370605e-01, -5.952572226524353027e-01, -7.636880874633789062e-01, 7.686351891607046127e-04, -1.786539447493851185e-03, 1.644036849029362202e-03
1.380200684070587158e-01, -9.736565351486206055e-01, -1.815028488636016846e-01, -1.406770781613886356e-03, -9.843395673669874668e-05, -5.417090724222362041e-04
2.461373209953308105e-01, 1.447154432535171509e-01, -9.583704471588134766e-01, -3.681689850054681301e-04, -5.110231693834066391e-03, -8.662094478495419025e-04
-7.421866059303283691e-01, 1.297290474176406860e-01, -6.575175523757934570e-01, 4.663326399167999625e-05, -5.309739615768194199e-03, -1.100256573408842087e-03
1.352541148662567139e-01, -2.038428336381912231e-01, -9.696155786514282227e-01, -1.359126617899164557e-04, -8.708176319487392902e-04, 1.641136914258822799e-04
8.320630788803100586e-01, 3.080381751060485840e-01, -4.612846374511718750e-01, 6.332587799988687038e-04, -2.231157617643475533e-03, -3.476606507319957018e-04
8.174409866333007812e-01, -5.691146850585937500e-01, 8.887512981891632080e-02, -3.051581152249127626e-04, -3.724339185282588005e-04, 4.218404938001185656e-04
2.285587042570114136e-01, -7.233222126960754395e-01, 6.515871882438659668e-01, -2.027759095653891563e-03, 1.929460268002003431e-06, 7.134234765544533730e-04
4.729184806346893311e-01, 1.563618704676628113e-02, 8.809674382209777832e-01, -1.108814030885696411e-03, 1.047947793267667294e-03, 5.766305257566273212e-04
-6.134144663810729980e-01, 5.842998623847961426e-01, -5.313345193862915039e-01, -3.303099947515875101e-04, 1.186221139505505562e-03, 1.685803756117820740e-03
-8.840705752372741699e-01, 4.673133790493011475e-01, 6.113685667514801025e-03, 1.196207886096090078e-04, 2.744212688412517309e-04, -3.678223583847284317e-03
7.467722892761230469e-01, 4.361958801746368408e-01, -5.020601153373718262e-01, 1.001864206045866013e-03, -4.372373223304748535e-04, 1.110311830416321754e-03
1.379276216030120850e-01, -9.732031226158142090e-01, 1.839882582426071167e-01, -4.336270969361066818e-03, -1.177108613774180412e-03, -2.975593553856015205e-03
-8.792951703071594238e-01, 1.324615031480789185e-01, -4.574867188930511475e-01, 5.329674240783788264e-05, -3.895395901054143906e-03, -1.230316702276468277e-03
-9.243106245994567871e-01, 2.808373868465423584e-01, 2.584186792373657227e-01, -9.059205767698585987e-04, -5.731669371016323566e-04, -2.617401303723454475e-03
5.614780783653259277e-01, 6.773593425750732422e-01, 4.753174483776092529e-01, 1.469514245400205255e-04, -4.018366453237831593e-04, 3.990550467278808355e-04
6.818899512290954590e-02, -5.422353148460388184e-01, 8.374551534652709961e-01, 1.359261572360992432e-03, 1.697356579825282097e-03, 9.883275488391518593e-04
9.848693758249282837e-02, 1.411132067441940308e-01, -9.850824475288391113e-01, 2.568381605669856071e-03, -3.732053097337484360e-03, -2.778345078695565462e-04
-9.410170316696166992e-01, -3.268525004386901855e-01, -8.748935163021087646e-02, -5.781066138297319412e-04, 1.550373737700283527e-03, 4.259331326466053724e-04
7.586530447006225586e-01, 2.997998893260955811e-01, 5.784164071083068848e-01, -5.404152325354516506e-04, -6.787504535168409348e-04, 1.060614828020334244e-03
-9.029195904731750488e-01, -1.322636753320693970e-02, -4.296060204505920410e-01, 2.230592508567497134e-04, -2.687247935682535172e-03, -3.860794240608811378e-04
-8.390237689018249512e-01, -1.049464344978332520e-01, -5.338776707649230957e-01, -4.987335996702313423e-04, -2.380392281338572502e-03, 1.251715584658086300e-03
5.349310040473937988e-01, -2.803512215614318848e-01, 7.970269918441772461e-01, 1.157513819634914398e-03, 3.257907461374998093e-03, 3.690820303745567799e-04
-3.049053810536861420e-02, -4.368222057819366455e-01, -8.990309834480285645e-01, 3.291945031378418207e-04, -8.240788010880351067e-04, 3.892397508025169373e-04
-5.169283151626586914e-01, 2.605067491531372070e-01, -8.154270648956298828e-01, -7.793362601660192013e-04, -2.387990476563572884e-03, -2.688488748390227556e-04
7.584941387176513672e-01, 5.711042881011962891e-01, -3.138892054557800293e-01, -1.516954362159594893e-04, -8.634623372927308083e-04, -1.937585766427218914e-03
3.671042919158935547e-01, 1.525680124759674072e-01, 9.175823926925659180e-01, -1.601409050635993481e-03, 4.674800438806414604e-04, 5.629594088532030582e-04
-6.518039107322692871e-01, -5.328419208526611328e-01, -5.396584272384643555e-01, -1.508438028395175934e-03, 5.922450800426304340e-04, 1.237139455042779446e-03
-9.764539003372192383e-01, -2.150189727544784546e-01, 1.745536364614963531e-02, -3.032885724678635597e-04, 1.351041020825505257e-03, -3.235607582610100508e-04
-9.935014843940734863e-01, -4.084588959813117981e-02, 1.062377318739891052e-01, -1.514753821538761258e-04, 1.020248862914741039e-03, -1.024288125336170197e-03
-6.545988321304321289e-01, -2.551361024379730225e-01, -7.116219997406005859e-01, -1.432777615264058113e-03, 8.600806177128106356e-05, 1.287131104618310928e-03
-9.177334904670715332e-01, -3.187259733676910400e-01, 2.370209842920303345e-01, 1.258627162314951420e-04, -1.045513781718909740e-03, -9.185853414237499237e-04
-7.428508996963500977e-01, -6.302016377449035645e-01, 2.258725017309188843e-01, -2.207363490015268326e-03, 3.067633835598826408e-03, 1.299342839047312737e-03
-6.901994943618774414e-01, -5.939243435859680176e-01, 4.133745431900024414e-01, -3.652908140793442726e-03, 3.270286833867430687e-03, -1.400503213517367840e-03
-2.175504118204116821e-01, 5.874465703964233398e-01, -7.794731259346008301e-01, -1.279807911487296224e-04, -6.467790226452052593e-04, -4.517228517215698957e-04
-7.898587584495544434e-01, 3.581384420394897461e-01, 4.978554248809814453e-01, 7.039887132123112679e-04, 2.190607483498752117e-04, 9.593098075129091740e-04
-3.602604269981384277e-01, 6.598714590072631836e-01, 6.593800187110900879e-01, 2.690234454348683357e-03, 2.434875350445508957e-03, -9.668474085628986359e-04
2.197936363518238068e-02, 9.311161637306213379e-01, -3.640600144863128662e-01, 1.558463089168071747e-03, -6.510743987746536732e-04, -1.571092056110501289e-03
-4.543966054916381836e-01, 8.272905945777893066e-01, 3.303240537643432617e-01, -6.147722597233951092e-04, -2.518989786040037870e-04, -2.148095663869753480e-04
3.621339499950408936e-01, -9.313704967498779297e-01, 3.752311691641807556e-02, -3.573273774236440659e-03, -1.486434252001345158e-03, -2.409643959254026413e-03
7.370407581329345703e-01, -5.123685002326965332e-01, -4.407372772693634033e-01, -9.769482130650430918e-05, -3.130227560177445412e-04, 2.005229325732216239e-04
9.872014522552490234e-01, 2.357872761785984039e-02, -1.577258259057998657e-01, -2.513978979550302029e-04, -2.136460039764642715e-03, -1.892875763587653637e-03
5.993092656135559082e-01, 5.602428317070007324e-01, -5.718010067939758301e-01, 1.326788566075265408e-03, 1.486162887886166573e-03, 2.846739953383803368e-03
3.616512715816497803e-01, 9.290540814399719238e-01, -7.789002358913421631e-02, 2.732869703322649002e-03, -1.074141589924693108e-03, -1.231199566973373294e-04
-4.212931394577026367e-01, 5.352494120597839355e-01, 7.321339845657348633e-01, 3.216396784409880638e-03, 2.940037986263632774e-03, -2.985895553138107061e-04
4.146906733512878418e-01, 9.078745245933532715e-01, 6.160773709416389465e-02, 2.210604725405573845e-03, -1.080651418305933475e-03, 1.044977805577218533e-03
-1.347371935844421387e-01, 9.332681298255920410e-01, -3.329511582851409912e-01, 2.409697277471423149e-03, 4.600212196237407625e-05, -8.462008554488420486e-04
-1.953166574239730835e-01, 9.724645018577575684e-01, -1.271387338638305664e-01, 1.382214017212390900e-03, 1.628266909392550588e-04, -8.779876516200602055e-04
-7.385595887899398804e-02, 8.805670142173767090e-01, -4.681313335895538330e-01, 9.700498194433748722e-04, 5.053180302638793364e-06, -1.435372687410563231e-04
7.614380866289138794e-02, -9.432067275047302246e-01, 3.233623206615447998e-01, -3.726909635588526726e-03, -5.602405290119349957e-04, -7.565554697066545486e-04
6.501890420913696289e-01, -6.954390406608581543e-01, 3.059719502925872803e-01, -1.147895003668963909e-03, -4.808364028576761484e-04, 1.346385921351611614e-03
-4.631899595260620117e-01, 8.862564563751220703e-01, 2.123906509950757027e-03, -1.030219485983252525e-03, -5.358057096600532532e-04, -1.095180748961865902e-03
1.305899024009704590e-01, 3.990260958671569824e-01, -9.075926542282104492e-01, 2.320623956620693207e-03, -1.025666482746601105e-03, -1.170322648249566555e-04
5.502871870994567871e-01, -4.237866997718811035e-01, -7.194364666938781738e-01, -1.105199102312326431e-03, -6.170468404889106750e-04, -4.818780871573835611e-04
-6.033741831779479980e-01, 7.629020810127258301e-01, -2.322068661451339722e-01, -1.238119206391274929e-03, -5.521096754819154739e-04, 1.403247006237506866e-03
5.875596776604652405e-02, -9.456803798675537109e-01, -3.197442293167114258e-01, -8.164235623553395271e-04, -5.545633612200617790e-04, 1.490159542299807072e-03
9.842244982719421387e-01, 1.551743447780609131e-01, -8.498898893594741821e-02, 2.076906675938516855e-04, -2.413005335256457329e-03, -2.000520937144756317e-03
8.199917078018188477e-01, -3.118006587028503418e-01, 4.799936711788177490e-01, -2.383382379775866866e-04, 1.017799251712858677e-03, 1.068317913450300694e-03
4.070250988006591797e-01, -3.484208881855010986e-01, 8.443538546562194824e-01, 2.043749438598752022e-03, 9.912041714414954185e-04, -5.761815700680017471e-04
-8.987387269735336304e-02, 9.060096144676208496e-01, 4.136051833629608154e-01, 1.543230260722339153e-03, 1.413712743669748306e-03, -2.761428710073232651e-03
-2.821024134755134583e-02, -9.789698719978332520e-01, -2.020452916622161865e-01, -8.134500239975750446e-04, -5.637513240799307823e-04, 2.845120150595903397e-03
6.191884279251098633e-01, -6.652072668075561523e-01, -4.172588884830474854e-01, -9.584128274582326412e-04, -5.743370857089757919e-04, -5.066037410870194435e-04
-3.146773576736450195e-01, -4.883778095245361328e-01, -8.139197230339050293e-01, 9.269929432775825262e-05, 1.851479610195383430e-04, -1.469340495532378554e-04
-5.027351975440979004e-01, -2.878066599369049072e-01, 8.151224851608276367e-01, -1.157253514975309372e-03, 1.074953237548470497e-03, -3.341993724461644888e-04
-6.532071232795715332e-01, 6.741870641708374023e-01, -3.446626663208007812e-01, -7.438166067004203796e-04, 7.294483366422355175e-04, 2.836544066667556763e-03
2.348263114690780640e-01, 2.947806119918823242e-01, 9.262618422508239746e-01, -1.330737373791635036e-03, 1.040452974848449230e-03, 6.247492819966282696e-06
5.164362192153930664e-01, 4.382212162017822266e-01, 7.357008457183837891e-01, 8.008908480405807495e-04, 5.010990425944328308e-04, -8.606776827946305275e-04
-9.554675221443176270e-01, -7.948444783687591553e-02, 2.841900885105133057e-01, -3.679991932585835457e-04, -8.791792206466197968e-04, -1.483135391026735306e-03
9.572061896324157715e-01, 2.887637019157409668e-01, -1.928440853953361511e-02, 4.467511607799679041e-04, -1.569865155033767223e-03, -1.332012587226927280e-03
-1.345742493867874146e-01, 5.994422435760498047e-01, 7.890238761901855469e-01, -5.772827425971627235e-04, 1.025239704176783562e-03, -8.773618028499186039e-04
-5.012511014938354492e-01, -5.078241229057312012e-01, 7.006154060363769531e-01, -1.873023342341184616e-03, 2.073763404041528702e-03, 1.630737679079174995e-04
1.453702300786972046e-01, 6.783899664878845215e-01, 7.201767563819885254e-01, 1.628643367439508438e-03, 1.804228988476097584e-03, -2.028289716690778732e-03
-6.090384125709533691e-01, -7.611287832260131836e-01, -2.230587899684906006e-01, -5.200235173106193542e-04, -7.245633751153945923e-04, 3.892248729243874550e-03
7.421152591705322266e-01, -6.702527999877929688e-01, -5.106947384774684906e-03, -1.681864028796553612e-03, -1.859687035903334618e-03, -3.282846009824424982e-04
2.315805852413177490e-01, -9.164349436759948730e-01, 3.263700902462005615e-01, -2.869020216166973114e-03, -6.747719016857445240e-04, 1.410204567946493626e-04
-4.683882594108581543e-01, -1.485055536031723022e-01, 8.709526658058166504e-01, -1.308867475017905235e-03, -7.112544699339196086e-05, -7.160214008763432503e-04
6.050145998597145081e-02, 9.208880066871643066e-01, 3.851038813591003418e-01, 1.679472276009619236e-03, 7.076640613377094269e-04, -1.956069143489003181e-03
-3.092447817325592041e-01, -9.114170670509338379e-01, -2.714527547359466553e-01, -5.747618852183222771e-04, -3.377849643584340811e-04, 1.788912108168005943e-03
-5.026866868138313293e-02, -1.977166384458541870e-01, 9.789694547653198242e-01, -7.860615733079612255e-04, 9.371353080496191978e-04, 1.489045243943110108e-04
-1.822074204683303833e-01, 9.828863739967346191e-01, 2.710625901818275452e-02, -1.984299306059256196e-04, -1.050688206305494532e-05, -9.528549853712320328e-04
-8.879200220108032227e-01, -4.148989021778106689e-01, -1.986377537250518799e-01, -6.968472735024988651e-04, 1.241924939677119255e-03, 5.209047812968492508e-04
8.423944115638732910e-01, 1.664644330739974976e-01, -5.125049352645874023e-01, -7.407724478980526328e-05, -2.502935007214546204e-03, -9.347265586256980896e-04
-3.043034076690673828e-01, 7.448416948318481445e-02, -9.496586322784423828e-01, -3.253128670621663332e-04, 4.747012862935662270e-04, 1.414735161233693361e-04
-6.209978461265563965e-01, 8.136019110679626465e-02, -7.795782089233398438e-01, 1.453489967389032245e-04, -3.978391643613576889e-03, -5.309847183525562286e-04
9.919869899749755859e-01, -1.261104643344879150e-01, 7.610084488987922668e-03, -4.363545449450612068e-04, -3.536360803991556168e-03, -1.723250141367316246e-03
1.308103799819946289e-01, -8.884576559066772461e-01, -4.399223625659942627e-01, -5.769210983999073505e-04, -3.651555161923170090e-04, 5.659133312292397022e-04
-2.864423990249633789e-01, -1.249939426779747009e-01, 9.499090909957885742e-01, -2.037856756942346692e-04, 8.647157810628414154e-04, 5.233277988736517727e-05
-6.168499961495399475e-02, 9.909266233444213867e-01, 1.194129660725593567e-01, 1.524244085885584354e-03, 3.565071965567767620e-04, -2.171032596379518509e-03
8.813023567199707031e-01, -1.302134245634078979e-01, 4.542582631111145020e-01, -1.197426347061991692e-03, 3.404320450499653816e-04, 2.420701086521148682e-03
2.759104669094085693e-01, 6.935737729072570801e-01, -6.654538512229919434e-01, -7.655213266843929887e-05, 1.647010911256074905e-03, 1.684868242591619492e-03
-6.470628380775451660e-01, 7.594850063323974609e-01, -6.702394038438796997e-02, 2.742128563113510609e-04, 2.612986136227846146e-04, 3.136106824968010187e-04
6.630894541740417480e-01, -7.116764783859252930e-01, -2.320106774568557739e-01, -1.721143256872892380e-03, -1.646304386667907238e-03, 1.308742794208228588e-04
-6.275314092636108398e-01, 4.656997025012969971e-01, -6.239616274833679199e-01, -4.722617159131914377e-04, -3.296636277809739113e-04, 2.289159892825409770e-04
-6.923000812530517578e-01, -3.989772796630859375e-01, -6.012800931930541992e-01, -1.741871004924178123e-03, 7.021405035629868507e-04, 1.539647579193115234e-03
8.208640813827514648e-01, 4.341265261173248291e-01, -3.711016178131103516e-01, 4.134606570005416870e-04, -1.756412442773580551e-03, -1.140146516263484955e-03
-5.089538544416427612e-02, 3.578637838363647461e-01, 9.323857426643371582e-01, -9.383260621689260006e-04, 1.889833831228315830e-03, -7.765665068291127682e-04
3.501872122287750244e-01, 5.740743875503540039e-01, -7.401401996612548828e-01, -4.796774883288890123e-04, 2.637557685375213623e-03, 1.818813965655863285e-03
-6.672064065933227539e-01, -7.399902343750000000e-01, -8.514743298292160034e-02, -1.149249961599707603e-03, 7.638605311512947083e-04, 2.366924425587058067e-03
-3.217797875404357910e-01, -6.706078052520751953e-01, 6.683883666992187500e-01, -7.059490308165550232e-04, 1.513013849034905434e-03, 1.178175443783402443e-03
-6.735697984695434570e-01, 7.231412529945373535e-01, 1.528736799955368042e-01, 1.579977542860433459e-04, 8.026725117815658450e-05, 3.164570953231304884e-04
-9.422280788421630859e-01, 3.316129148006439209e-01, 4.731981083750724792e-02, -6.354927900247275829e-04, -1.351225771941244602e-03, -3.184612141922116280e-03
-1.657404005527496338e-01, -8.512045741081237793e-01, 4.979768097400665283e-01, -1.342109753750264645e-03, 4.246404569130390882e-04, 2.791577135212719440e-04
-1.955098807811737061e-01, -6.369490027427673340e-01, 7.457022666931152344e-01, 1.244935789145529270e-03, 1.941047492437064648e-03, 1.984365051612257957e-03
3.796691596508026123e-01, 4.396890103816986084e-01, 8.139563202857971191e-01, -1.030111452564597130e-04, 6.298687658272683620e-04, -2.921977429650723934e-04
-9.695411920547485352e-01, 2.065505385398864746e-01, 1.316310018301010132e-01, -3.893385874107480049e-04, -4.188702441751956940e-04, -2.210436388850212097e-03
-9.138550162315368652e-01, -2.139001637697219849e-01, 3.451315164566040039e-01, 1.352207473246380687e-04, -2.671353984624147415e-03, -1.297565991990268230e-03
4.183311462402343750e-01, -8.494605422019958496e-01, -3.215833604335784912e-01, -2.573220292106270790e-03, -4.769778752233833075e-04, -2.087434753775596619e-03
6.326355338096618652e-01, 4.396052956581115723e-01, 6.375887393951416016e-01, 7.586677675135433674e-04, -2.166859776480123401e-04, -6.033731624484062195e-04
-3.446648716926574707e-01, 9.309931993484497070e-01, -1.202404424548149109e-01, -1.095136394724249840e-04, -2.806937263812869787e-04, -1.859428128227591515e-03
-2.228507101535797119e-01, 8.702114820480346680e-01, -4.393968582153320312e-01, 9.389026090502738953e-04, 3.923225449398159981e-04, 3.007952182088047266e-04
7.228606939315795898e-01, 1.564229838550090790e-02, -6.908167004585266113e-01, 5.566309482674114406e-06, -1.265124767087399960e-03, -2.282196328451391309e-05
2.046686559915542603e-01, 9.290136694908142090e-01, 3.082924187183380127e-01, 1.472913194447755814e-03, -3.100806789007037878e-04, -4.343270484241656959e-05
8.185418844223022461e-01, 2.219125069677829742e-02, 5.740180611610412598e-01, -1.982310088351368904e-03, 8.102487772703170776e-04, 2.795423148199915886e-03
-4.654777944087982178e-01, -7.325242161750793457e-01, -4.967279732227325439e-01, 7.159124943427741528e-04, -1.474172575399279594e-03, 1.503087696619331837e-03
3.413811922073364258e-01, 9.223185479640960693e-03, -9.398796558380126953e-01, -2.532889833673834801e-03, -2.083959057927131653e-03, -9.404413867741823196e-04
7.493163347244262695e-01, 6.602934002876281738e-01, 5.037578195333480835e-02, 5.465989233925938606e-04, -7.245421293191611767e-04, 1.366428798064589500e-03
-9.426860809326171875e-01, 8.442024141550064087e-02, -3.228253126144409180e-01, 2.077681710943579674e-04, -2.797725610435009003e-03, -1.338323927484452724e-03
8.947884440422058105e-01, 2.602295950055122375e-02, -4.457312524318695068e-01, -6.391043425537645817e-04, -2.235031686723232269e-03, -1.413464546203613281e-03
-9.739997386932373047e-01, -1.852050274610519409e-01, -1.304742097854614258e-01, -1.595991489011794329e-04, 9.295894997194409370e-04, -1.281104632653295994e-04
-9.236389398574829102e-01, 3.691874444484710693e-01, -1.029161289334297180e-01, 1.076011831173673272e-04, -4.320580046623945236e-04, -2.515592379495501518e-03
7.986262440681457520e-01, -1.709187179803848267e-01, 5.770467519760131836e-01, -8.368917624466121197e-04, 1.642866642214357853e-03, 1.644858624786138535e-03
2.711461186408996582e-01, 9.603743553161621094e-01, 6.450410932302474976e-02, 4.424108657985925674e-03, -1.244190963916480541e-03, -7.272040966199710965e-05
6.129195913672447205e-02, -9.966964125633239746e-01, -5.328792706131935120e-02, -2.199124312028288841e-03, -1.039968992699868977e-04, -5.842843675054609776e-04
-5.027545690536499023e-01, 7.944710850715637207e-01, -3.406663239002227783e-01, -1.473898766562342644e-03, -4.966786946170032024e-04, 1.016867230646312237e-03
-6.954005956649780273e-01, 6.126365065574645996e-01, 3.756253719329833984e-01, -1.481020939536392689e-03, -2.704066690057516098e-03, 1.668436569161713123e-03
-4.812354445457458496e-01, 2.651651501655578613e-01, 8.355237245559692383e-01, -7.599068339914083481e-04, 1.019000541418790817e-03, -7.610766333527863026e-04
-2.054483145475387573e-01, -9.549989700317382812e-01, 2.139346003532409668e-01, -9.545068678562529385e-06, -3.470682713668793440e-06, -2.465948273311369121e-05
8.581451177597045898e-01, -3.942954838275909424e-01, 3.288130760192871094e-01, 1.652883511269465089e-04, 1.941222581081092358e-03, 1.896438770927488804e-03
-5.306868553161621094e-01, -5.861948728561401367e-01, -6.121658086776733398e-01, -6.418800912797451019e-04, 1.499605714343488216e-04, 4.128476139158010483e-04
4.818524718284606934e-01, 5.703045725822448730e-01, -6.652600169181823730e-01, 7.581091485917568207e-04, 2.683280268684029579e-03, 2.849387703463435173e-03
-2.299092113971710205e-01, -2.154813110828399658e-01, -9.490572214126586914e-01, -2.437366871163249016e-03, -9.270642767660319805e-04, 8.009402663446962833e-04
-2.817919850349426270e-01, 7.641142606735229492e-01, 5.802781581878662109e-01, 1.805139589123427868e-03, 1.884802361018955708e-03, -1.605317112989723682e-03
9.514082670211791992e-01, 3.896781429648399353e-02, 3.054567575454711914e-01, -8.556136162951588631e-04, -3.270420478656888008e-03, 3.082200419157743454e-03
-7.199841141700744629e-01, -1.506216917186975479e-02, -6.938270330429077148e-01, 2.837460779119282961e-04, -3.541911952197551727e-03, -2.175524714402854443e-04
-9.597011208534240723e-01, 1.862858235836029053e-01, -2.104075551033020020e-01, -1.834884751588106155e-04, -2.349280985072255135e-03, -1.243033679202198982e-03
-8.253667950630187988e-01, 5.514234900474548340e-01, 1.212507188320159912e-01, -6.400308921001851559e-04, -4.172902263235300779e-04, -2.459008945152163506e-03
-1.506657600402832031e-01, 4.738775640726089478e-02, -9.874483346939086914e-01, -2.388612483628094196e-04, 1.578417723067104816e-03, 1.121941095334477723e-04
5.263671278953552246e-01, 7.899261713027954102e-01, -3.145699203014373779e-01, 4.035937890876084566e-04, -7.710551726631820202e-04, -1.260890392586588860e-03
1.309439837932586670e-01, -6.478877663612365723e-01, 7.503966689109802246e-01, 2.489668258931487799e-05, 1.046619494445621967e-03, 8.993002120405435562e-04
7.339005917310714722e-02, 1.427254676818847656e-01, 9.870376586914062500e-01, 8.194933761842548847e-04, 1.318173599429428577e-03, -2.515401574783027172e-04
-3.964420557022094727e-01, -4.664435982704162598e-02, -9.168740510940551758e-01, -1.329033402726054192e-03, 5.599728319793939590e-04, 5.461657419800758362e-04
-2.713029384613037109e-01, -7.741668820381164551e-01, 5.718919038772583008e-01, -9.764322312548756599e-04, 6.058941944502294064e-04, 3.569805994629859924e-04
6.271780133247375488e-01, -5.683284997940063477e-01, -5.325884819030761719e-01, -6.799223483540117741e-04, 2.768280683085322380e-04, -1.096083782613277435e-03
9.246472716331481934e-01, -3.070116043090820312e-01, 2.253248095512390137e-01, -1.716828701319172978e-04, 6.988384411670267582e-04, 1.656708889640867710e-03
-4.806355834007263184e-01, 8.866591006517410278e-02, 8.724263906478881836e-01, -2.124830847606062889e-03, -9.222607477568089962e-04, -1.076877349987626076e-03
3.845112621784210205e-01, -2.047917693853378296e-01, 9.001174569129943848e-01, 1.339918118901550770e-03, 1.443514018319547176e-03, -2.439612871967256069e-04
-8.920092582702636719e-01, 4.214294254779815674e-01, 1.634528189897537231e-01, -1.498096622526645660e-03, -1.895647612400352955e-03, -3.288008738309144974e-03
7.219849228858947754e-01, -5.801374912261962891e-01, 3.770652413368225098e-01, -5.622646422125399113e-04, 2.145770413335412741e-04, 1.406734692864120007e-03
6.395145058631896973e-01, -5.769425034523010254e-01, 5.080930590629577637e-01, -1.275023794732987881e-03, -6.031261291354894638e-04, 9.199636988341808319e-04
-5.341472625732421875e-01, -7.677031159400939941e-01, -3.540036380290985107e-01, 2.701923658605664968e-04, -1.994994003325700760e-03, 3.918718546628952026e-03
2.870202958583831787e-01, -1.825095266103744507e-01, -9.403773546218872070e-01, -4.347611684352159500e-04, -5.161006120033562183e-04, -3.253162140026688576e-05
7.254467010498046875e-01, -6.070356965065002441e-01, -3.243991136550903320e-01, -4.005449882242828608e-04, -6.312423502095043659e-04, 2.854896883945912123e-04
3.043338954448699951e-01, 7.966333627700805664e-01, -5.222606062889099121e-01, 6.269923178479075432e-04, -2.636759018059819937e-04, -3.683601607917807996e-05
7.643561363220214844e-01, -2.537764012813568115e-01, -5.927539467811584473e-01, -1.041641342453658581e-03, -2.203402575105428696e-03, -3.998511529061943293e-04
-9.316080808639526367e-01, -2.575705945491790771e-01, -2.564446032047271729e-01, -1.514363684691488743e-04, -2.307593240402638912e-04, 7.819082238711416721e-04
-5.333495140075683594e-01, -8.403491973876953125e-01, -9.670289605855941772e-02, -5.024594138376414776e-04, 2.174894507334101945e-05, 2.582237124443054199e-03
5.165275931358337402e-01, -6.403118968009948730e-01, 5.685067176818847656e-01, -1.803100807592272758e-03, -9.846087777987122536e-04, 5.292718997225165367e-04
-1.688828766345977783e-01, 4.449415504932403564e-01, -8.794916868209838867e-01, 1.535985735245049000e-03, -1.989712473005056381e-03, -1.301555894315242767e-03
-5.148431286215782166e-02, 1.627502888441085815e-01, -9.853231310844421387e-01, 2.857181243598461151e-03, -3.197648038621991873e-04, -2.021081454586237669e-04
-7.515875250101089478e-02, -5.035591721534729004e-01, 8.606854081153869629e-01, 1.976525876671075821e-03, 2.241586102172732353e-03, 1.484078122302889824e-03
3.900054097175598145e-01, 1.523830294609069824e-01, -9.081162810325622559e-01, -1.828016247600317001e-03, -3.515398129820823669e-03, -1.374959712848067284e-03
6.998129934072494507e-02, 5.343982577323913574e-01, -8.423307538032531738e-01, 1.408184878528118134e-03, 2.315584133611992002e-04, 2.638999139890074730e-04
5.131827592849731445e-01, 3.086737096309661865e-01, -8.008520007133483887e-01, 3.938684822060167789e-04, -8.029690943658351898e-04, -5.710035111405886710e-05
-3.644187152385711670e-01, -5.479061603546142578e-01, 7.529926300048828125e-01, -6.127675878815352917e-04, 2.518414519727230072e-03, 1.535939052700996399e-03
-1.502635031938552856e-01, -9.451914429664611816e-01, -2.898859977722167969e-01, -1.522921724244952202e-03, -4.094429023098200560e-04, 2.124426653608679771e-03
2.671529650688171387e-01, -3.872202038764953613e-01, 8.824340105056762695e-01, 1.019254326820373535e-03, -6.061688181944191456e-04, -5.745671805925667286e-04
1.130670607089996338e-01, -4.841800928115844727e-01, -8.676320910453796387e-01, -1.950966543518006802e-05, -1.594481756910681725e-03, 8.872544858604669571e-04
-1.774764992296695709e-02, -2.195310741662979126e-01, -9.754440784454345703e-01, -3.796514647547155619e-04, -1.808064407669007778e-03, 4.138261429034173489e-04
-3.057556748390197754e-01, 4.748031198978424072e-01, -8.252729773521423340e-01, 6.214455352164804935e-04, -1.583121833391487598e-03, -1.141054788604378700e-03
-7.482617497444152832e-01, -4.668012559413909912e-01, 4.713819324970245361e-01, -2.788513666018843651e-03, 2.078408841043710709e-03, -2.368216169998049736e-03
2.892771959304809570e-01, -7.948347330093383789e-01, 5.334383845329284668e-01, -2.166371559724211693e-03, 3.388828554307110608e-05, 1.225291518494486809e-03
-4.146080911159515381e-01, 8.951458334922790527e-01, 1.637500077486038208e-01, -1.319679315201938152e-03, -5.474215722642838955e-04, -3.488708462100476027e-04
6.610385179519653320e-01, -7.434946894645690918e-01, 1.012115925550460815e-01, -2.315509598702192307e-03, -1.944033778272569180e-03, 8.424164843745529652e-04
9.333129525184631348e-01, 3.153626620769500732e-01, -1.716777831315994263e-01, 5.579792778007686138e-04, -2.485918346792459488e-03, -1.533084316179156303e-03
1.926996558904647827e-02, 7.986496686935424805e-01, -6.014876961708068848e-01, 2.993859816342592239e-04, 4.491181462071835995e-04, 6.059262668713927269e-04
-7.866726517677307129e-01, -4.084152281284332275e-01, -4.629720747470855713e-01, -1.078488538041710854e-03, 3.003340498253237456e-05, 1.806051353923976421e-03
-2.540433406829833984e-01, 3.224088251590728760e-01, -9.118741750717163086e-01, 1.473379903472959995e-03, -1.874638721346855164e-03, -1.073286752216517925e-03
-5.849074125289916992e-01, 3.629800975322723389e-01, -7.253473401069641113e-01, -8.473345660604536533e-04, -2.040477935224771500e-03, -3.378252149559557438e-04
6.056804060935974121e-01, 1.699392870068550110e-02, 7.955265045166015625e-01, -5.908122402615845203e-04, 9.837815305218100548e-04, 4.288041673135012388e-04
-1.551189422607421875e-01, 8.315806388854980469e-01, 5.333026647567749023e-01, 1.651684404350817204e-03, 1.774991746060550213e-03, -2.287333831191062927e-03
-8.963850140571594238e-01, 3.586966395378112793e-01, -2.604431807994842529e-01, 1.938889454322634265e-06, -6.526213255710899830e-04, -9.054990950971841812e-04
-5.907726883888244629e-01, -8.059554100036621094e-01, 3.772801160812377930e-02, -1.118043321184813976e-03, 8.929630857892334461e-04, 1.568568171933293343e-03
-7.482535243034362793e-01, -1.558781415224075317e-01, -6.448400020599365234e-01, -9.061996242962777615e-04, -1.775251934304833412e-03, 1.480661914683878422e-03
8.413093090057373047e-01, -4.178807437419891357e-01, -3.428912758827209473e-01, -1.982096582651138306e-04, -1.340111601166427135e-03, 1.146868336945772171e-03
4.073537290096282959e-01, 4.308546781539916992e-01, -8.052497506141662598e-01, -1.759390215738676488e-05, 8.750295382924377918e-04, 4.592905461322516203e-04
5.333816409111022949e-01, -2.938300669193267822e-01, -7.932010293006896973e-01, -1.684631861280649900e-04, -1.405579387210309505e-03, 4.073952732142060995e-04
-1.719402968883514404e-01, -4.746584296226501465e-01, -8.632125258445739746e-01, 4.778876900672912598e-04, -5.340042407624423504e-04, 1.984464470297098160e-04
-9.226158261299133301e-02, -7.277219891548156738e-01, -6.796385645866394043e-01, -1.844193786382675171e-03, -1.076039043255150318e-03, 1.402518129907548428e-03
1.905689090490341187e-01, 9.797506928443908691e-01, -6.141804531216621399e-02, 4.684360697865486145e-03, -9.734482737258076668e-04, -9.938959265127778053e-04
6.185838580131530762e-01, -3.582743704319000244e-01, 6.992806792259216309e-01, 2.766763645922765136e-05, 1.851246110163629055e-03, 9.240056388080120087e-04
8.349555134773254395e-01, 5.499651432037353516e-01, -1.968797482550144196e-02, 3.910123195964843035e-04, -5.804900429211556911e-04, 3.671590238809585571e-04
-1.443288624286651611e-01, -6.040120720863342285e-01, -7.837975621223449707e-01, -9.361919364891946316e-05, -8.570172940380871296e-04, 6.776759400963783264e-04
-8.240246772766113281e-01, 4.275671392679214478e-02, -5.649382472038269043e-01, 2.327015099581331015e-04, -3.891151864081621170e-03, -6.339182145893573761e-04
-4.799155294895172119e-01, 1.238707974553108215e-01, -8.685258030891418457e-01, -3.806329623330384493e-04, -1.816287171095609665e-03, -4.871848796028643847e-05
-1.170723419636487961e-02, 6.634616255760192871e-01, -7.481186985969543457e-01, 7.509621209464967251e-04, 7.905989768914878368e-04, 6.893830723129212856e-04
-4.053178429603576660e-01, -3.333024084568023682e-01, -8.512502312660217285e-01, -1.697179512120783329e-03, 8.801818476058542728e-04, 4.634717479348182678e-04
-3.760330006480216980e-02, 9.976543784141540527e-01, -5.719796940684318542e-02, 2.720759715884923935e-03, 6.453322566812857985e-05, -6.630950374528765678e-04
7.400994300842285156e-01, -6.440863013267517090e-01, 1.934053897857666016e-01, -8.511875639669597149e-04, -6.464399048127233982e-04, 1.104417722672224045e-03
-3.921942114830017090e-01, 3.440108895301818848e-01, -8.531355261802673340e-01, 3.109546960331499577e-04, -1.438163453713059425e-03, -7.228611502796411514e-04
8.215289711952209473e-01, 4.271090626716613770e-01, 3.777142465114593506e-01, -1.530006644316017628e-03, -1.511794926045695320e-05, 3.344861324876546860e-03
-8.634791010990738869e-04, -5.752200484275817871e-01, -8.179982304573059082e-01, -2.973031660076230764e-04, -1.860277727246284485e-03, 1.308469683863222599e-03
5.094701051712036133e-01, -1.363952308893203735e-01, 8.496096134185791016e-01, -6.889923497510608286e-06, 3.060762071982026100e-03, 4.955023759976029396e-04
-2.312349826097488403e-01, -5.125103592872619629e-01, 8.269603848457336426e-01, 9.039538563229143620e-04, 2.514061285182833672e-03, 1.810858258977532387e-03
-3.361594974994659424e-01, -9.336118698120117188e-01, 1.239581257104873657e-01, 8.354974561370909214e-04, -2.147902268916368484e-04, 6.480389274656772614e-04
1.526676211506128311e-02, -9.949048757553100586e-01, 9.965547174215316772e-02, -2.927595283836126328e-03, -2.231390681117773056e-04, -1.779202488251030445e-03
-6.333479285240173340e-01, -7.019110918045043945e-01, 3.258699774742126465e-01, -2.781588584184646606e-03, 2.619736129418015480e-03, 2.366230328334495425e-04
1.900259256362915039e-01, 6.668400485068559647e-03, -9.817564487457275391e-01, -1.720014843158423901e-03, -3.140675602480769157e-03, -3.542535705491900444e-04
7.759449481964111328e-01, -4.501610696315765381e-01, 4.418873786926269531e-01, -2.962465805467218161e-04, 7.392871775664389133e-04, 1.273331930860877037e-03
9.017358422279357910e-01, 3.083215057849884033e-01, 3.030022084712982178e-01, -1.199936377815902233e-03, -1.420488661096896976e-05, 3.585470141842961311e-03
-1.580717712640762329e-01, 7.011491656303405762e-01, -6.952720284461975098e-01, -7.761713932268321514e-04, 8.524967124685645103e-04, 1.036167261190712452e-03
-1.221961602568626404e-01, -3.238673508167266846e-01, -9.381780028343200684e-01, -2.881884865928441286e-04, -1.395587460137903690e-03, 5.193052929826080799e-04
5.253686904907226562e-01, -8.293374776840209961e-01, -1.902288049459457397e-01, -3.158015431836247444e-03, -1.872368506155908108e-03, -5.587859195657074451e-04
7.435345053672790527e-01, 3.099450170993804932e-01, -5.925288796424865723e-01, 1.472287927754223347e-03, -1.044238684698939323e-03, 1.301270560361444950e-03
-9.965105354785919189e-02, -9.215530157089233398e-01, 3.752461671829223633e-01, -2.168466337025165558e-03, 1.707248884486034513e-04, -1.565849670441821218e-04
-5.922948718070983887e-01, -6.552994251251220703e-01, -4.687956869602203369e-01, -6.375437369570136070e-04, -1.207372639328241348e-03, 2.493206644430756569e-03
9.128735065460205078e-01, 1.734200567007064819e-01, 3.695774078369140625e-01, -1.551248482428491116e-03, -1.382332295179367065e-03, 4.480300005525350571e-03
1.485594920814037323e-02, 9.684566259384155273e-01, 2.487387806177139282e-01, 2.390735549852252007e-03, 7.147082360461354256e-04, -2.925481181591749191e-03
-9.050571322441101074e-01, 2.374921143054962158e-01, -3.528018295764923096e-01, -3.705281415022909641e-04, -2.955952426418662071e-03, -1.039298018440604210e-03
4.274900555610656738e-01, 7.962673306465148926e-01, -4.280311167240142822e-01, 1.058295834809541702e-03, -8.582384907640516758e-04, -5.396250635385513306e-04
8.316401839256286621e-01, -5.084497928619384766e-01, -2.232788652181625366e-01, -6.505736382678151131e-04, -1.087941811420023441e-03, 5.428465010481886566e-05
6.498423218727111816e-01, 1.502133309841156006e-01, -7.450777888298034668e-01, 6.544340867549180984e-04, -8.977081743068993092e-04, 3.897998831234872341e-04
-2.104407995939254761e-01, 1.844080388545989990e-01, 9.600564241409301758e-01, -3.668877470772713423e-04, 1.288320985622704029e-03, -3.278816584497690201e-04
3.747003674507141113e-01, -2.926423251628875732e-01, -8.797500133514404297e-01, 4.106735577806830406e-04, -1.201020437292754650e-03, 5.744233494624495506e-04
-4.818344861268997192e-02, -6.275616884231567383e-01, 7.770744562149047852e-01, 2.199094276875257492e-03, 2.050097333267331123e-03, 1.792006543837487698e-03
8.529026061296463013e-02, 4.360288977622985840e-01, 8.958818912506103516e-01, -6.201136857271194458e-04, 2.213437575846910477e-03, -1.018251641653478146e-03
-9.713639020919799805e-01, 2.281212210655212402e-01, -6.642933934926986694e-02, -2.630171948112547398e-04, -1.560529461130499840e-03, -1.512953429482877254e-03
-8.667280673980712891e-01, -3.631342053413391113e-01, -3.419297039508819580e-01, -4.515138280112296343e-04, -2.199949958594515920e-04, 1.378141227178275585e-03
9.109128117561340332e-01, 1.633563041687011719e-01, -3.788833916187286377e-01, -1.163475171779282391e-04, -2.679246943444013596e-03, -1.434885663911700249e-03
-8.559540510177612305e-01, 3.728621900081634521e-01, 3.582129478454589844e-01, -9.688324062153697014e-04, -1.608821912668645382e-03, -6.404212326742708683e-04
-9.949067607522010803e-03, 6.702200770378112793e-01, 7.420957088470458984e-01, 3.014651883859187365e-04, 2.492355182766914368e-03, -2.246916526928544044e-03
7.212926447391510010e-02, 7.747073769569396973e-01, 6.281925439834594727e-01, 1.346680219285190105e-03, 1.633455161936581135e-03, -2.169056097045540810e-03
1.094142645597457886e-01, -6.542752981185913086e-01, -7.482996582984924316e-01, -1.402542839059606194e-04, -2.820973051711916924e-03, 2.446007914841175079e-03
-2.045741379261016846e-01, 6.926557421684265137e-01, 6.916483044624328613e-01, 1.000414136797189713e-03, 1.555515103973448277e-03, -1.261880737729370594e-03
4.841223359107971191e-01, -8.012098670005798340e-01, 3.516934216022491455e-01, -1.053109997883439064e-03, 1.122642934205941856e-04, 1.705409609712660313e-03
2.784623205661773682e-01, -8.599005341529846191e-01, -4.278197288513183594e-01, -7.002208149060606956e-04, 4.478347836993634701e-04, -1.355894841253757477e-03
1.796439439058303833e-01, -9.829462170600891113e-01, 3.930266946554183960e-02, -4.069082904607057571e-03, -8.967240573838353157e-04, -3.827868262305855751e-03
6.497191190719604492e-01, 7.510405778884887695e-01, 1.174867302179336548e-01, 1.053365529514849186e-03, -1.046579331159591675e-03, 8.650497184135019779e-04
6.349751949310302734e-01, 1.594329923391342163e-01, 7.559018731117248535e-01, 1.181193045340478420e-03, -5.115171079523861408e-04, -8.843417745083570480e-04
5.821204781532287598e-01, 7.665405869483947754e-01, 2.712034583091735840e-01, 1.374029438011348248e-03, -8.835504995658993721e-04, -4.519609792623668909e-04
-1.326490789651870728e-01, 7.999598979949951172e-01, -5.852079987525939941e-01, -4.136901407036930323e-04, 9.283879189752042294e-04, 1.362846465781331062e-03
2.124527245759963989e-01, -9.284067153930664062e-01, -3.048357665538787842e-01, -8.055114303715527058e-04, 1.925526303239166737e-04, -1.147831906564533710e-03
8.098202943801879883e-01, -5.231246352195739746e-01, 2.655780315399169922e-01, 2.280339540448039770e-04, 1.323762815445661545e-03, 1.912155305035412312e-03
4.321728050708770752e-01, 6.809451580047607422e-01, 5.912193059921264648e-01, -9.134676074609160423e-04, -4.362169420346617699e-04, 1.170150702819228172e-03
2.646347582340240479e-01, 9.448822140693664551e-01, -1.927850842475891113e-01, 2.675255062058568001e-03, -1.130712334997951984e-03, -1.869566156528890133e-03
9.995775222778320312e-01, 2.891445159912109375e-02, -2.953926334157586098e-03, 9.656928159529343247e-05, -3.563458565622568130e-03, -2.202820731326937675e-03
7.558460235595703125e-01, 1.583802849054336548e-01, 6.353050470352172852e-01, -6.427382468245923519e-04, -3.379523986950516701e-04, 8.489404572173953056e-04
3.586341440677642822e-02, 1.104061724618077278e-03, -9.993560910224914551e-01, 2.371879963902756572e-04, -2.566920360550284386e-03, 5.675987722497666255e-06
-3.556590378284454346e-01, 2.103440165519714355e-01, -9.106382727622985840e-01, 3.514486888889223337e-04, -1.045094919390976429e-03, -3.786633897107094526e-04
-4.544815719127655029e-01, -4.512594342231750488e-01, -7.679917812347412109e-01, -1.033329404890537262e-03, 1.194646814838051796e-03, -9.045215119840577245e-05
-3.459396362304687500e-01, 4.446435570716857910e-01, 8.262069225311279297e-01, 1.869142288342118263e-03, 1.168719958513975143e-03, 1.536499476060271263e-04
-8.289826512336730957e-01, -5.463182330131530762e-01, -1.196836158633232117e-01, -1.279373187571763992e-03, 1.791401416994631290e-03, 6.843286100775003433e-04
9.857612103223800659e-02, -2.287008613348007202e-01, 9.684929847717285156e-01, -9.581766207702457905e-04, -3.705393464770168066e-04, 1.002657427306985483e-05
-7.422794699668884277e-01, 6.695294380187988281e-01, 2.741334773600101471e-02, 1.155109144747257233e-03, 1.313670538365840912e-03, -8.071719203144311905e-04
5.236337184906005859e-01, 1.570243090391159058e-01, -8.373476266860961914e-01, -7.232506177388131618e-04, -1.476287958212196827e-03, -7.291254587471485138e-04
-4.687220752239227295e-01, -8.519548177719116211e-01, -2.333936840295791626e-01, 1.112709360313601792e-04, -9.749949676916003227e-04, 3.335550660267472267e-03
4.991084337234497070e-01, 8.640344738960266113e-01, -6.584221124649047852e-02, 7.547679706476628780e-04, -3.789950569625943899e-04, 7.479441119357943535e-04
-7.171741127967834473e-01, 5.507394075393676758e-01, -4.270215630531311035e-01, -1.880322233773767948e-04, 1.397958607412874699e-03, 2.118775155395269394e-03
3.485144376754760742e-01, 8.797261118888854980e-01, -3.234497308731079102e-01, 1.089889905415475368e-03, -1.256998977623879910e-03, -2.244467614218592644e-03
3.822970986366271973e-01, 2.991206645965576172e-01, -8.742858171463012695e-01, -1.906499528558924794e-04, -2.484784461557865143e-03, -9.334880742244422436e-04
-4.608143270015716553e-01, -6.334568262100219727e-01, 6.215968132019042969e-01, -2.247156109660863876e-03, 1.590154482983052731e-03, -4.541132875601761043e-05
6.913962364196777344e-01, 5.657978653907775879e-01, -4.492706060409545898e-01, 3.133622813038527966e-04, -2.031065014307387173e-05, 4.566641000565141439e-04
6.547170281410217285e-01, -3.104483485221862793e-01, -6.891788244247436523e-01, -1.283123623579740524e-03, -1.669759745709598064e-03, -4.668001201935112476e-04
-4.735894873738288879e-02, -9.708225131034851074e-01, 2.350760102272033691e-01, -2.594155957922339439e-03, -1.585570280440151691e-04, -1.177437137812376022e-03
-8.184589147567749023e-01, 4.522078037261962891e-01, -3.544476628303527832e-01, 2.740384843491483480e-05, 6.364444852806627750e-04, 7.487036637030541897e-04
-5.522403120994567871e-01, 6.995868086814880371e-01, -4.534411728382110596e-01, -1.211633207276463509e-03, 6.148878019303083420e-04, 2.424306003376841545e-03
-7.618340253829956055e-01, 5.818666815757751465e-01, -2.846754491329193115e-01, 7.351517560891807079e-04, 1.818677294068038464e-03, 1.749937073327600956e-03
-3.042417466640472412e-01, 6.836596131324768066e-01, -6.633599400520324707e-01, -1.688373391516506672e-03, 4.255113017279654741e-04, 1.212883973494172096e-03
-5.808998346328735352e-01, 8.118237853050231934e-01, 5.913937091827392578e-02, 5.511342897079885006e-05, 4.455760790733620524e-05, -7.030080450931563973e-05
9.634162187576293945e-01, -2.553499042987823486e-01, 8.139781653881072998e-02, -4.788942751474678516e-04, -1.842334284447133541e-03, -1.113709222408942878e-04
-7.491469979286193848e-01, 6.203615665435791016e-01, 2.322289347648620605e-01, -1.335598411969840527e-03, -1.694966456852853298e-03, 2.193204418290406466e-04
6.243892312049865723e-01, 6.817626357078552246e-01, -3.812320232391357422e-01, 9.590637637302279472e-05, -4.745630139950662851e-04, -6.915904814377427101e-04
-5.765509605407714844e-01, -4.544583559036254883e-01, -6.790115237236022949e-01, -1.604249235242605209e-03, 1.421012915670871735e-03, 4.110979498364031315e-04
1.170977950096130371e-01, -8.008913397789001465e-01, 5.872488021850585938e-01, -1.637549255974590778e-03, 7.297961856238543987e-04, 1.321826130151748657e-03
-5.160487890243530273e-01, 5.876542329788208008e-01, 6.231822967529296875e-01, 2.697776071727275848e-03, 2.809921978041529655e-03, -4.157347721047699451e-04
9.836621284484863281e-01, 1.654215455055236816e-01, 7.102436572313308716e-02, 5.661828326992690563e-04, -2.837387612089514732e-03, -1.232922426424920559e-03
-1.921453326940536499e-01, -2.419574111700057983e-01, 9.510713815689086914e-01, -8.030597382457926869e-05, 1.468649716116487980e-03, 3.574077563825994730e-04
-4.080492258071899414e-01, -5.798747539520263672e-01, -7.051532268524169922e-01, 1.950686710188165307e-04, 3.966453077737241983e-04, -4.390566900838166475e-04
8.738374114036560059e-01, 4.335640072822570801e-01, 2.200691848993301392e-01, -9.426008327864110470e-04, 6.362995482049882412e-04, 2.489232225343585014e-03
1.865506619215011597e-01, 8.719595670700073242e-01, 4.526425600051879883e-01, -1.176096557173877954e-04, -1.522276870673522353e-04, 3.417189873289316893e-04
-1.044657304883003235e-01, 3.069784343242645264e-01, -9.459657073020935059e-01, 2.391805173829197884e-03, -1.692252699285745621e-03, -8.132923976518213749e-04
-8.201696276664733887e-01, 4.978778362274169922e-01, 2.818500995635986328e-01, -2.012588316574692726e-03, -3.053848166018724442e-03, -4.620199033524841070e-04
-1.459011733531951904e-01, -9.861207604408264160e-01, 7.923818379640579224e-02, -1.214440089825075120e-05, 7.545201515313237906e-05, 9.166403324343264103e-04
-7.178165912628173828e-01, -8.924164623022079468e-02, 6.904891133308410645e-01, -7.524014217779040337e-04, -6.945625646039843559e-04, -8.719473262317478657e-04
-6.120512485504150391e-01, 6.076934337615966797e-01, 5.060651302337646484e-01, 4.440314951352775097e-04, -2.775937900878489017e-04, 8.703661151230335236e-04
6.589720845222473145e-01, -4.420247673988342285e-01, -6.085802316665649414e-01, -1.292589702643454075e-03, -4.550007579382508993e-04, -1.069142366759479046e-03
-6.640162467956542969e-01, -6.687843203544616699e-01, -3.343800306320190430e-01, -9.751978795975446701e-04, -6.267832941375672817e-04, 3.190172370523214340e-03
2.688941657543182373e-01, -4.662753343582153320e-01, -8.427830338478088379e-01, 2.993763191625475883e-04, -1.694065518677234650e-03, 1.032770611345767975e-03
-2.549208104610443115e-01, -8.990107774734497070e-01, 3.560828566551208496e-01, -6.463547470048069954e-04, 6.480399315478280187e-05, -2.991151413880288601e-04
4.453399404883384705e-02, 2.803435325622558594e-01, -9.588661193847656250e-01, 3.345517907291650772e-03, -1.992292702198028564e-03, -4.271055804565548897e-04
-8.681614398956298828e-01, 2.429943978786468506e-01, 4.327232241630554199e-01, 4.402989725349470973e-05, 1.731754047796130180e-03, -8.841251255944371223e-04
7.278084754943847656e-01, 6.543204188346862793e-01, 2.053281515836715698e-01, 9.082974866032600403e-04, -1.326480647549033165e-03, 1.007541897706687450e-03
6.239902377128601074e-01, -1.776341795921325684e-01, -7.609745860099792480e-01, 2.056391531368717551e-05, -1.328062033280730247e-03, 3.268714935984462500e-04
4.700721204280853271e-01, -1.756693720817565918e-01, -8.649696707725524902e-01, 3.752803604584187269e-04, -5.562693695537745953e-04, 3.169224655721336603e-04
-8.479296565055847168e-01, 4.895626604557037354e-01, -2.033315896987915039e-01, 1.169586554169654846e-03, 1.692134770564734936e-03, -8.032253826968371868e-04
-4.767937660217285156e-01, -8.656307458877563477e-01, 1.528105288743972778e-01, -3.475587000139057636e-04, 2.792175801005214453e-04, 4.972530296072363853e-04
6.213694810867309570e-01, 7.830424308776855469e-01, -2.728533186018466949e-02, 2.322344516869634390e-04, -1.476723409723490477e-04, 1.050736638717353344e-03
-1.985907852649688721e-01, 3.306444883346557617e-01, 9.226244688034057617e-01, -1.517093187430873513e-04, 7.538857753388583660e-04, -3.028277133125811815e-04
