2.573150396347045898e-02, 7.638720562681555748e-04, 9.996685981750488281e-01, -1.489036949351429939e-03, 1.482477877289056778e-03, 3.719506275956518948e-05
-4.308832287788391113e-01, 8.717392683029174805e-01, -2.332600355148315430e-01, 1.948827120941132307e-04, 5.316110327839851379e-04, 1.626744866371154785e-03
5.732805132865905762e-01, -7.908711433410644531e-01, 2.141782045364379883e-01, -5.958115798421204090e-04, -9.638808551244437695e-04, -1.964431256055831909e-03
-5.448510646820068359e-01, 7.234352231025695801e-01, 4.240033626556396484e-01, -5.642556934617459774e-04, -6.845491589047014713e-04, 4.429014225024729967e-04
3.502561151981353760e-01, -8.445971012115478516e-01, 4.049400091171264648e-01, 9.271309245377779007e-04, 6.814100197516381741e-05, -6.598053150810301304e-04
3.168854117393493652e-01, -7.726483941078186035e-01, -5.500891804695129395e-01, -3.113309154286980629e-03, 5.490626062965020537e-05, -1.870579319074749947e-03
7.310130000114440918e-01, 4.369696974754333496e-01, 5.240968465805053711e-01, -4.509545105975121260e-04, -1.197278383187949657e-03, 1.627233577892184258e-03
-1.634778345760423690e-05, -8.446015119552612305e-01, -5.353954434394836426e-01, 3.026810009032487869e-04, 8.903401903808116913e-04, -1.404546201229095459e-03
-7.620441317558288574e-01, -6.473800539970397949e-01, -1.370522566139698029e-02, -2.421173267066478729e-03, 2.861031331121921539e-03, -5.205066408962011337e-04
-7.330010533332824707e-01, -5.420000553131103516e-01, -4.110298156738281250e-01, 3.615973109845072031e-04, -1.245099352672696114e-03, 9.969901293516159058e-04
9.217363595962524414e-01, -3.020108044147491455e-01, -2.432931065559387207e-01, -5.910837789997458458e-04, -6.467747734859585762e-04, -1.436499529518187046e-03
8.666272759437561035e-01, -2.840457558631896973e-01, -4.102135300636291504e-01, -6.821199785917997360e-04, -2.605617046356201172e-03, 3.631539293564856052e-04
3.617472350597381592e-01, -4.863452911376953125e-01, 7.953661084175109863e-01, -1.136407838203012943e-03, -4.222723073326051235e-04, 2.586509799584746361e-04
9.033330082893371582e-01, 4.229287803173065186e-01, 7.155920565128326416e-02, 1.400012639351189137e-03, -2.952549140900373459e-03, -2.230275276815518737e-04
2.446794658899307251e-01, -2.471854686737060547e-01, 9.375666975975036621e-01, 6.336316582746803761e-04, -5.329974927008152008e-03, -1.570585765875875950e-03
9.687827825546264648e-01, -1.678916662931442261e-01, -1.824073195457458496e-01, -3.663134411908686161e-04, -1.311518950387835503e-03, -7.383751799352467060e-04
8.624888211488723755e-02, 9.814985990524291992e-01, -1.709431558847427368e-01, -9.687414276413619518e-04, 4.553876933641731739e-04, 2.125908620655536652e-03
-7.930733561515808105e-01, 2.224735319614410400e-01, 5.670451521873474121e-01, -1.130958335124887526e-04, 5.988780176267027855e-04, -3.931394312530755997e-04
-3.741960227489471436e-01, -8.890626430511474609e-01, 2.637137472629547119e-01, 2.169229410355910659e-04, 9.252636227756738663e-04, 3.427159273996949196e-03
-1.499815434217453003e-01, -8.404048681259155273e-01, -5.207929015159606934e-01, 6.866052863188087940e-04, 2.023331908276304603e-04, -5.242388579063117504e-04
-9.279130101203918457e-01, -1.363305151462554932e-01, -3.469749093055725098e-01, 1.002406119368970394e-03, 5.469648167490959167e-04, -2.895637648180127144e-03
-9.698236584663391113e-01, -1.801246553659439087e-01, 1.643079817295074463e-01, 7.235911325551569462e-04, -3.190256189554929733e-03, 7.736205006949603558e-04
-2.513231337070465088e-01, -6.761191785335540771e-02, -9.655388593673706055e-01, -4.478352202568203211e-04, -4.608625080436468124e-03, 4.392877162899821997e-04
7.990173697471618652e-01, 5.781483054161071777e-01, -1.652745753526687622e-01, -9.458305430598556995e-05, 1.080332440324127674e-04, -7.934835593914613128e-05
3.399768769741058350e-01, -9.163726568222045898e-01, -2.113690376281738281e-01, 2.735351677983999252e-03, 1.250254339538514614e-03, -1.020691706798970699e-03
-8.056377768516540527e-01, 5.862482190132141113e-01, -8.521038293838500977e-02, -4.948517307639122009e-04, -5.694239516742527485e-04, 7.610278553329408169e-04
-2.278953790664672852e-01, -7.519491910934448242e-01, -6.185758709907531738e-01, 1.666112802922725677e-03, -8.173761889338493347e-04, 3.797851677518337965e-04
6.098153591156005859e-01, 1.358214579522609711e-02, -7.924271225929260254e-01, 1.077732420526444912e-03, 6.921837339177727699e-04, 8.412371389567852020e-04
6.475281715393066406e-01, -1.969781219959259033e-01, 7.361432313919067383e-01, -1.008065533824265003e-03, -7.921778160380199552e-05, 8.655199781060218811e-04
-3.761863410472869873e-01, 8.030838966369628906e-01, 4.621039628982543945e-01, 4.144127306062728167e-04, -2.003528352361172438e-04, 6.855525425635278225e-04
-5.622022747993469238e-01, -3.021777234971523285e-02, 8.264474868774414062e-01, -5.253875860944390297e-04, -8.273198618553578854e-04, -3.876518167089670897e-04
-5.956331491470336914e-01, -7.794703245162963867e-01, 1.940287351608276367e-01, -2.305113477632403374e-03, 2.364495536312460899e-03, 2.422589343041181564e-03
-3.767742216587066650e-01, -1.954367905855178833e-01, -9.054532647132873535e-01, 2.778001129627227783e-03, -4.336850717663764954e-03, -2.198887232225388288e-04
1.762268990278244019e-01, 6.897079292684793472e-03, 9.843254089355468750e-01, 1.747967442497611046e-03, -1.016326132230460644e-03, -3.058228467125445604e-04
2.394256889820098877e-01, 4.334381520748138428e-01, 8.687961101531982422e-01, -1.353371655568480492e-03, -1.365598523989319801e-03, 1.054257038049399853e-03
3.244194984436035156e-01, 9.236816763877868652e-01, 2.038729339838027954e-01, 5.717166350223124027e-04, -3.215621691197156906e-04, 5.471303011290729046e-04
7.684700489044189453e-01, -3.822064101696014404e-01, -5.131977796554565430e-01, -3.132269193883985281e-04, -1.717108534649014473e-03, 8.097938844002783298e-04
-2.817673981189727783e-01, 5.824403762817382812e-01, 7.624764442443847656e-01, 4.461458884179592133e-04, -1.045131939463317394e-03, 9.632251458242535591e-04
-9.939600229263305664e-01, 1.076283827424049377e-01, 2.143476717174053192e-02, -1.220324920723214746e-04, -1.134445657953619957e-03, 3.746874062926508486e-05
5.044350624084472656e-01, -6.658082008361816406e-01, -5.497677922248840332e-01, -4.372810944914817810e-03, -2.432893728837370872e-03, -1.065828837454319000e-03
-8.452200889587402344e-01, -3.869010508060455322e-01, 3.686605095863342285e-01, 1.668995595537126064e-03, -3.440294880419969559e-03, 2.159573632525280118e-04
9.288927912712097168e-01, -1.663037687540054321e-01, -3.309097290039062500e-01, -7.715969695709645748e-05, -1.983167370781302452e-03, 7.800771854817867279e-04
-5.061776638031005859e-01, 5.653563737869262695e-01, -6.512728929519653320e-01, 3.475252073258161545e-03, 2.525494433939456940e-03, -5.086816381663084030e-04
-8.977102488279342651e-02, -9.938234090805053711e-01, -6.523971259593963623e-02, 4.044490400701761246e-03, -2.045950095634907484e-04, -2.448612125590443611e-03
2.303062379360198975e-01, -7.101060152053833008e-01, -6.653634309768676758e-01, -4.055675584822893143e-03, 5.323266959749162197e-04, -1.971938414499163628e-03
1.634821668267250061e-02, -7.284029722213745117e-01, 6.849538683891296387e-01, -2.855556318536400795e-03, 3.275876806583255529e-04, 4.165230493526905775e-04
9.408438205718994141e-01, 3.024247884750366211e-01, 1.528139412403106689e-01, 1.452357508242130280e-03, -3.289577784016728401e-03, -2.431661821901798248e-03
-8.710780143737792969e-01, -1.411665529012680054e-01, 4.704201221466064453e-01, 3.295882561360485852e-05, 1.839895499870181084e-03, 6.131570553407073021e-04
-1.045367494225502014e-01, -9.675481915473937988e-02, -9.898033142089843750e-01, -4.457756585907191038e-04, -2.174442633986473083e-03, 2.596351550891995430e-04
9.519168138504028320e-01, 3.247001767158508301e-02, -3.046311736106872559e-01, 5.929906619712710381e-04, 1.501237391494214535e-03, 2.013001590967178345e-03
-2.937306463718414307e-01, -3.829920887947082520e-01, 8.758078217506408691e-01, 1.023486023768782616e-03, 2.953379414975643158e-03, 1.634776592254638672e-03
9.528609514236450195e-01, -1.624644100666046143e-01, 2.562448382377624512e-01, -6.113036070019006729e-04, -2.715894021093845367e-03, 5.512354546226561069e-04
-8.287003040313720703e-01, 3.337891697883605957e-01, -4.492667615413665771e-01, -1.118942891480401158e-04, 1.485369401052594185e-03, 1.309972256422042847e-03
-1.397166103124618530e-01, -7.521888613700866699e-02, 9.873304367065429688e-01, 1.892313943244516850e-03, -8.918820531107485294e-04, 1.998330990318208933e-04
-2.410261332988739014e-01, 8.774408102035522461e-01, 4.147337377071380615e-01, -1.148746814578771591e-03, -5.976042302791029215e-05, -5.411707097664475441e-04
1.322644948959350586e-01, 6.905758976936340332e-01, -7.110633254051208496e-01, 6.536777364090085030e-04, 6.204674718901515007e-04, 7.241806015372276306e-04
-6.672160029411315918e-01, 4.717407748103141785e-02, 7.433689832687377930e-01, 1.408172305673360825e-03, 1.190808601677417755e-03, 1.188346301205456257e-03
8.277869820594787598e-01, 5.454716682434082031e-01, 1.312606334686279297e-01, 1.357787637971341610e-03, -2.225249074399471283e-03, 6.845268653705716133e-04
4.344615936279296875e-01, 8.559274077415466309e-01, 2.804130017757415771e-01, -1.708596479147672653e-03, 8.686518995091319084e-04, -4.220283699396532029e-06
2.220335006713867188e-01, 7.889695167541503906e-01, 5.729120969772338867e-01, 9.323771810159087181e-04, -3.105539828538894653e-03, 3.915360197424888611e-03
6.834260821342468262e-01, 6.884738802909851074e-01, -2.427601367235183716e-01, -1.431966084055602551e-03, 1.066399039700627327e-03, -1.006981823593378067e-03
-9.896226525306701660e-01, 6.400249898433685303e-02, -1.286494880914688110e-01, -1.683877926552668214e-04, 1.221145503222942352e-04, 1.356056658551096916e-03
-3.695594966411590576e-01, -9.199878573417663574e-01, -1.305686384439468384e-01, 3.243801416829228401e-03, -1.562145538628101349e-03, 1.825685380026698112e-03
6.304520368576049805e-01, -7.701352238655090332e-01, -9.706678986549377441e-02, -1.221021870151162148e-03, -6.535369902849197388e-04, -2.745365723967552185e-03
7.368154823780059814e-02, 5.673152804374694824e-01, 8.201977610588073730e-01, 6.435125833377242088e-04, -8.702378836460411549e-04, 5.441178218461573124e-04
4.398058056831359863e-01, -7.728579640388488770e-01, -4.574510753154754639e-01, -3.111262805759906769e-03, -1.085321069695055485e-03, -1.157615450210869312e-03
-8.155375719070434570e-01, -4.710223525762557983e-02, 5.767840147018432617e-01, 6.774884532205760479e-04, 3.634387627243995667e-03, 1.254724571481347084e-03
7.921741157770156860e-02, -3.406897783279418945e-01, -9.368324875831604004e-01, 4.329471721575828269e-06, 2.086436143144965172e-03, -7.583900587633252144e-04
1.536912918090820312e-01, 9.727700948715209961e-01, 1.734858602285385132e-01, 2.335505560040473938e-03, -6.986734806559979916e-04, 1.848576124757528305e-03
-2.116005420684814453e-01, -9.655247330665588379e-01, -1.516150981187820435e-01, 3.695735009387135506e-03, -7.096633780747652054e-04, -6.386038148775696754e-04
2.107481360435485840e-01, 5.654061436653137207e-01, -7.974340915679931641e-01, 1.249217602889984846e-04, 2.842484391294419765e-04, 2.345558750675991178e-04
-7.454484701156616211e-01, -6.324260830879211426e-01, -2.105796784162521362e-01, -9.624559897929430008e-04, 1.244754414074122906e-03, -3.312467888463288546e-04
2.401750683784484863e-01, 2.934404611587524414e-01, -9.253154397010803223e-01, -8.110224007396027446e-05, -3.653285093605518341e-04, -1.369056262774392962e-04
-3.589751422405242920e-01, -2.490309625864028931e-01, 8.995112180709838867e-01, 1.510320929810404778e-03, -2.831463061738759279e-04, 5.243463674560189247e-04
-5.169128626585006714e-02, 4.967344701290130615e-01, 8.663618564605712891e-01, 1.834680791944265366e-03, -3.367376048117876053e-04, 3.025366459041833878e-04
3.776768445968627930e-01, 2.981625795364379883e-01, 8.766180872917175293e-01, -2.947553992271423340e-03, -2.151524880900979042e-03, 2.001700690016150475e-03
-7.677819132804870605e-01, 8.328246325254440308e-02, 6.352754831314086914e-01, 1.518689561635255814e-03, 2.405246719717979431e-03, 1.520139630883932114e-03
-4.576008319854736328e-01, 4.489014446735382080e-01, -7.675213217735290527e-01, 2.051282208412885666e-03, 2.127002459019422531e-03, 2.103665428876411170e-05
9.047895669937133789e-01, -4.048776030540466309e-01, -1.320224553346633911e-01, -4.733058740384876728e-04, -7.107730489224195480e-04, -1.063956297002732754e-03
5.476547479629516602e-01, -7.672532796859741211e-01, -3.337613642215728760e-01, -3.008215920999646187e-03, -2.147747902199625969e-03, 1.206844672196893953e-06
-2.872001230716705322e-01, 7.845724821090698242e-01, -5.495108962059020996e-01, 5.435585975646972656e-03, 2.720980206504464149e-03, 1.044028787873685360e-03
8.957260251045227051e-01, 2.370531298220157623e-02, 4.439739584922790527e-01, 1.421475666575133801e-03, -6.719398079439997673e-04, -2.831977093592286110e-03
-8.564674258232116699e-01, 1.000367701053619385e-01, 5.064150094985961914e-01, 6.027155322954058647e-04, 1.488643814809620380e-03, 7.252690265886485577e-04
2.307613044977188110e-01, 8.778032660484313965e-01, -4.197745919227600098e-01, -1.005708239972591400e-03, 1.476013858336955309e-04, -2.442109398543834686e-04
-6.969474554061889648e-01, -7.091358900070190430e-01, 1.067264378070831299e-01, -2.952989423647522926e-03, 3.030451014637947083e-03, 8.519276743754744530e-04
-1.338509470224380493e-01, 9.516986012458801270e-01, 2.763215601444244385e-01, -3.644844284281134605e-03, -2.118039701599627733e-04, -1.036083907820284367e-03
7.544060349464416504e-01, 1.582831889390945435e-01, -6.370384693145751953e-01, 1.411505392752587795e-03, 4.112011287361383438e-03, 2.693260321393609047e-03
7.895560860633850098e-01, 5.428807735443115234e-01, 2.861496508121490479e-01, 1.073707127943634987e-03, -1.704097026959061623e-03, 2.703813079278916121e-04
-2.638732790946960449e-01, -3.547939360141754150e-01, -8.969348669052124023e-01, 2.163160825148224831e-03, -1.324744429439306259e-03, -1.123704932979308069e-04
-6.813719272613525391e-01, 4.817098081111907959e-01, 5.510789752006530762e-01, -1.967554679140448570e-03, -1.298373681493103504e-03, -1.297812443226575851e-03
5.338820815086364746e-01, 4.362846612930297852e-01, -7.243103981018066406e-01, 1.685859053395688534e-03, 7.033505244180560112e-04, 1.666289754211902618e-03
-4.012368023395538330e-01, -8.366314172744750977e-01, -3.729034960269927979e-01, -1.619574963115155697e-03, 1.076816697604954243e-03, -6.732722977176308632e-04
2.174694538116455078e-01, -5.180718302726745605e-01, 8.272294998168945312e-01, -3.642601426690816879e-03, -2.451784210279583931e-03, -5.778877530246973038e-04
-7.347329258918762207e-01, 4.314282834529876709e-01, -5.234854817390441895e-01, 1.194019801914691925e-03, 2.889091847464442253e-04, -1.437751692719757557e-03
3.794302046298980713e-01, -6.655233502388000488e-01, -6.427373886108398438e-01, -4.679288715124130249e-03, -8.856111089698970318e-04, -1.845339313149452209e-03
8.178365826606750488e-01, 2.789345756173133850e-02, -5.747740268707275391e-01, 2.141994424164295197e-03, 2.138786017894744873e-03, 3.151603508740663528e-03
5.759203433990478516e-01, -5.131413936614990234e-01, 6.363973617553710938e-01, -4.758000141009688377e-04, -6.155353039503097534e-04, -6.573522841790691018e-05
-2.723575830459594727e-01, -6.450042128562927246e-01, -7.139964699745178223e-01, 2.019785344600677490e-03, -1.321151503361761570e-03, 4.230333724990487099e-04
-4.395541548728942871e-01, -8.981713652610778809e-01, 8.961752057075500488e-03, 2.134888898581266403e-03, -1.008015475235879421e-03, 3.685520030558109283e-03
7.674716711044311523e-01, -6.239939332008361816e-01, -1.470333933830261230e-01, -1.386881805956363678e-03, -1.980284461751580238e-03, 1.164994086138904095e-03
7.228559255599975586e-01, 1.749004423618316650e-02, 6.907773017883300781e-01, 1.224864856339991093e-03, -8.429742883890867233e-04, -1.260402146726846695e-03
2.670101225376129150e-01, 4.388600289821624756e-01, -8.579670190811157227e-01, 2.537993714213371277e-04, -4.190863401163369417e-04, -1.353819534415379167e-04
-7.638965249061584473e-01, 4.870957732200622559e-01, 4.233199656009674072e-01, -2.146673155948519707e-03, -1.925592892803251743e-03, -1.658055349253118038e-03
3.715668320655822754e-01, -6.845824718475341797e-01, 6.271243095397949219e-01, -8.113954099826514721e-04, 5.676596629200503230e-05, 5.427131545729935169e-04
8.475988358259201050e-02, 2.956393361091613770e-01, 9.515320062637329102e-01, -2.126370527548715472e-04, -1.549681415781378746e-03, 5.004244158044457436e-04
3.669014275074005127e-01, 5.694134235382080078e-01, 7.356301546096801758e-01, -2.329925773665308952e-03, -3.068245481699705124e-03, 3.537040203809738159e-03
9.002794027328491211e-01, 4.281840920448303223e-01, -7.845667749643325806e-02, 9.444618481211364269e-04, -1.897625741548836231e-03, 4.811114922631531954e-04
4.750212132930755615e-01, 7.816161513328552246e-01, 4.042660892009735107e-01, -1.851881388574838638e-03, 9.700042428448796272e-04, 3.005741455126553774e-04
-8.880038857460021973e-01, -4.598086476325988770e-01, -5.016468930989503860e-03, -3.236398333683609962e-04, 6.393751827999949455e-04, -1.315029105171561241e-03
-7.168592214584350586e-01, 6.759123802185058594e-01, -1.710416972637176514e-01, -1.672585029155015945e-03, -1.532149617560207844e-03, 9.553758427500724792e-04
-7.794618606567382812e-01, -1.969747394323348999e-01, 5.946765542030334473e-01, -8.669766830280423164e-04, 2.473945962265133858e-03, -3.169291885569691658e-04
2.843039631843566895e-01, -9.444041848182678223e-01, 1.651423424482345581e-01, -1.708727795630693436e-04, -2.706493542063981295e-04, -1.253600930795073509e-03
-1.448045074939727783e-01, -3.804331421852111816e-01, 9.134014844894409180e-01, -1.746251829899847507e-03, 2.503890777006745338e-03, 7.660354021936655045e-04
-3.750847280025482178e-01, 5.694435238838195801e-01, -7.314680218696594238e-01, 3.786531509831547737e-03, 2.620675833895802498e-03, 9.850971400737762451e-05
-2.739879786968231201e-01, 9.278185963630676270e-01, -2.531467080116271973e-01, 2.204127376899123192e-03, 8.397588972002267838e-04, 6.922448519617319107e-04
2.642026171088218689e-02, -8.898528218269348145e-01, 4.554820060729980469e-01, 2.254856051877140999e-03, -3.435812541283667088e-04, -8.020309032872319221e-04
-3.494856953620910645e-01, 1.388960927724838257e-01, 9.265892505645751953e-01, -7.858722237870097160e-04, -1.373443403281271458e-03, -9.053110989043489099e-05
-3.267187476158142090e-01, -7.996919155120849609e-01, -5.037338733673095703e-01, -2.902735141105949879e-04, 2.653181727509945631e-04, -2.329304988961666822e-04
3.255736827850341797e-01, 8.562667295336723328e-03, 9.454779028892517090e-01, 1.707558520138263702e-03, -2.315551508218050003e-03, -5.670241080224514008e-04
-5.408027172088623047e-01, -7.109745144844055176e-01, 4.494971632957458496e-01, 5.794423632323741913e-04, -1.544232072774320841e-04, 4.528905265033245087e-04
5.082916021347045898e-01, 5.631421208381652832e-01, 6.515448093414306641e-01, -1.761491643264889717e-03, -2.873411634936928749e-03, 3.857739968225359917e-03
5.016149878501892090e-01, 1.619511544704437256e-01, 8.497965931892395020e-01, -3.400713903829455376e-03, -1.295242458581924438e-03, 2.254204126074910164e-03
2.648048400878906250e-01, -9.602085947990417480e-01, -8.875755220651626587e-02, 5.771861760877072811e-04, 1.342519244644790888e-04, 2.696316223591566086e-04
-4.129973351955413818e-01, -7.443311810493469238e-01, 5.247898101806640625e-01, 4.163108824286609888e-04, -7.606081780977547169e-04, -7.511751609854400158e-04
5.241442322731018066e-01, 3.006002008914947510e-01, 7.968138456344604492e-01, -5.314165260642766953e-03, -1.369455596432089806e-03, 4.012289457023143768e-03
-9.310126900672912598e-01, 1.413461714982986450e-01, 3.365065157413482666e-01, -5.585141479969024658e-04, -1.255735405720770359e-03, -1.017782255075871944e-03
2.214927226305007935e-01, 1.497011035680770874e-01, 9.636029005050659180e-01, 9.600227931514382362e-04, -7.739841239526867867e-04, -1.004270379780791700e-04
7.302115559577941895e-01, -3.022486269474029541e-01, 6.127290129661560059e-01, -5.009569213143549860e-05, -1.892347470857203007e-03, -8.737614261917769909e-04
-6.321945190429687500e-01, -1.127996370196342468e-01, -7.665548324584960938e-01, -9.637750918045639992e-04, -1.298497314564883709e-03, 9.859220590442419052e-04
1.203202679753303528e-01, -4.164610207080841064e-01, 9.011566042900085449e-01, -4.476805217564105988e-03, -4.064971115440130234e-03, -1.280855736695230007e-03
3.903136253356933594e-01, -5.467029213905334473e-01, -7.407909035682678223e-01, -1.954156905412673950e-03, -2.762044023256748915e-04, -8.257827139459550381e-04
8.469649553298950195e-01, 2.912481129169464111e-01, 4.447751045227050781e-01, 9.241686202585697174e-04, -1.282382989302277565e-03, -9.201207431033253670e-04
4.657983481884002686e-01, -8.746253252029418945e-01, 1.343964189291000366e-01, -8.333420264534652233e-04, -7.271305657923221588e-04, -1.843780162744224072e-03
5.527047514915466309e-01, -8.331696987152099609e-01, 1.859350688755512238e-02, -7.797756552463397384e-06, -1.035134046105667949e-04, -4.406612366437911987e-03
3.230770528316497803e-01, 8.647717237472534180e-01, 3.844361007213592529e-01, -4.098800418432801962e-04, -6.193887093104422092e-04, 1.737746875733137131e-03
1.708351671695709229e-01, 7.864182591438293457e-01, -5.936005711555480957e-01, 1.166662201285362244e-03, 1.857067545643076301e-04, 5.817887140437960625e-04
-7.810251712799072266e-01, -2.828716039657592773e-01, -5.567613840103149414e-01, -7.407036609947681427e-04, -2.570228418335318565e-03, 2.344905631616711617e-03
-2.438890039920806885e-01, 9.548284411430358887e-01, 1.697667539119720459e-01, -5.068071652203798294e-03, -1.372334896586835384e-03, 4.376440483611077070e-04
8.486422896385192871e-01, 1.539111584424972534e-01, 5.060806870460510254e-01, 1.496500335633754730e-03, -6.021286244504153728e-04, -2.326346701011061668e-03
-8.177554011344909668e-01, -5.668256878852844238e-01, 9.992342442274093628e-02, -1.196066383272409439e-03, 1.588053884916007519e-03, -7.799971499480307102e-04
-4.396708309650421143e-01, 6.829838752746582031e-01, -5.832859873771667480e-01, 4.327802453190088272e-03, 3.193791257217526436e-03, 4.774662666022777557e-04
-4.217726886272430420e-01, 7.770247459411621094e-01, -4.672690033912658691e-01, 3.108018077909946442e-03, 2.259793225675821304e-03, 9.524238412268459797e-04
9.215643405914306641e-01, -3.877511322498321533e-01, 1.918920874595642090e-02, -1.344382530078291893e-03, -3.175756428390741348e-03, 3.925058117602020502e-04
9.560016989707946777e-01, 1.773898303508758545e-01, -2.336527556180953979e-01, -5.843488543177954853e-05, 1.276495750062167645e-03, 7.300298893824219704e-04
-7.322915792465209961e-01, -3.592733740806579590e-01, 5.785081386566162109e-01, -3.805409942287951708e-04, 2.358787169214338064e-04, -3.352105268277227879e-04
9.603744149208068848e-01, -2.702346146106719971e-01, -6.822222471237182617e-02, -7.220137049444019794e-04, -2.402843674644827843e-03, -6.460066069848835468e-04
5.816546082496643066e-01, 7.949866652488708496e-01, -1.722617745399475098e-01, -7.442168425768613815e-04, 8.370365685550495982e-05, -2.126611303538084030e-03
4.308881461620330811e-01, -7.481846213340759277e-01, 5.045346617698669434e-01, 2.510965568944811821e-04, -1.408784301020205021e-04, -4.233556683175265789e-04
-5.881037116050720215e-01, -6.000127196311950684e-01, 5.423271656036376953e-01, 5.773686571046710014e-04, 2.167148777516558766e-04, 8.658691076561808586e-04
4.231607615947723389e-01, -4.144708216190338135e-01, -8.056977987289428711e-01, 1.105313538573682308e-03, -3.884362813550978899e-04, 7.803432526998221874e-04
-7.863471657037734985e-02, 5.550433993339538574e-01, -8.280962705612182617e-01, 1.670569181442260742e-04, 1.312184380367398262e-03, 8.636468555778264999e-04
2.302007824182510376e-01, -3.348364830017089844e-01, -9.137243032455444336e-01, 5.198162980377674103e-04, 9.225893882103264332e-04, -2.071242633974179626e-04
-8.654627203941345215e-01, -2.395353019237518311e-01, -4.399966597557067871e-01, 5.894727073609828949e-04, -1.310879830271005630e-03, -4.458321782294660807e-04
-4.841620624065399170e-01, 4.033694267272949219e-01, 7.764536142349243164e-01, -1.947513897903263569e-03, -3.584650345146656036e-03, 6.478506256826221943e-04
4.381282627582550049e-01, -8.947183489799499512e-01, -8.673370629549026489e-02, 9.483366156928241253e-04, 8.090673363767564297e-04, -3.555645467713475227e-03
9.875697493553161621e-01, 3.890757635235786438e-02, 1.522901505231857300e-01, 5.901959375478327274e-04, -2.907796995714306831e-03, -3.084403928369283676e-03
1.702902168035507202e-01, -8.075270056724548340e-01, -5.647135376930236816e-01, -1.370288198813796043e-03, 9.870073990896344185e-04, -1.824609702453017235e-03
9.247633814811706543e-02, 8.683040142059326172e-01, -4.873358905315399170e-01, 8.289069519378244877e-04, 6.230534054338932037e-04, 1.267409301362931728e-03
5.194708704948425293e-01, -5.540358424186706543e-01, -6.505338549613952637e-01, -2.049934351816773415e-03, -9.534670389257371426e-04, -8.249013917520642281e-04
8.966484069824218750e-01, -2.508428990840911865e-01, 3.648280203342437744e-01, -5.294590955600142479e-04, -1.886946032755076885e-03, 3.869205102091655135e-06
-8.282833099365234375e-01, -2.869454026222229004e-01, 4.812578558921813965e-01, -1.749289513099938631e-04, -3.969047102145850658e-04, -5.377173656597733498e-04
1.598682105541229248e-01, 9.398413896560668945e-01, -3.018945455551147461e-01, -2.099564298987388611e-03, 5.331789725460112095e-04, 5.480393301695585251e-04
-1.440917104482650757e-01, -7.449551224708557129e-01, 6.513673663139343262e-01, -6.834078812971711159e-04, -3.917385765817016363e-04, -5.992026417516171932e-04
7.228806614875793457e-01, 5.481579899787902832e-01, 4.206737577915191650e-01, 3.278563963249325752e-04, -1.074289786629378796e-03, 8.364664390683174133e-04
-5.805120468139648438e-01, 4.607517123222351074e-01, 6.713520884513854980e-01, -2.071767114102840424e-03, -2.384502440690994263e-03, -1.549441949464380741e-04
-3.267723917961120605e-01, 9.006085395812988281e-01, 2.865730524063110352e-01, -3.215615171939134598e-03, -1.201205770485103130e-03, 1.083210518117994070e-04
1.763609945774078369e-01, -8.692874312400817871e-01, 4.617750346660614014e-01, 2.006849506869912148e-03, -3.797054814640432596e-04, -1.481247716583311558e-03
-2.162412973120808601e-03, -3.390516936779022217e-01, 9.407652616500854492e-01, -4.448916297405958176e-03, -6.373219657689332962e-04, -2.399168879492208362e-04
-1.991332918405532837e-01, 1.878920793533325195e-01, -9.617912769317626953e-01, -1.679031294770538807e-03, 2.315419260412454605e-05, 3.521570179145783186e-04
2.895844280719757080e-01, 6.831214427947998047e-01, 6.704370975494384766e-01, -5.322167417034506798e-04, -2.953756134957075119e-03, 3.239522455260157585e-03
-6.231259107589721680e-01, 7.241440415382385254e-01, 2.955158054828643799e-01, -6.452494417317211628e-04, -3.766953013837337494e-04, -4.375061544124037027e-04
-6.279886513948440552e-02, 2.136014550924301147e-01, 9.749003648757934570e-01, -4.666449385695159435e-04, -4.521304275840520859e-03, 9.605621453374624252e-04
-6.977810263633728027e-01, 3.509132564067840576e-01, 6.244689822196960449e-01, -1.392690115608274937e-03, -5.597720737569034100e-04, -1.241632970049977303e-03
-2.010592669248580933e-01, 4.796862304210662842e-01, 8.540938496589660645e-01, 9.156353189609944820e-04, -1.139015657827258110e-03, 8.552539511583745480e-04
-5.848497152328491211e-01, 1.636859029531478882e-01, 7.944543957710266113e-01, 4.173103661742061377e-04, -5.370619473978877068e-04, 4.178632516413927078e-04
-3.416723310947418213e-01, 2.949264049530029297e-01, 8.923443555831909180e-01, 1.144935231423005462e-04, -3.064259886741638184e-03, 1.056599314324557781e-03
-9.337664246559143066e-01, -3.467192649841308594e-01, 8.869073539972305298e-02, 7.004330400377511978e-04, -2.068242989480495453e-03, -7.109970320016145706e-04
-3.543625026941299438e-02, -8.187270760536193848e-01, 5.730884075164794922e-01, -4.838766471948474646e-04, 6.609571282751858234e-04, 9.143383940681815147e-04
-7.963436841964721680e-02, 7.610385417938232422e-01, 6.438001990318298340e-01, 3.557759337127208710e-03, -1.828791690059006214e-03, 2.601895481348037720e-03
7.337649911642074585e-02, 9.961695671081542969e-01, 4.756105691194534302e-02, 9.180141496472060680e-04, -1.730747753754258156e-04, 2.208764199167490005e-03
-6.978754401206970215e-01, 2.108902931213378906e-01, 6.844670772552490234e-01, 5.145382601767778397e-04, 4.236441163811832666e-04, 3.940893511753529310e-04
-5.376085042953491211e-01, -3.244072794914245605e-01, -7.782910466194152832e-01, 1.897904556244611740e-03, -1.977045089006423950e-03, -4.869153199251741171e-04
4.454212486743927002e-01, -5.696974992752075195e-01, 6.906841993331909180e-01, -7.065157406032085419e-04, 3.085649514105170965e-04, 7.101448718458414078e-04
-3.934242129325866699e-01, -2.436106093227863312e-02, 9.190342426300048828e-01, -2.697994001209735870e-03, -1.767395297065377235e-03, -1.201817765831947327e-03
6.486061215400695801e-01, 3.027502596378326416e-01, 6.983211040496826172e-01, -3.339217044413089752e-03, -6.885443144710734487e-05, 3.131342120468616486e-03
-9.701234102249145508e-01, -3.879100456833839417e-02, -2.394909262657165527e-01, 2.872342884074896574e-04, 8.878486114554107189e-04, -1.307328231632709503e-03
-9.745240807533264160e-01, 6.192927435040473938e-02, 2.155635356903076172e-01, -3.219441277906298637e-04, -2.058991929516196251e-03, -8.639236330054700375e-04
3.576443195343017578e-01, 7.834727764129638672e-01, 5.081937909126281738e-01, -3.327402810100466013e-04, -1.147455652244389057e-03, 2.003178931772708893e-03
-5.298231244087219238e-01, -1.906311698257923126e-02, -8.478938937187194824e-01, -8.743494254304096103e-05, -2.705062273889780045e-03, 1.154530982603318989e-04
-4.266532063484191895e-01, -4.168191850185394287e-01, 8.026386499404907227e-01, 1.081689493730664253e-03, 3.094017272815108299e-03, 2.181743970140814781e-03
4.984246492385864258e-01, -4.349574446678161621e-01, 7.499232292175292969e-01, -5.878267693333327770e-04, 1.352744293399155140e-03, 1.175285084173083305e-03
-6.327863335609436035e-01, -4.745943546295166016e-01, 6.118346452713012695e-01, 2.046576119028031826e-04, 1.230291090905666351e-03, 1.165991066955029964e-03
5.152159929275512695e-01, 8.431707024574279785e-01, 1.536740213632583618e-01, -3.780566039495170116e-04, 4.431659181136637926e-04, -1.164046465419232845e-03
6.361156105995178223e-01, 2.972288429737091064e-01, -7.120476961135864258e-01, 2.084940439090132713e-03, 1.193299074657261372e-03, 2.360721118748188019e-03
-2.363644093275070190e-01, -8.843489289283752441e-01, -4.025653004646301270e-01, -3.472995304036885500e-04, 2.337071346119046211e-04, -3.094886778853833675e-04
-3.274116516113281250e-01, 9.443215727806091309e-01, 3.253274783492088318e-02, -2.116093877702951431e-03, -8.390953880734741688e-04, 3.059751121327280998e-03
2.898092269897460938e-01, -6.133411526679992676e-01, 7.347266674041748047e-01, -2.801344031468033791e-03, -3.204481618013232946e-04, 8.374695898965001106e-04
-7.978924512863159180e-01, 2.293467074632644653e-01, -5.574654340744018555e-01, -5.895956419408321381e-04, -1.349736703559756279e-04, 7.883504731580615044e-04
-6.126414984464645386e-02, 9.760615229606628418e-01, -2.086880207061767578e-01, 6.692014867439866066e-04, 5.655327113345265388e-04, 2.448615152388811111e-03
3.905643820762634277e-01, -8.816135525703430176e-01, 2.649849355220794678e-01, -4.751796659547835588e-04, -3.124450449831783772e-04, -3.391420177649706602e-04
-9.147877693176269531e-01, 1.855101669207215309e-03, 4.039306640625000000e-01, 3.947442455682903528e-04, 6.025430047884583473e-04, 8.912158082239329815e-04
-6.786445975303649902e-01, -2.605430781841278076e-01, 6.867014169692993164e-01, -3.970178368035703897e-04, 1.026900019496679306e-03, -2.741116077231708914e-06
-5.306910872459411621e-01, 8.385134339332580566e-01, -1.235402822494506836e-01, -1.294604735448956490e-04, 4.468105616979300976e-04, 3.588790539652109146e-03
8.502101302146911621e-01, -5.234308838844299316e-01, -5.623964220285415649e-02, -9.820155100896954536e-04, -1.585352350957691669e-03, -9.063160541700199246e-05
-3.528530299663543701e-01, 8.618584871292114258e-01, -3.642727434635162354e-01, 2.938860328868031502e-03, 1.457833452150225639e-03, 6.024619215168058872e-04
-4.569537043571472168e-01, 7.030299901962280273e-01, 5.449239015579223633e-01, 4.122381797060370445e-04, -9.207811672240495682e-04, 1.533627975732088089e-03
-7.882162332534790039e-01, -5.225838422775268555e-01, 3.249943554401397705e-01, 1.829409506171941757e-03, -2.127585932612419128e-03, 1.015796908177435398e-03
-6.995315551757812500e-01, 3.305815458297729492e-01, -6.335388422012329102e-01, 5.822756211273372173e-04, -2.550484496168792248e-04, -7.760131848044693470e-04
8.646578192710876465e-01, 4.503060281276702881e-01, -2.226912081241607666e-01, 2.701849734876304865e-04, -4.584134148899465799e-04, 1.221028505824506283e-04
-5.112316608428955078e-01, -1.706888973712921143e-01, -8.423226475715637207e-01, 1.829496235586702824e-03, -3.194638295099139214e-03, -4.630138573702424765e-04
4.831722080707550049e-01, 1.229121256619691849e-02, -8.754390478134155273e-01, 1.954620238393545151e-03, 2.711499691940844059e-04, 1.082600792869925499e-03
7.187616825103759766e-01, 6.884645819664001465e-01, -9.694446623325347900e-02, 1.878832990769296885e-04, -2.529292833060026169e-04, -4.032158176414668560e-04
-1.120973229408264160e-01, 7.235857844352722168e-02, 9.910592436790466309e-01, 9.665059624239802361e-04, -4.200494848191738129e-03, 4.160039825364947319e-04
-1.758615300059318542e-02, 4.229621589183807373e-01, -9.059767127037048340e-01, 8.307438110932707787e-05, 8.651366806589066982e-04, 4.022830689791589975e-04
-2.772429287433624268e-01, -9.606797695159912109e-01, -1.518982276320457458e-02, 5.456658080220222473e-03, -1.580691197887063026e-03, 3.764451539609581232e-04
-6.010429859161376953e-01, 3.152171373367309570e-01, 7.344286441802978516e-01, -1.007878803648054600e-03, -1.780327293090522289e-03, -6.071226016501896083e-05
9.594977498054504395e-01, 1.693530976772308350e-01, 2.251301407814025879e-01, 1.242646598257124424e-03, -2.599309897050261497e-03, -3.340803086757659912e-03
-9.969971776008605957e-01, -6.213195994496345520e-02, -4.622008651494979858e-02, 6.224738899618387222e-05, -5.519926198758184910e-04, -6.006931071169674397e-04
-3.712993264198303223e-01, -7.006101608276367188e-01, -6.093293428421020508e-01, 1.143737579695880413e-03, -4.390208050608634949e-04, -1.921564835356548429e-04
-3.806904554367065430e-01, -8.320395350456237793e-01, 4.034661650657653809e-01, 3.899853036273270845e-04, 6.916767451912164688e-04, 1.794366282410919666e-03
4.363607168197631836e-01, 8.769115209579467773e-01, -2.015328407287597656e-01, -1.913317595608532429e-03, 2.286591770825907588e-04, -3.147788578644394875e-03
-8.107447624206542969e-01, -5.122082829475402832e-01, -2.834354043006896973e-01, 2.109233755618333817e-04, -9.862611768767237663e-04, 1.178985228762030602e-03
-6.410244703292846680e-01, 2.235764414072036743e-01, -7.342351078987121582e-01, -6.903720204718410969e-04, -1.726649497868493199e-04, 5.501528503373265266e-04
-6.028469204902648926e-01, -1.675316542387008667e-01, 7.800697088241577148e-01, 3.450426738709211349e-04, -6.571835838258266449e-04, 1.255129463970661163e-04
6.498526930809020996e-01, 4.299433231353759766e-01, -6.267696022987365723e-01, 1.534123555757105350e-03, 1.419283449649810791e-03, 2.564205089583992958e-03
8.951519727706909180e-01, 3.057990968227386475e-01, -3.243297636508941650e-01, -5.644805060001090169e-05, 1.463594147935509682e-03, 1.224174280650913715e-03
6.922177672386169434e-01, -4.433481991291046143e-01, 5.694531798362731934e-01, -4.452283028513193130e-04, -2.241135342046618462e-03, -1.203625579364597797e-03
4.069513678550720215e-01, 6.958800554275512695e-01, -5.917274951934814453e-01, -5.069189355708658695e-04, 8.723934879526495934e-04, 6.773217464797198772e-04
-5.134935379028320312e-01, -7.936764955520629883e-01, 3.261931836605072021e-01, -7.417184533551335335e-04, 1.290219253860414028e-03, 1.971681602299213409e-03
8.806959986686706543e-01, -4.474323391914367676e-01, 1.554956585168838501e-01, -2.002824563533067703e-03, -3.684039693325757980e-03, 7.429221877828240395e-04
2.243226915597915649e-01, 5.632852315902709961e-01, 7.952289581298828125e-01, -1.512617571279406548e-03, -1.960726454854011536e-03, 1.815530820749700069e-03
-6.185104325413703918e-02, -9.087390303611755371e-01, -4.127563536167144775e-01, 2.072044590022414923e-04, 3.321759868413209915e-04, -7.623797864653170109e-04
-2.549964785575866699e-01, 2.351220883429050446e-02, 9.666560888290405273e-01, -6.360278348438441753e-04, -2.115627750754356384e-03, -1.163203414762392640e-04
-5.391260981559753418e-01, 8.171594738960266113e-01, 2.039444744586944580e-01, 1.231103786267340183e-03, 2.940405684057623148e-04, 2.076262142509222031e-03
-5.789158940315246582e-01, -3.808429241180419922e-01, 7.209819555282592773e-01, 5.932620260864496231e-04, 1.941491267643868923e-03, 1.501912949606776237e-03
5.521207302808761597e-02, -7.575154900550842285e-01, -6.504783034324645996e-01, -1.398153719492256641e-03, 1.318006892688572407e-03, -1.653560902923345566e-03
6.283512711524963379e-01, 5.580461025238037109e-01, 5.419955849647521973e-01, -6.089775124564766884e-04, -1.569453743286430836e-03, 2.321936422958970070e-03
-8.722537159919738770e-01, -4.526824653148651123e-01, 1.850733011960983276e-01, 1.019654679112136364e-03, -2.136067720130085945e-03, -4.190923937130719423e-04
6.547095179557800293e-01, 6.659519672393798828e-01, 3.575800061225891113e-01, -4.644252767320722342e-04, 2.542277215979993343e-04, 3.768672759179025888e-04
8.479585051536560059e-01, -1.642689853906631470e-01, -5.039663314819335938e-01, 7.348866201937198639e-04, -3.913562279194593430e-03, 2.512132748961448669e-03
5.640740990638732910e-01, -7.005562782287597656e-01, 4.370826184749603271e-01, -4.018105682916939259e-04, -1.241349615156650543e-03, -1.471081981435418129e-03
5.268851518630981445e-01, 6.907036900520324707e-01, -4.952982664108276367e-01, -1.455903518944978714e-03, 1.771938404999673367e-03, 9.222532389685511589e-04
1.366442535072565079e-02, 8.563729524612426758e-01, 5.161769390106201172e-01, 2.925064647570252419e-03, -2.139092655852437019e-03, 3.471467643976211548e-03
2.498986124992370605e-01, -5.952572226524353027e-01, -7.636880874633789062e-01, -2.777389716356992722e-03, 7.888389518484473228e-04, -1.523695304058492184e-03
1.380200684070587158e-01, -9.736565351486206055e-01, -1.815028488636016846e-01, 9.851156501099467278e-04, -1.407310483045876026e-04, 1.504050451330840588e-03
2.461373209953308105e-01, 1.447154432535171509e-01, -9.583704471588134766e-01, 4.407701489981263876e-04, 6.749154999852180481e-04, 2.151158405467867851e-04
-7.421866059303283691e-01, 1.297290474176406860e-01, -6.575175523757934570e-01, -1.270609791390597820e-03, -4.827183438464999199e-04, 1.338986330665647984e-03
1.352541148662567139e-01, -2.038428336381912231e-01, -9.696155786514282227e-01, -2.709769178181886673e-04, -2.757053298410028219e-04, 2.016243524849414825e-05
8.320630788803100586e-01, 3.080381751060485840e-01, -4.612846374511718750e-01, 1.615326182218268514e-04, 2.925206208601593971e-03, 2.244775649160146713e-03
8.174409866333007812e-01, -5.691146850585937500e-01, 8.887512981891632080e-02, -1.522406353615224361e-03, -2.325582318007946014e-03, -8.894019993022084236e-04
2.285587042570114136e-01, -7.233222126960754395e-01, 6.515871882438659668e-01, -2.450519241392612457e-03, 1.602117117727175355e-04, 1.037423964589834213e-03
4.729184806346893311e-01, 1.563618704676628113e-02, 8.809674382209777832e-01, -1.522785518318414688e-03, -1.220662263222038746e-03, 8.391228620894253254e-04
-6.134144663810729980e-01, 5.842998623847961426e-01, -5.313345193862915039e-01, 1.493027200922369957e-03, 6.301297689788043499e-04, -1.030724844895303249e-03
-8.840705752372741699e-01, 4.673133790493011475e-01, 6.113685667514801025e-03, -8.893277845345437527e-05, -1.862638309830799699e-04, 1.377355423755943775e-03
7.467722892761230469e-01, 4.361958801746368408e-01, -5.020601153373718262e-01, 2.859532833099365234e-04, 1.256775227375328541e-03, 1.517232973128557205e-03
1.379276216030120850e-01, -9.732031226158142090e-01, 1.839882582426071167e-01, 3.163286717608571053e-03, -2.999631979037076235e-04, -3.958023153245449066e-03
-8.792951703071594238e-01, 1.324615031480789185e-01, -4.574867188930511475e-01, -8.186447666957974434e-04, 2.131341316271573305e-04, 1.635156455449759960e-03
-9.243106245994567871e-01, 2.808373868465423584e-01, 2.584186792373657227e-01, -1.048225560225546360e-03, -1.849711174145340919e-03, -1.739108236506581306e-03
5.614780783653259277e-01, 6.773593425750732422e-01, 4.753174483776092529e-01, -6.455553229898214340e-04, -9.732833859743550420e-05, 9.012743830680847168e-04
6.818899512290954590e-02, -5.422353148460388184e-01, 8.374551534652709961e-01, -4.787754733115434647e-03, -1.811416470445692539e-03, -7.830171962268650532e-04
9.848693758249282837e-02, 1.411132067441940308e-01, -9.850824475288391113e-01, -2.555063692852854729e-04, 1.511263544671237469e-04, -3.896238922607153654e-06
-9.410170316696166992e-01, -3.268525004386901855e-01, -8.748935163021087646e-02, 3.266588100814260542e-05, 3.426784242037683725e-04, -1.631563762202858925e-03
7.586530447006225586e-01, 2.997998893260955811e-01, 5.784164071083068848e-01, -3.706873685587197542e-04, -2.274563157698139548e-04, 6.040881853550672531e-04
-9.029195904731750488e-01, -1.322636753320693970e-02, -4.296060204505920410e-01, 4.143128462601453066e-04, 2.842465437424834818e-05, -8.716525044292211533e-04
-8.390237689018249512e-01, -1.049464344978332520e-01, -5.338776707649230957e-01, -9.221848449669778347e-05, -6.586477975361049175e-04, 2.744003722909837961e-04
5.349310040473937988e-01, -2.803512215614318848e-01, 7.970269918441772461e-01, -1.129240379668772221e-03, 1.890314859338104725e-03, 1.422809786163270473e-03
-3.049053810536861420e-02, -4.368222057819366455e-01, -8.990309834480285645e-01, 6.413572700694203377e-04, 2.101041143760085106e-03, -1.042607822455465794e-03
-5.169283151626586914e-01, 2.605067491531372070e-01, -8.154270648956298828e-01, -5.653433618135750294e-04, 5.531113711185753345e-04, 5.350954015739262104e-04
7.584941387176513672e-01, 5.711042881011962891e-01, -3.138892054557800293e-01, -1.044409000314772129e-03, 9.224326931871473789e-04, -8.454347262158989906e-04
3.671042919158935547e-01, 1.525680124759674072e-01, 9.175823926925659180e-01, -5.173899699002504349e-04, -2.078662393614649773e-03, 5.526189925149083138e-04
-6.518039107322692871e-01, -5.328419208526611328e-01, -5.396584272384643555e-01, 6.563885835930705070e-04, -1.013867789879441261e-03, 2.082699356833472848e-04
-9.764539003372192383e-01, -2.150189727544784546e-01, 1.745536364614963531e-02, 2.794891770463436842e-04, -1.325845136307179928e-03, -6.974110146984457970e-04
-9.935014843940734863e-01, -4.084588959813117981e-02, 1.062377318739891052e-01, 8.359802450286224484e-05, -2.289210911840200424e-03, -9.836517710937187076e-05
-6.545988321304321289e-01, -2.551361024379730225e-01, -7.116219997406005859e-01, -7.983018294908106327e-04, -1.927467412315309048e-03, 1.425383146852254868e-03
-9.177334904670715332e-01, -3.187259733676910400e-01, 2.370209842920303345e-01, 1.473164651542901993e-03, -3.941289614886045456e-03, 4.041040374431759119e-04
-7.428508996963500977e-01, -6.302016377449035645e-01, 2.258725017309188843e-01, -7.868988323025405407e-04, 1.249927561730146408e-03, 8.994359523057937622e-04
-6.901994943618774414e-01, -5.939243435859680176e-01, 4.133745431900024414e-01, 1.734885037876665592e-03, -8.888944867067039013e-04, 1.619549817405641079e-03
-2.175504118204116821e-01, 5.874465703964233398e-01, -7.794731259346008301e-01, 1.956138061359524727e-03, 1.460295403376221657e-03, 5.545885651372373104e-04
-7.898587584495544434e-01, 3.581384420394897461e-01, 4.978554248809814453e-01, -1.551157794892787933e-03, -8.429033332504332066e-04, -1.854593516327440739e-03
-3.602604269981384277e-01, 6.598714590072631836e-01, 6.593800187110900879e-01, 9.522372856736183167e-04, -1.139992382377386093e-03, 1.661108573898673058e-03
2.197936363518238068e-02, 9.311161637306213379e-01, -3.640600144863128662e-01, 5.074438522569835186e-04, 8.277450688183307648e-04, 2.147668041288852692e-03
-4.543966054916381836e-01, 8.272905945777893066e-01, 3.303240537643432617e-01, -3.737176011782139540e-04, -5.510186892934143543e-04, 8.659271406941115856e-04
3.621339499950408936e-01, -9.313704967498779297e-01, 3.752311691641807556e-02, -6.805907469242811203e-04, -3.228122077416628599e-04, -1.444249879568815231e-03
7.370407581329345703e-01, -5.123685002326965332e-01, -4.407372772693634033e-01, -3.387743781786412001e-04, -1.517226803116500378e-03, 1.197286299429833889e-03
9.872014522552490234e-01, 2.357872761785984039e-02, -1.577258259057998657e-01, -1.086805496015585959e-04, -1.829876127885654569e-04, -7.075836183503270149e-04
5.993092656135559082e-01, 5.602428317070007324e-01, -5.718010067939758301e-01, -2.233257546322420239e-04, 1.934328814968466759e-03, 1.661159563809633255e-03
3.616512715816497803e-01, 9.290540814399719238e-01, -7.789002358913421631e-02, -9.499871521256864071e-04, 1.324413460679352283e-04, -2.831157296895980835e-03
-4.212931394577026367e-01, 5.352494120597839355e-01, 7.321339845657348633e-01, -1.577741582877933979e-03, -2.871846314519643784e-03, 1.191670307889580727e-03
4.146906733512878418e-01, 9.078745245933532715e-01, 6.160773709416389465e-02, 3.231445734854787588e-04, -9.303451406594831496e-06, -2.038034144788980484e-03
-1.347371935844421387e-01, 9.332681298255920410e-01, -3.329511582851409912e-01, 2.891864394769072533e-03, 1.029711449518799782e-03, 1.716032857075333595e-03
-1.953166574239730835e-01, 9.724645018577575684e-01, -1.271387338638305664e-01, -5.163558307685889304e-05, 2.037862577708438039e-04, 1.638054614886641502e-03
-7.385595887899398804e-02, 8.805670142173767090e-01, -4.681313335895538330e-01, 2.969541819766163826e-03, 1.326175639405846596e-03, 2.026072936132550240e-03
7.614380866289138794e-02, -9.432067275047302246e-01, 3.233623206615447998e-01, 4.677124321460723877e-03, -9.904090547934174538e-04, -3.990244120359420776e-03
6.501890420913696289e-01, -6.954390406608581543e-01, 3.059719502925872803e-01, -7.554742624051868916e-04, -1.687482232227921486e-03, -2.230073558166623116e-03
-4.631899595260620117e-01, 8.862564563751220703e-01, 2.123906509950757027e-03, 9.437192347832024097e-04, 4.819747118744999170e-04, 4.693273920565843582e-03
1.305899024009704590e-01, 3.990260958671569824e-01, -9.075926542282104492e-01, 7.921145879663527012e-05, -8.975857781479135156e-05, -2.806523298204410821e-05
5.502871870994567871e-01, -4.237866997718811035e-01, -7.194364666938781738e-01, 6.496421992778778076e-04, -4.990205052308738232e-04, 7.908523548394441605e-04
-6.033741831779479980e-01, 7.629020810127258301e-01, -2.322068661451339722e-01, -2.391065703704953194e-03, -1.301912008784711361e-03, 1.935670734383165836e-03
5.875596776604652405e-02, -9.456803798675537109e-01, -3.197442293167114258e-01, 1.012979308143258095e-03, -1.381895999656990170e-04, 5.948560428805649281e-04
9.842244982719421387e-01, 1.551743447780609131e-01, -8.498898893594741821e-02, 3.014710637216921896e-05, -1.294419169425964355e-03, -2.014250261709094048e-03
8.199917078018188477e-01, -3.118006587028503418e-01, 4.799936711788177490e-01, 9.217706247000023723e-05, -2.121427329257130623e-03, -1.535534625872969627e-03
4.070250988006591797e-01, -3.484208881855010986e-01, 8.443538546562194824e-01, 2.458358067087829113e-04, 1.052369043463841081e-04, -7.508061389671638608e-05
-8.987387269735336304e-02, 9.060096144676208496e-01, 4.136051833629608154e-01, 2.311763382749632001e-04, -1.596254442119970918e-04, 3.998955944553017616e-04
-2.821024134755134583e-02, -9.789698719978332520e-01, -2.020452916622161865e-01, 9.674969478510320187e-04, 1.068379879143321887e-05, -1.868513645604252815e-04
6.191884279251098633e-01, -6.652072668075561523e-01, -4.172588884830474854e-01, -3.330098465085029602e-03, -4.074404947459697723e-03, 1.553868176415562630e-03
-3.146773576736450195e-01, -4.883778095245361328e-01, -8.139197230339050293e-01, 2.044179243966937065e-03, -8.063059067353606224e-04, -3.065105993300676346e-04
-5.027351975440979004e-01, -2.878066599369049072e-01, 8.151224851608276367e-01, 1.744157401844859123e-03, 1.012838838505558670e-04, 1.111488789319992065e-03
-6.532071232795715332e-01, 6.741870641708374023e-01, -3.446626663208007812e-01, -2.089598681777715683e-03, -1.822121790610253811e-03, 3.960099420510232449e-04
2.348263114690780640e-01, 2.947806119918823242e-01, 9.262618422508239746e-01, -1.564635167596861720e-04, -1.135598751716315746e-03, 4.010682750958949327e-04
5.164362192153930664e-01, 4.382212162017822266e-01, 7.357008457183837891e-01, -4.742604214698076248e-03, -2.603266621008515358e-03, 4.879781510680913925e-03
-9.554675221443176270e-01, -7.948444783687591553e-02, 2.841900885105133057e-01, 4.581136745400726795e-04, -1.851998502388596535e-03, 1.022230135276913643e-03
9.572061896324157715e-01, 2.887637019157409668e-01, -1.928440853953361511e-02, 7.866509258747100830e-04, -2.716615796089172363e-03, -1.632038387469947338e-03
-1.345742493867874146e-01, 5.994422435760498047e-01, 7.890238761901855469e-01, 2.158839721232652664e-03, -1.427687238901853561e-04, 4.766723432112485170e-04
-5.012511014938354492e-01, -5.078241229057312012e-01, 7.006154060363769531e-01, -6.565363728441298008e-04, 2.797197317704558372e-03, 1.557765644975006580e-03
1.453702300786972046e-01, 6.783899664878845215e-01, 7.201767563819885254e-01, 5.239252641331404448e-05, -2.909950446337461472e-03, 2.730530686676502228e-03
-6.090384125709533691e-01, -7.611287832260131836e-01, -2.230587899684906006e-01, -1.647160854190587997e-03, 1.580782583914697170e-03, -8.966011810116469860e-04
7.421152591705322266e-01, -6.702527999877929688e-01, -5.106947384774684906e-03, -1.186566194519400597e-03, -1.301671378314495087e-03, -1.590004074387252331e-03
2.315805852413177490e-01, -9.164349436759948730e-01, 3.263700902462005615e-01, 2.480640308931469917e-03, -2.627562207635492086e-04, -2.497983630746603012e-03
-4.683882594108581543e-01, -1.485055536031723022e-01, 8.709526658058166504e-01, -5.232721450738608837e-04, -2.307621063664555550e-03, -6.748806335963308811e-04
6.050145998597145081e-02, 9.208880066871643066e-01, 3.851038813591003418e-01, 2.143208868801593781e-03, -1.099295564927160740e-03, 2.292006975039839745e-03
-3.092447817325592041e-01, -9.114170670509338379e-01, -2.714527547359466553e-01, 8.018258376978337765e-04, -3.595868474803864956e-04, 2.938748511951416731e-04
-5.026866868138313293e-02, -1.977166384458541870e-01, 9.789694547653198242e-01, -1.321532763540744781e-03, 1.216657343320548534e-03, 1.778622390702366829e-04
-1.822074204683303833e-01, 9.828863739967346191e-01, 2.710625901818275452e-02, -3.189787035807967186e-03, -6.336719961836934090e-04, 1.535612042061984539e-03
-8.879200220108032227e-01, -4.148989021778106689e-01, -1.986377537250518799e-01, 9.322155528934672475e-05, -5.094040898256935179e-05, -3.103043709415942430e-04
8.423944115638732910e-01, 1.664644330739974976e-01, -5.125049352645874023e-01, 1.136365113779902458e-03, 4.873795900493860245e-03, 3.450857242569327354e-03
-3.043034076690673828e-01, 7.448416948318481445e-02, -9.496586322784423828e-01, -2.056504134088754654e-03, -3.042568219825625420e-03, 4.203384451102465391e-04
-6.209978461265563965e-01, 8.136019110679626465e-02, -7.795782089233398438e-01, -1.363947172649204731e-03, -5.856284988112747669e-04, 1.025376725010573864e-03
9.919869899749755859e-01, -1.261104643344879150e-01, 7.610084488987922668e-03, -4.101548111066222191e-04, -3.278971416875720024e-03, -8.730994886718690395e-04
1.308103799819946289e-01, -8.884576559066772461e-01, -4.399223625659942627e-01, 1.503614475950598717e-03, 5.438007647171616554e-04, -6.511503015644848347e-04
-2.864423990249633789e-01, -1.249939426779747009e-01, 9.499090909957885742e-01, -3.344735596328973770e-04, -1.787590445019304752e-03, -3.360799746587872505e-04
-6.168499961495399475e-02, 9.909266233444213867e-01, 1.194129660725593567e-01, -2.177122514694929123e-03, -2.393146132817491889e-04, 8.612751844339072704e-04
8.813023567199707031e-01, -1.302134245634078979e-01, 4.542582631111145020e-01, 9.899948490783572197e-04, -9.610669221729040146e-04, -2.196170389652252197e-03
2.759104669094085693e-01, 6.935737729072570801e-01, -6.654538512229919434e-01, 3.629416751209646463e-04, 1.407859526807442307e-04, 2.972180081997066736e-04
-6.470628380775451660e-01, 7.594850063323974609e-01, -6.702394038438796997e-02, -8.678959420649334788e-05, 1.321710587944835424e-04, 2.335587050765752792e-03
6.630894541740417480e-01, -7.116764783859252930e-01, -2.320106774568557739e-01, -2.708703745156526566e-03, -2.951397560536861420e-03, 1.311695785261690617e-03
-6.275314092636108398e-01, 4.656997025012969971e-01, -6.239616274833679199e-01, 1.995854079723358154e-03, 6.248261197470128536e-04, -1.540927565656602383e-03
-6.923000812530517578e-01, -3.989772796630859375e-01, -6.012800931930541992e-01, -1.256999530596658587e-04, -2.912417054176330566e-03, 2.077252371236681938e-03
8.208640813827514648e-01, 4.341265261173248291e-01, -3.711016178131103516e-01, -2.190586237702518702e-04, 5.592510569840669632e-04, 1.696795807220041752e-04
-5.089538544416427612e-02, 3.578637838363647461e-01, 9.323857426643371582e-01, 1.050329883582890034e-03, -2.468511927872896194e-03, 1.004785764962434769e-03
3.501872122287750244e-01, 5.740743875503540039e-01, -7.401401996612548828e-01, -2.251164114568382502e-04, 4.286395560484379530e-04, 2.259546163259074092e-04
-6.672064065933227539e-01, -7.399902343750000000e-01, -8.514743298292160034e-02, -2.117754891514778137e-03, 1.877540722489356995e-03, 2.773747837636619806e-04
-3.217797875404357910e-01, -6.706078052520751953e-01, 6.683883666992187500e-01, -1.028865226544439793e-03, -1.133375219069421291e-03, -1.632461440749466419e-03
-6.735697984695434570e-01, 7.231412529945373535e-01, 1.528736799955368042e-01, 2.650529204402118921e-04, 2.659129968378692865e-04, -9.001563012134283781e-05
-9.422280788421630859e-01, 3.316129148006439209e-01, 4.731981083750724792e-02, -4.648086178349331021e-05, -2.689665998332202435e-04, 9.593705181032419205e-04
-1.657404005527496338e-01, -8.512045741081237793e-01, 4.979768097400665283e-01, 1.021690201014280319e-03, 6.676968769170343876e-04, 1.481358194723725319e-03
-1.955098807811737061e-01, -6.369490027427673340e-01, 7.457022666931152344e-01, -1.541670411825180054e-03, -1.100644003599882126e-03, -1.344324555248022079e-03
3.796691596508026123e-01, 4.396890103816986084e-01, 8.139563202857971191e-01, -3.983312286436557770e-03, -2.700021024793386459e-03, 3.316529560834169388e-03
-9.695411920547485352e-01, 2.065505385398864746e-01, 1.316310018301010132e-01, -4.751334781758487225e-04, -1.412608660757541656e-03, -1.283029094338417053e-03
-9.138550162315368652e-01, -2.139001637697219849e-01, 3.451315164566040039e-01, 8.094019722193479538e-04, -2.037651604041457176e-03, 8.803079253993928432e-04
4.183311462402343750e-01, -8.494605422019958496e-01, -3.215833604335784912e-01, 8.131645736284554005e-04, 9.863591985777020454e-04, -1.547658117488026619e-03
6.326355338096618652e-01, 4.396052956581115723e-01, 6.375887393951416016e-01, -2.731883898377418518e-03, -1.585006597451865673e-03, 3.803492989391088486e-03
-3.446648716926574707e-01, 9.309931993484497070e-01, -1.202404424548149109e-01, 1.108223368646577001e-04, 3.298613301012665033e-04, 2.236369764432311058e-03
-2.228507101535797119e-01, 8.702114820480346680e-01, -4.393968582153320312e-01, 4.741585813462734222e-03, 1.819299883209168911e-03, 1.198255806230008602e-03
7.228606939315795898e-01, 1.564229838550090790e-02, -6.908167004585266113e-01, 1.487136119976639748e-03, 1.502317609265446663e-03, 1.590135158039629459e-03
2.046686559915542603e-01, 9.290136694908142090e-01, 3.082924187183380127e-01, 1.970368670299649239e-03, -1.203674939461052418e-03, 2.319089602679014206e-03
8.185418844223022461e-01, 2.219125069677829742e-02, 5.740180611610412598e-01, 2.295620972290635109e-03, -9.406356257386505604e-04, -3.237159689888358116e-03
-4.654777944087982178e-01, -7.325242161750793457e-01, -4.967279732227325439e-01, -1.075426465831696987e-03, 1.874850713647902012e-03, -1.757071120664477348e-03
3.413811922073364258e-01, 9.223185479640960693e-03, -9.398796558380126953e-01, 2.510190010070800781e-03, 3.776833182200789452e-04, 9.154524304904043674e-04
7.493163347244262695e-01, 6.602934002876281738e-01, 5.037578195333480835e-02, 1.142993918620049953e-03, -1.345374737866222858e-03, 6.328066810965538025e-04
-9.426860809326171875e-01, 8.442024141550064087e-02, -3.228253126144409180e-01, -5.212445976212620735e-04, 7.318566786125302315e-04, 1.713476376608014107e-03
8.947884440422058105e-01, 2.602295950055122375e-02, -4.457312524318695068e-01, 1.735416357405483723e-03, 1.890568179078400135e-03, 3.594158682972192764e-03
-9.739997386932373047e-01, -1.852050274610519409e-01, -1.304742097854614258e-01, 1.537420757813379169e-04, 7.490728748962283134e-04, -2.210987033322453499e-03
-9.236389398574829102e-01, 3.691874444484710693e-01, -1.029161289334297180e-01, 1.489225105615332723e-04, 1.503715291619300842e-03, 4.057694226503372192e-03
7.986262440681457520e-01, -1.709187179803848267e-01, 5.770467519760131836e-01, 1.380831352435052395e-03, -1.835148199461400509e-03, -2.454617759212851524e-03
2.711461186408996582e-01, 9.603743553161621094e-01, 6.450410932302474976e-02, 1.201362698338925838e-03, -3.430184733588248491e-04, 5.707152013201266527e-05
6.129195913672447205e-02, -9.966964125633239746e-01, -5.328792706131935120e-02, 1.504683750681579113e-03, 1.511254231445491314e-04, -1.095954561606049538e-03
-5.027545690536499023e-01, 7.944710850715637207e-01, -3.406663239002227783e-01, -8.042357512749731541e-04, 4.672440991271287203e-05, 1.295855618081986904e-03
-6.954005956649780273e-01, 6.126365065574645996e-01, 3.756253719329833984e-01, -2.210369566455483437e-03, -1.740728737786412239e-03, -1.252999645657837391e-03
-4.812354445457458496e-01, 2.651651501655578613e-01, 8.355237245559692383e-01, -6.017436971887946129e-04, -2.462005242705345154e-03, 4.347664071246981621e-04
-2.054483145475387573e-01, -9.549989700317382812e-01, 2.139346003532409668e-01, 4.050294402986764908e-03, -9.272461174987256527e-04, -2.495761727914214134e-04
8.581451177597045898e-01, -3.942954838275909424e-01, 3.288130760192871094e-01, -1.369202393107116222e-03, -2.936185104772448540e-03, 5.246066575637087226e-05
-5.306868553161621094e-01, -5.861948728561401367e-01, -6.121658086776733398e-01, 1.236521871760487556e-03, 1.057563131325878203e-04, -1.173211028799414635e-03
4.818524718284606934e-01, 5.703045725822448730e-01, -6.652600169181823730e-01, -1.974572223844006658e-04, 1.542934682220220566e-03, 1.179685350507497787e-03
-2.299092113971710205e-01, -2.154813110828399658e-01, -9.490572214126586914e-01, 1.590169267728924751e-03, -3.284164238721132278e-03, 3.604434314183890820e-04
-2.817919850349426270e-01, 7.641142606735229492e-01, 5.802781581878662109e-01, 2.551832236349582672e-03, -1.636897359276190400e-04, 1.454756711609661579e-03
9.514082670211791992e-01, 3.896781429648399353e-02, 3.054567575454711914e-01, 8.281549089588224888e-04, -1.543592428788542747e-03, -2.382540144026279449e-03
-7.199841141700744629e-01, -1.506216917186975479e-02, -6.938270330429077148e-01, -1.811685273423790932e-03, -3.212046576663851738e-04, 1.886958139948546886e-03
-9.597011208534240723e-01, 1.862858235836029053e-01, -2.104075551033020020e-01, -7.640157709829509258e-04, 1.278860727325081825e-03, 4.617041442543268204e-03
-8.253667950630187988e-01, 5.514234900474548340e-01, 1.212507188320159912e-01, -1.152713899500668049e-03, -1.585379242897033691e-03, -6.366677116602659225e-04
-1.506657600402832031e-01, 4.738775640726089478e-02, -9.874483346939086914e-01, -2.083495492115616798e-03, -1.379623310640454292e-03, 2.516933309379965067e-04
5.263671278953552246e-01, 7.899261713027954102e-01, -3.145699203014373779e-01, -1.984164817258715630e-03, 8.738125907257199287e-04, -1.125828246586024761e-03
1.309439837932586670e-01, -6.478877663612365723e-01, 7.503966689109802246e-01, -4.405183717608451843e-03, -4.013532015960663557e-04, 4.221773415338248014e-04
7.339005917310714722e-02, 1.427254676818847656e-01, 9.870376586914062500e-01, -1.951842103153467178e-03, -1.111949444748461246e-03, 3.059146984014660120e-04
-3.964420557022094727e-01, -4.664435982704162598e-02, -9.168740510940551758e-01, 4.837737942580133677e-04, -5.020196083933115005e-03, 4.621742118615657091e-05
-2.713029384613037109e-01, -7.741668820381164551e-01, 5.718919038772583008e-01, 5.404501571319997311e-04, -5.965903401374816895e-04, -5.512139177881181240e-04
6.271780133247375488e-01, -5.683284997940063477e-01, -5.325884819030761719e-01, -1.720133819617331028e-03, -2.118397504091262817e-03, 2.349197893636301160e-04
9.246472716331481934e-01, -3.070116043090820312e-01, 2.253248095512390137e-01, -1.671485020779073238e-03, -3.730338532477617264e-03, 1.776443794369697571e-03
-4.806355834007263184e-01, 8.866591006517410278e-02, 8.724263906478881836e-01, -1.351533341221511364e-03, -6.894866819493472576e-04, -6.745108403265476227e-04
3.845112621784210205e-01, -2.047917693853378296e-01, 9.001174569129943848e-01, 1.075844164006412029e-03, -1.349518424831330776e-03, -7.666160236112773418e-04
-8.920092582702636719e-01, 4.214294254779815674e-01, 1.634528189897537231e-01, -8.747868705540895462e-04, -1.675890991464257240e-03, -4.530248697847127914e-04
7.219849228858947754e-01, -5.801374912261962891e-01, 3.770652413368225098e-01, -9.105763747356832027e-04, -2.717024646699428558e-03, -2.436781302094459534e-03
6.395145058631896973e-01, -5.769425034523010254e-01, 5.080930590629577637e-01, -4.510439757723361254e-04, -2.253919141367077827e-03, -1.991628436371684074e-03
-5.341472625732421875e-01, -7.677031159400939941e-01, -3.540036380290985107e-01, -2.170948544517159462e-03, 2.471119631081819534e-03, -2.083255210891366005e-03
2.870202958583831787e-01, -1.825095266103744507e-01, -9.403773546218872070e-01, 1.933148712851107121e-03, -1.028151018545031548e-03, 7.895769667811691761e-04
7.254467010498046875e-01, -6.070356965065002441e-01, -3.243991136550903320e-01, -1.464657019823789597e-03, -3.192476462572813034e-03, 2.698578406125307083e-03
3.043338954448699951e-01, 7.966333627700805664e-01, -5.222606062889099121e-01, 1.954121107701212168e-04, -5.148403943167068064e-05, 3.533987546688877046e-05
7.643561363220214844e-01, -2.537764012813568115e-01, -5.927539467811584473e-01, 2.552123914938420057e-04, -3.759033279493451118e-03, 1.938455388881266117e-03
-9.316080808639526367e-01, -2.575705945491790771e-01, -2.564446032047271729e-01, 5.240872269496321678e-04, 5.512341740541160107e-04, -2.457550726830959320e-03
-5.333495140075683594e-01, -8.403491973876953125e-01, -9.670289605855941772e-02, 1.826026345952413976e-05, -2.630997041705995798e-04, 2.185627818107604980e-03
5.165275931358337402e-01, -6.403118968009948730e-01, 5.685067176818847656e-01, -1.357800210826098919e-04, -7.671749335713684559e-04, -7.407073862850666046e-04
-1.688828766345977783e-01, 4.449415504932403564e-01, -8.794916868209838867e-01, 2.752863219939172268e-04, 1.472159987315535545e-03, 6.919156294316053391e-04
-5.148431286215782166e-02, 1.627502888441085815e-01, -9.853231310844421387e-01, -5.934243090450763702e-04, 1.681514113442972302e-04, 5.878145748283714056e-05
-7.515875250101089478e-02, -5.035591721534729004e-01, 8.606854081153869629e-01, -3.456004196777939796e-03, -6.609896809095516801e-05, -3.404655144549906254e-04
3.900054097175598145e-01, 1.523830294609069824e-01, -9.081162810325622559e-01, 1.289595849812030792e-03, 2.113609225489199162e-04, 5.893047200515866280e-04
6.998129934072494507e-02, 5.343982577323913574e-01, -8.423307538032531738e-01, 1.152898330474272370e-04, 9.845743188634514809e-04, 6.342198466882109642e-04
5.131827592849731445e-01, 3.086737096309661865e-01, -8.008520007133483887e-01, 2.005786402150988579e-03, -4.797164001502096653e-04, 1.100402208976447582e-03
-3.644187152385711670e-01, -5.479061603546142578e-01, 7.529926300048828125e-01, -1.401957357302308083e-03, 1.710174256004393101e-03, 5.658958689309656620e-04
-1.502635031938552856e-01, -9.451914429664611816e-01, -2.898859977722167969e-01, 5.893388879485428333e-04, 6.403802399290725589e-05, -5.142860463820397854e-04
2.671529650688171387e-01, -3.872202038764953613e-01, 8.824340105056762695e-01, -1.126940245740115643e-03, -4.001834895461797714e-03, -1.414866070263087749e-03
1.130670607089996338e-01, -4.841800928115844727e-01, -8.676320910453796387e-01, -1.669107878115028143e-04, 2.756982808932662010e-03, -1.560279168188571930e-03
-1.774764992296695709e-02, -2.195310741662979126e-01, -9.754440784454345703e-01, -4.170315150986425579e-05, -1.444004883524030447e-04, 3.325718716951087117e-05
-3.057556748390197754e-01, 4.748031198978424072e-01, -8.252729773521423340e-01, 1.564198289997875690e-03, 1.945190946571528912e-03, 5.396035849116742611e-04
-7.482617497444152832e-01, -4.668012559413909912e-01, 4.713819324970245361e-01, 1.591117004863917828e-03, -1.812571543268859386e-03, 7.307478808797895908e-04
2.892771959304809570e-01, -7.948347330093383789e-01, 5.334383845329284668e-01, 3.320127143524587154e-04, 2.140903779945801944e-05, -1.481465587858110666e-04
-4.146080911159515381e-01, 8.951458334922790527e-01, 1.637500077486038208e-01, -8.734893053770065308e-04, -9.697671630419790745e-04, 3.089632373303174973e-03
6.610385179519653320e-01, -7.434946894645690918e-01, 1.012115925550460815e-01, -3.894611436408013105e-04, -8.137527620419859886e-04, -3.434112528339028358e-03
9.333129525184631348e-01, 3.153626620769500732e-01, -1.716777831315994263e-01, 3.335947985760867596e-04, -8.876752690412104130e-04, 1.829516259022057056e-04
1.926996558904647827e-02, 7.986496686935424805e-01, -6.014876961708068848e-01, 1.698899664916098118e-03, 1.001503667794167995e-03, 1.384214847348630428e-03
-7.866726517677307129e-01, -4.084152281284332275e-01, -4.629720747470855713e-01, 2.265384100610390306e-04, -3.227988490834832191e-03, 2.462671604007482529e-03
-2.540433406829833984e-01, 3.224088251590728760e-01, -9.118741750717163086e-01, -5.366908153519034386e-04, 1.384316827170550823e-03, 6.389683694578707218e-04
-5.849074125289916992e-01, 3.629800975322723389e-01, -7.253473401069641113e-01, 9.131931583397090435e-04, 6.577385938726365566e-04, -4.072357551194727421e-04
6.056804060935974121e-01, 1.699392870068550110e-02, 7.955265045166015625e-01, -1.591755193658173084e-03, -3.526835935190320015e-04, 1.219429308548569679e-03
-1.551189422607421875e-01, 8.315806388854980469e-01, 5.333026647567749023e-01, 2.596861915662884712e-03, -4.756856069434434175e-04, 1.497073797509074211e-03
-8.963850140571594238e-01, 3.586966395378112793e-01, -2.604431807994842529e-01, -3.166263340972363949e-04, 2.696715062484145164e-03, 4.803818184882402420e-03
-5.907726883888244629e-01, -8.059554100036621094e-01, 3.772801160812377930e-02, -1.844628481194376945e-03, 1.474126707762479782e-03, 2.606134628877043724e-03
-7.482535243034362793e-01, -1.558781415224075317e-01, -6.448400020599365234e-01, -1.656069420278072357e-03, -1.036967034451663494e-03, 2.172322245314717293e-03
8.413093090057373047e-01, -4.178807437419891357e-01, -3.428912758827209473e-01, -2.554869279265403748e-04, -2.667682419996708632e-04, -3.017463895957916975e-04
4.073537290096282959e-01, 4.308546781539916992e-01, -8.052497506141662598e-01, 9.251735755242407322e-04, -2.512294158805161715e-04, 3.335977962706238031e-04
5.333816409111022949e-01, -2.938300669193267822e-01, -7.932010293006896973e-01, 2.146339509636163712e-03, -1.266168663278222084e-03, 1.912323175929486752e-03
-1.719402968883514404e-01, -4.746584296226501465e-01, -8.632125258445739746e-01, 1.168679795227944851e-03, 3.198830818291753531e-04, -4.086807603016495705e-04
-9.226158261299133301e-02, -7.277219891548156738e-01, -6.796385645866394043e-01, 8.163803722709417343e-04, 3.233634051866829395e-04, -4.570652672555297613e-04
1.905689090490341187e-01, 9.797506928443908691e-01, -6.141804531216621399e-02, -2.621860767249017954e-04, 9.738107473822310567e-05, 7.399235619232058525e-04
6.185838580131530762e-01, -3.582743704319000244e-01, 6.992806792259216309e-01, -1.019104267470538616e-03, 2.712169371079653502e-04, 1.040457165800035000e-03
8.349555134773254395e-01, 5.499651432037353516e-01, -1.968797482550144196e-02, 9.699660586193203926e-04, -1.437764149159193039e-03, 9.730989695526659489e-04
-1.443288624286651611e-01, -6.040120720863342285e-01, -7.837975621223449707e-01, 1.072274986654520035e-03, 7.832049595890566707e-05, -2.578047860879451036e-04
-8.240246772766113281e-01, 4.275671392679214478e-02, -5.649382472038269043e-01, -7.588112493976950645e-04, -4.994111950509250164e-04, 1.069012447260320187e-03
-4.799155294895172119e-01, 1.238707974553108215e-01, -8.685258030891418457e-01, -1.190071459859609604e-03, -1.514224102720618248e-03, 4.416283918544650078e-04
-1.170723419636487961e-02, 6.634616255760192871e-01, -7.481186985969543457e-01, 4.461865755729377270e-04, 1.174688222818076611e-03, 1.034778077155351639e-03
-4.053178429603576660e-01, -3.333024084568023682e-01, -8.512502312660217285e-01, 3.172120777890086174e-03, -2.002695109695196152e-03, -7.262424333021044731e-04
-3.760330006480216980e-02, 9.976543784141540527e-01, -5.719796940684318542e-02, -4.708349006250500679e-04, 1.270676002604886889e-04, 2.525867661461234093e-03
7.400994300842285156e-01, -6.440863013267517090e-01, 1.934053897857666016e-01, -1.014254870824515820e-03, -1.882584765553474426e-03, -2.388235181570053101e-03
-3.921942114830017090e-01, 3.440108895301818848e-01, -8.531355261802673340e-01, 4.337957216193899512e-05, 1.663629431277513504e-03, 6.508853402920067310e-04
8.215289711952209473e-01, 4.271090626716613770e-01, 3.777142465114593506e-01, 1.025183824822306633e-03, -1.881968230009078979e-03, -1.016972455545328557e-04
-8.634791010990738869e-04, -5.752200484275817871e-01, -8.179982304573059082e-01, -2.069704933091998100e-04, 1.969810808077454567e-03, -1.384961651638150215e-03
5.094701051712036133e-01, -1.363952308893203735e-01, 8.496096134185791016e-01, -1.363106770440936089e-03, 6.509746308438479900e-04, 9.218964260071516037e-04
-2.312349826097488403e-01, -5.125103592872619629e-01, 8.269603848457336426e-01, -1.388299628160893917e-03, 1.361816306598484516e-03, 4.557915381155908108e-04
-3.361594974994659424e-01, -9.336118698120117188e-01, 1.239581257104873657e-01, 2.948880894109606743e-03, -7.155824569053947926e-04, 2.607477828860282898e-03
1.526676211506128311e-02, -9.949048757553100586e-01, 9.965547174215316772e-02, 4.684255458414554596e-03, -3.950398531742393970e-04, -4.661465063691139221e-03
-6.333479285240173340e-01, -7.019110918045043945e-01, 3.258699774742126465e-01, -2.566666807979345322e-04, 9.732691687531769276e-04, 1.597536262124776840e-03
1.900259256362915039e-01, 6.668400485068559647e-03, -9.817564487457275391e-01, 1.458505867049098015e-03, -7.926537364255636930e-06, 2.822503447532653809e-04
7.759449481964111328e-01, -4.501610696315765381e-01, 4.418873786926269531e-01, -6.376674282364547253e-04, -2.866530790925025940e-03, -1.800471683964133263e-03
9.017358422279357910e-01, 3.083215057849884033e-01, 3.030022084712982178e-01, 1.419551786966621876e-03, -2.467287238687276840e-03, -1.713990583084523678e-03
-1.580717712640762329e-01, 7.011491656303405762e-01, -6.952720284461975098e-01, 2.562358742579817772e-03, 1.434984733350574970e-03, 8.645564084872603416e-04
-1.221961602568626404e-01, -3.238673508167266846e-01, -9.381780028343200684e-01, 1.082068425603210926e-03, -1.467574038542807102e-04, -9.027570922626182437e-05
5.253686904907226562e-01, -8.293374776840209961e-01, -1.902288049459457397e-01, -4.161879478488117456e-04, 4.217382520437240601e-04, -2.988062100484967232e-03
7.435345053672790527e-01, 3.099450170993804932e-01, -5.925288796424865723e-01, 1.202658866532146931e-03, 2.880651736631989479e-03, 3.015991533175110817e-03
-9.965105354785919189e-02, -9.215530157089233398e-01, 3.752461671829223633e-01, 3.126330673694610596e-03, -4.063061496708542109e-04, -1.675980020081624389e-04
-5.922948718070983887e-01, -6.552994251251220703e-01, -4.687956869602203369e-01, -5.901264376007020473e-04, 2.044972265139222145e-03, -2.112946705892682076e-03
9.128735065460205078e-01, 1.734200567007064819e-01, 3.695774078369140625e-01, 1.228943699970841408e-03, -1.449809526093304157e-03, -2.355241682380437851e-03
1.485594920814037323e-02, 9.684566259384155273e-01, 2.487387806177139282e-01, 2.464379067532718182e-04, -1.967840071301907301e-04, 7.514538592658936977e-04
-9.050571322441101074e-01, 2.374921143054962158e-01, -3.528018295764923096e-01, -1.130777294747531414e-03, 1.883899560198187828e-03, 4.168995656073093414e-03
4.274900555610656738e-01, 7.962673306465148926e-01, -4.280311167240142822e-01, -1.349560101516544819e-03, 5.916427471674978733e-04, -2.472198102623224258e-04
8.316401839256286621e-01, -5.084497928619384766e-01, -2.232788652181625366e-01, -2.190510422224178910e-04, -5.891566397622227669e-04, 5.257324082776904106e-04
6.498423218727111816e-01, 1.502133309841156006e-01, -7.450777888298034668e-01, 1.177938655018806458e-03, 1.806493033654987812e-03, 1.391577883623540401e-03
-2.104407995939254761e-01, 1.844080388545989990e-01, 9.600564241409301758e-01, 1.019331393763422966e-03, -3.614087821915745735e-03, 9.176292223855853081e-04
3.747003674507141113e-01, -2.926423251628875732e-01, -8.797500133514404297e-01, 2.247469732537865639e-03, -8.453359478153288364e-04, 1.238430035300552845e-03
-4.818344861268997192e-02, -6.275616884231567383e-01, 7.770744562149047852e-01, -3.044403390958905220e-03, -7.809033850207924843e-04, -8.194259135052561760e-04
8.529026061296463013e-02, 4.360288977622985840e-01, 8.958818912506103516e-01, 7.252512150444090366e-04, -6.770540494471788406e-04, 2.604788169264793396e-04
-9.713639020919799805e-01, 2.281212210655212402e-01, -6.642933934926986694e-02, -1.033003791235387325e-04, 4.313967365305870771e-04, 2.991946414113044739e-03
-8.667280673980712891e-01, -3.631342053413391113e-01, -3.419297039508819580e-01, 5.213983822613954544e-04, -1.693835598416626453e-03, 4.772297397721558809e-04
9.109128117561340332e-01, 1.633563041687011719e-01, -3.788833916187286377e-01, 4.955485928803682327e-04, 3.704748582094907761e-03, 2.788709243759512901e-03
-8.559540510177612305e-01, 3.728621900081634521e-01, 3.582129478454589844e-01, -1.569822779856622219e-03, -2.038551727309823036e-03, -1.629191101528704166e-03
-9.949067607522010803e-03, 6.702200770378112793e-01, 7.420957088470458984e-01, 2.101130550727248192e-03, -1.688595744781196117e-03, 1.553216134198009968e-03
7.212926447391510010e-02, 7.747073769569396973e-01, 6.281925439834594727e-01, 2.180828712880611420e-03, -3.486437024548649788e-03, 4.049183800816535950e-03
1.094142645597457886e-01, -6.542752981185913086e-01, -7.482996582984924316e-01, -2.347240922972559929e-03, 1.598776434548199177e-03, -1.741095911711454391e-03
-2.045741379261016846e-01, 6.926557421684265137e-01, 6.916483044624328613e-01, 2.961022546514868736e-03, -4.935958422720432281e-04, 1.370119280181825161e-03
4.841223359107971191e-01, -8.012098670005798340e-01, 3.516934216022491455e-01, -4.462097131181508303e-04, -4.351269744802266359e-04, -3.770554903894662857e-04
2.784623205661773682e-01, -8.599005341529846191e-01, -4.278197288513183594e-01, 1.481245271861553192e-03, 9.465446928516030312e-04, -9.383936994709074497e-04
1.796439439058303833e-01, -9.829462170600891113e-01, 3.930266946554183960e-02, 3.906729689333587885e-04, 2.553205558797344565e-05, -1.147133181802928448e-03
6.497191190719604492e-01, 7.510405778884887695e-01, 1.174867302179336548e-01, 7.808482623659074306e-04, -6.349131581373512745e-04, -2.594887919258326292e-04
6.349751949310302734e-01, 1.594329923391342163e-01, 7.559018731117248535e-01, -2.182405674830079079e-03, 1.425877417204901576e-04, 1.803197315894067287e-03
5.821204781532287598e-01, 7.665405869483947754e-01, 2.712034583091735840e-01, -1.324066543020308018e-03, 1.062857685610651970e-03, -1.620825205463916063e-04
-1.326490789651870728e-01, 7.999598979949951172e-01, -5.852079987525939941e-01, 3.625843441113829613e-03, 1.676170737482607365e-03, 1.469399780035018921e-03
2.124527245759963989e-01, -9.284067153930664062e-01, -3.048357665538787842e-01, 2.989192027598619461e-03, 4.226561577524989843e-04, 7.960521616041660309e-04
8.098202943801879883e-01, -5.231246352195739746e-01, 2.655780315399169922e-01, -1.582979457452893257e-03, -3.006541170179843903e-03, -1.095222192816436291e-03
4.321728050708770752e-01, 6.809451580047607422e-01, 5.912193059921264648e-01, -2.486795128788799047e-04, -1.902350108139216900e-03, 2.372839953750371933e-03
2.646347582340240479e-01, 9.448822140693664551e-01, -1.927850842475891113e-01, -2.639304148033261299e-03, 4.380652098916471004e-04, -1.475900178775191307e-03
9.995775222778320312e-01, 2.891445159912109375e-02, -2.953926334157586098e-03, 6.040645530447363853e-05, -2.377351745963096619e-03, -2.829756354913115501e-03
7.558460235595703125e-01, 1.583802849054336548e-01, 6.353050470352172852e-01, 8.707332308404147625e-04, 4.905668538413010538e-05, -1.048173406161367893e-03
3.586341440677642822e-02, 1.104061724618077278e-03, -9.993560910224914551e-01, 9.196583996526896954e-04, -2.142518205801025033e-04, 3.276664210716262460e-05
-3.556590378284454346e-01, 2.103440165519714355e-01, -9.106382727622985840e-01, -1.635994412936270237e-03, -1.566705905133858323e-04, 6.027656490914523602e-04
-4.544815719127655029e-01, -4.512594342231750488e-01, -7.679917812347412109e-01, 2.541374647989869118e-03, -1.128326053731143475e-03, -8.409467991441488266e-04
-3.459396362304687500e-01, 4.446435570716857910e-01, 8.262069225311279297e-01, -1.138933701440691948e-03, -3.037824528291821480e-03, 1.157998922280967236e-03
-8.289826512336730957e-01, -5.463182330131530762e-01, -1.196836158633232117e-01, -8.341542561538517475e-04, 1.349831465631723404e-03, -3.838302218355238438e-04
9.857612103223800659e-02, -2.287008613348007202e-01, 9.684929847717285156e-01, -2.485541393980383873e-03, -3.907536622136831284e-03, -6.697436328977346420e-04
-7.422794699668884277e-01, 6.695294380187988281e-01, 2.741334773600101471e-02, -3.296306240372359753e-04, -3.629944694694131613e-04, -5.991831858409568667e-05
5.236337184906005859e-01, 1.570243090391159058e-01, -8.373476266860961914e-01, 1.288609812036156654e-03, -8.759832780924625695e-06, 8.041869150474667549e-04
-4.687220752239227295e-01, -8.519548177719116211e-01, -2.333936840295791626e-01, -3.813279035966843367e-04, 7.657572859898209572e-05, 4.862931091338396072e-04
4.991084337234497070e-01, 8.640344738960266113e-01, -6.584221124649047852e-02, 6.104511703597381711e-05, -2.802993403747677803e-04, -3.215568605810403824e-03
-7.171741127967834473e-01, 5.507394075393676758e-01, -4.270215630531311035e-01, 2.268534008180722594e-04, -4.920429782941937447e-04, -1.015594694763422012e-03
3.485144376754760742e-01, 8.797261118888854980e-01, -3.234497308731079102e-01, -2.425722777843475342e-03, 2.955118543468415737e-04, -1.809956505894660950e-03
3.822970986366271973e-01, 2.991206645965576172e-01, -8.742858171463012695e-01, 1.026283716782927513e-03, -6.946899229660630226e-04, 2.110856730723753572e-04
-4.608143270015716553e-01, -6.334568262100219727e-01, 6.215968132019042969e-01, -9.449809440411627293e-04, 1.978956570383161306e-04, -4.988802829757332802e-04
6.913962364196777344e-01, 5.657978653907775879e-01, -4.492706060409545898e-01, -9.826030582189559937e-04, 1.438794774003326893e-03, 2.998168929480016232e-04
6.547170281410217285e-01, -3.104483485221862793e-01, -6.891788244247436523e-01, 8.777940529398620129e-04, -1.880878815427422523e-03, 1.681163674220442772e-03
-4.735894873738288879e-02, -9.708225131034851074e-01, 2.350760102272033691e-01, 5.652462132275104523e-03, -1.284849015064537525e-03, -4.167442210018634796e-03
-8.184589147567749023e-01, 4.522078037261962891e-01, -3.544476628303527832e-01, 2.938615216407924891e-04, 1.529739587567746639e-03, 1.273098052479326725e-03
-5.522403120994567871e-01, 6.995868086814880371e-01, -4.534411728382110596e-01, 2.229754463769495487e-04, 5.241503240540623665e-04, 5.371206207200884819e-04
-7.618340253829956055e-01, 5.818666815757751465e-01, -2.846754491329193115e-01, -8.764867670834064484e-04, -9.499501320533454418e-04, 4.039445484522730112e-04
-3.042417466640472412e-01, 6.836596131324768066e-01, -6.633599400520324707e-01, 4.842173308134078979e-03, 2.650852315127849579e-03, 5.111694335937500000e-04
-5.808998346328735352e-01, 8.118237853050231934e-01, 5.913937091827392578e-02, 1.979448134079575539e-03, 1.169235212728381157e-03, 3.392802551388740540e-03
9.634162187576293945e-01, -2.553499042987823486e-01, 8.139781653881072998e-02, -1.222801511175930500e-03, -4.259224981069564819e-03, 1.111505902372300625e-03
-7.491469979286193848e-01, 6.203615665435791016e-01, 2.322289347648620605e-01, -1.838690484873950481e-03, -1.663669245317578316e-03, -1.487208995968103409e-03
6.243892312049865723e-01, 6.817626357078552246e-01, -3.812320232391357422e-01, -2.017267979681491852e-03, 1.768237096257507801e-03, -1.417573803337290883e-04
-5.765509605407714844e-01, -4.544583559036254883e-01, -6.790115237236022949e-01, 1.399021828547120094e-03, -1.617126632481813431e-03, -1.055809334502555430e-04
1.170977950096130371e-01, -8.008913397789001465e-01, 5.872488021850585938e-01, -1.276686904020607471e-03, 2.915926743298768997e-04, 6.522469921037554741e-04
-5.160487890243530273e-01, 5.876542329788208008e-01, 6.231822967529296875e-01, -1.156384823843836784e-03, -2.171648433431982994e-03, 1.090254634618759155e-03
9.836621284484863281e-01, 1.654215455055236816e-01, 7.102436572313308716e-02, 7.720429566688835621e-04, -2.972815884277224541e-03, -3.768588416278362274e-03
-1.921453326940536499e-01, -2.419574111700057983e-01, 9.510713815689086914e-01, 6.609761621803045273e-04, 1.671867794357240200e-03, 5.588689818978309631e-04
-4.080492258071899414e-01, -5.798747539520263672e-01, -7.051532268524169922e-01, 2.105958526954054832e-03, -9.273352334275841713e-04, -4.560659581329673529e-04
8.738374114036560059e-01, 4.335640072822570801e-01, 2.200691848993301392e-01, 1.541379606351256371e-03, -2.804804593324661255e-03, -5.945987650193274021e-04
1.865506619215011597e-01, 8.719595670700073242e-01, 4.526425600051879883e-01, 1.874394016340374947e-03, -2.271167235448956490e-03, 3.602614393457770348e-03
-1.044657304883003235e-01, 3.069784343242645264e-01, -9.459657073020935059e-01, -2.377805503783747554e-04, 7.222318090498447418e-04, 2.606326015666127205e-04
-8.201696276664733887e-01, 4.978778362274169922e-01, 2.818500995635986328e-01, -1.967801945284008980e-03, -2.529895631596446037e-03, -1.257237046957015991e-03
-1.459011733531951904e-01, -9.861207604408264160e-01, 7.923818379640579224e-02, 6.098347250372171402e-03, -1.159594627097249031e-03, -3.202298888936638832e-03
-7.178165912628173828e-01, -8.924164623022079468e-02, 6.904891133308410645e-01, 5.412399186752736568e-04, 2.325053326785564423e-03, 8.631600649096071720e-04
-6.120512485504150391e-01, 6.076934337615966797e-01, 5.060651302337646484e-01, -1.544057740829885006e-03, -1.519461395218968391e-03, -4.283186717657372355e-05
6.589720845222473145e-01, -4.420247673988342285e-01, -6.085802316665649414e-01, -1.139263076765928417e-05, -7.659234688617289066e-04, 5.439705564640462399e-04
-6.640162467956542969e-01, -6.687843203544616699e-01, -3.343800306320190430e-01, -1.038549467921257019e-03, 1.811835332773625851e-03, -1.561436918564140797e-03
2.688941657543182373e-01, -4.662753343582153320e-01, -8.427830338478088379e-01, -1.350262900814414024e-04, 1.188739668577909470e-03, -7.007590029388666153e-04
-2.549208104610443115e-01, -8.990107774734497070e-01, 3.560828566551208496e-01, 1.385490526445209980e-03, 5.669925012625753880e-04, 2.423376077786087990e-03
4.453399404883384705e-02, 2.803435325622558594e-01, -9.588661193847656250e-01, -2.320654311915859580e-04, -2.549885539337992668e-04, -8.532912033842876554e-05
-8.681614398956298828e-01, 2.429943978786468506e-01, 4.327232241630554199e-01, -8.825905388221144676e-04, -8.835874032229185104e-04, -1.274542883038520813e-03
7.278084754943847656e-01, 6.543204188346862793e-01, 2.053281515836715698e-01, 7.300856523215770721e-04, -9.822371648624539375e-04, 5.422311951406300068e-04
6.239902377128601074e-01, -1.776341795921325684e-01, -7.609745860099792480e-01, 1.639709807932376862e-03, -1.603221753612160683e-03, 1.718782703392207623e-03
4.700721204280853271e-01, -1.756693720817565918e-01, -8.649696707725524902e-01, 2.953703282400965691e-03, -1.042400370351970196e-03, 1.816909294575452805e-03
-8.479296565055847168e-01, 4.895626604557037354e-01, -2.033315896987915039e-01, 5.456327926367521286e-05, 1.143204746767878532e-03, 2.524962415918707848e-03
-4.767937660217285156e-01, -8.656307458877563477e-01, 1.528105288743972778e-01, -6.047952920198440552e-04, 1.030593994073569775e-03, 3.950979094952344894e-03
6.213694810867309570e-01, 7.830424308776855469e-01, -2.728533186018466949e-02, 9.149654651992022991e-04, -7.796332938596606255e-04, -1.537615316919982433e-03
-1.985907852649688721e-01, 3.306444883346557617e-01, 9.226244688034057617e-01, 1.216940698213875294e-03, -3.327271901071071625e-03, 1.454348443076014519e-03
