-1.220599739999999969e+02, 3.734848399999999913e+01
-1.220597494999999952e+02, 3.733768659999999784e+01
-1.220516164000000003e+02, 3.732777850000000086e+01
-1.219014739999999932e+02, 3.736417579999999816e+01
-1.220688439999999986e+02, 3.738789409999999691e+01
-1.220686986999999988e+02, 3.739545369999999735e+01
-1.220699730999999986e+02, 3.740465009999999779e+01
-1.220148121000000003e+02, 3.739621040000000107e+01
-1.220565203000000025e+02, 3.740557960000000293e+01
-1.220681995999999998e+02, 3.740818260000000350e+01
-1.220675473000000011e+02, 3.737808239999999671e+01
-1.219924728999999957e+02, 3.739025560000000326e+01
-1.220307420000000036e+02, 3.740224889999999647e+01
-1.220391316000000046e+02, 3.740153810000000334e+01
-1.219012244999999979e+02, 3.736756890000000197e+01
-1.219021323000000052e+02, 3.736383949999999743e+01
-1.219746537000000046e+02, 3.722692039999999736e+01
-1.219616232000000053e+02, 3.724570200000000142e+01
-1.219632907000000017e+02, 3.725845110000000204e+01
-1.220472589000000028e+02, 3.733404879999999793e+01
-1.220186520999999971e+02, 3.733297840000000178e+01
-1.220535674000000057e+02, 3.733301230000000004e+01
-1.219753692000000029e+02, 3.722639339999999919e+01
-1.219626329999999967e+02, 3.725789819999999963e+01
-1.220699872999999940e+02, 3.733429079999999800e+01
-1.220730731999999961e+02, 3.733345270000000227e+01
-1.218472167999999982e+02, 3.725533099999999820e+01
-1.218776514999999989e+02, 3.725529629999999770e+01
-1.220511549999999943e+02, 3.732685709999999801e+01
-1.220134900000000044e+02, 3.740604220000000169e+01
-1.220352651999999978e+02, 3.740089530000000195e+01
-1.220665156000000025e+02, 3.738523030000000347e+01
-1.219402010999999959e+02, 3.742028679999999952e+01
-1.219195785999999941e+02, 3.743634449999999703e+01
-1.219790801000000044e+02, 3.731816010000000006e+01
-1.219180752000000041e+02, 3.737206470000000280e+01
-1.219239304000000033e+02, 3.734457570000000004e+01
-1.219010138999999953e+02, 3.736754450000000105e+01
-1.220562549999999931e+02, 3.733278200000000169e+01
-1.219399034000000057e+02, 3.732149960000000277e+01
-1.219200313000000051e+02, 3.731693200000000132e+01
-1.220649015999999989e+02, 3.738576379999999943e+01
-1.220652239000000066e+02, 3.738549379999999900e+01
-1.219544018999999935e+02, 3.741929410000000189e+01
-1.219439626000000061e+02, 3.741931160000000034e+01
-1.219301690000000065e+02, 3.742220859999999760e+01
-1.219700545999999974e+02, 3.731617520000000354e+01
-1.219839711000000051e+02, 3.741288279999999844e+01
-1.218953302999999977e+02, 3.736326389999999975e+01
-1.219013793000000021e+02, 3.734304410000000018e+01
-1.219085955999999982e+02, 3.734973810000000327e+01
-1.218993447999999944e+02, 3.734008299999999991e+01
-1.219722514000000047e+02, 3.738450650000000053e+01
-1.220098966999999988e+02, 3.739503380000000021e+01
-1.220699833999999981e+02, 3.740238599999999991e+01
-1.220597755000000006e+02, 3.734849260000000015e+01
-1.220620186999999959e+02, 3.735547429999999736e+01
-1.220594758999999954e+02, 3.733737099999999742e+01
-1.220581485999999956e+02, 3.733209949999999822e+01
-1.220552517999999935e+02, 3.733204400000000334e+01
-1.219034458000000001e+02, 3.736218310000000287e+01
-1.219462963000000002e+02, 3.727600300000000288e+01
-1.219368929999999978e+02, 3.729171949999999924e+01
-1.219830967999999984e+02, 3.738739460000000037e+01
-1.219822898000000038e+02, 3.738737669999999724e+01
-1.219407953000000049e+02, 3.731454659999999990e+01
-1.218689611000000070e+02, 3.738989380000000295e+01
-1.220593994999999978e+02, 3.733619929999999698e+01
-1.220324197999999996e+02, 3.739988960000000162e+01
-1.220812430999999947e+02, 3.741361979999999932e+01
-1.220572205999999937e+02, 3.733433449999999709e+01
-1.219057571000000024e+02, 3.738734180000000151e+01
-1.218805787000000009e+02, 3.741393970000000024e+01
-1.218807233999999937e+02, 3.741442519999999661e+01
-1.219147717000000029e+02, 3.731498450000000133e+01
-1.218409407000000044e+02, 3.734785829999999862e+01
-1.220924404000000010e+02, 3.742082249999999988e+01
-1.220924105999999938e+02, 3.741975980000000135e+01
-1.218612976000000003e+02, 3.733410839999999808e+01
-1.218899698999999970e+02, 3.744167019999999724e+01
-1.218775066999999979e+02, 3.740457969999999932e+01
-1.220697143999999952e+02, 3.740539770000000175e+01
-1.220763321000000019e+02, 3.741102260000000257e+01
-1.220088377000000008e+02, 3.739470239999999990e+01
-1.219469069999999959e+02, 3.726909049999999723e+01
-1.219401761000000022e+02, 3.729755389999999693e+01
-1.219386449999999940e+02, 3.729462290000000024e+01
-1.219176977000000051e+02, 3.731612479999999721e+01
-1.218460953000000018e+02, 3.736734289999999703e+01
-1.218466317999999973e+02, 3.736800099999999958e+01
-1.218825913999999955e+02, 3.732659329999999898e+01
-1.219035700999999960e+02, 3.737800730000000016e+01
-1.219018805999999984e+02, 3.731941909999999751e+01
-1.220526780999999943e+02, 3.733027940000000200e+01
-1.220608409000000023e+02, 3.733291080000000051e+01
-1.220805500999999964e+02, 3.741280100000000175e+01
-1.219259093999999948e+02, 3.734278789999999759e+01
-1.218457922999999994e+02, 3.733307200000000137e+01
-1.218450724000000065e+02, 3.733272579999999863e+01
-1.219362490999999977e+02, 3.733465669999999648e+01
-1.219345193999999992e+02, 3.733594699999999733e+01
-1.218817157999999949e+02, 3.741770329999999944e+01
-1.218807216000000011e+02, 3.741675430000000091e+01
-1.218802076000000056e+02, 3.741504590000000263e+01
-1.218800197999999995e+02, 3.741431089999999671e+01
-1.218418984000000052e+02, 3.736083430000000050e+01
-1.219021211999999963e+02, 3.737185190000000290e+01
-1.220127085999999963e+02, 3.739554160000000138e+01
-1.220820915999999983e+02, 3.741351010000000343e+01
-1.220637075000000067e+02, 3.740696080000000023e+01
-1.220566149999999936e+02, 3.740540740000000142e+01
-1.219016603000000032e+02, 3.736432769999999692e+01
-1.218974376000000035e+02, 3.732298190000000204e+01
-1.219240594999999985e+02, 3.734469140000000209e+01
-1.220690124999999995e+02, 3.739742160000000126e+01
-1.218590827000000019e+02, 3.726297420000000216e+01
-1.218433081999999956e+02, 3.736314920000000228e+01
-1.218357917000000015e+02, 3.732267449999999798e+01
-1.218448529000000065e+02, 3.734474980000000244e+01
-1.219021953000000025e+02, 3.736416030000000177e+01
-1.219018266000000068e+02, 3.736441289999999782e+01
-1.219018319000000048e+02, 3.736397589999999980e+01
-1.219406469000000044e+02, 3.731232130000000069e+01
-1.220125239000000050e+02, 3.739753859999999719e+01
-1.218153163000000063e+02, 3.730139820000000128e+01
-1.219001923999999946e+02, 3.734084469999999811e+01
-1.219229521000000034e+02, 3.737255789999999678e+01
-1.218523394999999994e+02, 3.733977070000000253e+01
-1.219019253999999961e+02, 3.737214600000000075e+01
-1.218998066000000051e+02, 3.736821840000000350e+01
-1.220671890999999931e+02, 3.740771279999999877e+01
-1.219563028000000031e+02, 3.731659489999999835e+01
-1.219145740000000018e+02, 3.731319129999999973e+01
-1.219032258000000013e+02, 3.737758970000000147e+01
-1.219475805000000008e+02, 3.727220340000000220e+01
-1.219464806999999951e+02, 3.731693299999999880e+01
-1.218714235000000059e+02, 3.725579340000000172e+01
-1.219181123999999983e+02, 3.743002200000000101e+01
-1.219997027999999943e+02, 3.739220089999999885e+01
-1.218983393999999976e+02, 3.736372219999999800e+01
-1.219265967000000046e+02, 3.737011979999999767e+01
-1.219372673999999961e+02, 3.733388049999999936e+01
-1.220166681000000040e+02, 3.739642239999999873e+01
-1.219479948999999976e+02, 3.727080480000000051e+01
-1.219407427000000013e+02, 3.732275460000000322e+01
-1.218856193000000019e+02, 3.742888299999999902e+01
-1.218512364999999988e+02, 3.737286749999999813e+01
-1.218792729999999978e+02, 3.741003570000000167e+01
-1.218892661999999945e+02, 3.732457660000000033e+01
-1.219432330000000064e+02, 3.725292139999999819e+01
-1.219120259999999973e+02, 3.725043999999999755e+01
-1.219040944999999994e+02, 3.725053020000000004e+01
-1.218965254000000016e+02, 3.733125780000000304e+01
-1.219016644000000014e+02, 3.734314299999999776e+01
-1.218598259000000041e+02, 3.734759549999999706e+01
-1.218568247000000042e+02, 3.734439720000000307e+01
-1.220891843999999935e+02, 3.741847750000000161e+01
-1.220241139999999973e+02, 3.739823789999999804e+01
-1.219022293000000019e+02, 3.736440029999999979e+01
-1.220955567999999971e+02, 3.742336939999999856e+01
-1.219779570999999976e+02, 3.738614429999999800e+01
-1.219925738999999965e+02, 3.741065480000000321e+01
-1.219993374999999958e+02, 3.739230409999999694e+01
-1.219966040999999990e+02, 3.739148980000000222e+01
-1.220623994000000039e+02, 3.740686670000000191e+01
-1.220744411000000014e+02, 3.741093049999999920e+01
-1.220508047000000005e+02, 3.733310610000000196e+01
-1.219587666000000041e+02, 3.738065110000000146e+01
-1.219669162999999941e+02, 3.738257680000000249e+01
-1.219643248000000000e+02, 3.738186040000000077e+01
-1.219635444000000035e+02, 3.738162280000000237e+01
-1.219616278000000023e+02, 3.738108900000000290e+01
-1.219606765000000053e+02, 3.738136579999999753e+01
-1.219634158000000070e+02, 3.738215420000000222e+01
-1.219640231000000057e+02, 3.738232200000000205e+01
-1.219674251999999939e+02, 3.738328479999999843e+01
-1.220677696999999995e+02, 3.737821979999999655e+01
-1.220682553999999982e+02, 3.738463409999999953e+01
-1.219192584999999980e+02, 3.736523669999999697e+01
-1.220678209000000010e+02, 3.738064860000000067e+01
-1.220536349000000058e+02, 3.738996670000000222e+01
-1.220688109999999966e+02, 3.738736409999999921e+01
-1.220539392000000021e+02, 3.739004789999999900e+01
-1.219376694999999984e+02, 3.733338549999999856e+01
-1.220187942000000021e+02, 3.733278119999999944e+01
-1.220103493999999955e+02, 3.732837589999999750e+01
-1.220623566000000011e+02, 3.735580689999999748e+01
-1.220734216000000032e+02, 3.740964590000000101e+01
-1.220360048999999947e+02, 3.740186309999999992e+01
-1.220659595000000053e+02, 3.738524710000000084e+01
-1.220374623000000014e+02, 3.733445600000000297e+01
-1.220374675999999994e+02, 3.733423839999999672e+01
-1.220484000999999949e+02, 3.733411060000000248e+01
-1.220684416999999939e+02, 3.738623369999999824e+01
-1.220633413999999988e+02, 3.733358379999999954e+01
-1.220673050999999987e+02, 3.733562589999999659e+01
-1.220216491999999988e+02, 3.740398729999999716e+01
-1.220042291000000034e+02, 3.740794929999999852e+01
-1.220016681999999975e+02, 3.740833630000000198e+01
-1.219989834999999943e+02, 3.740894889999999862e+01
-1.219932404999999989e+02, 3.741031809999999780e+01
-1.219291202999999939e+02, 3.742250899999999803e+01
-1.219221359000000007e+02, 3.742363100000000031e+01
-1.220608684000000039e+02, 3.733251320000000106e+01
-1.220862390000000062e+02, 3.741659090000000276e+01
-1.220683805999999976e+02, 3.738368100000000283e+01
-1.219262937000000022e+02, 3.737348850000000056e+01
-1.219309733999999992e+02, 3.737439580000000205e+01
-1.219089641999999998e+02, 3.736864740000000040e+01
-1.219099566999999951e+02, 3.736959949999999964e+01
-1.219058385000000015e+02, 3.736642040000000264e+01
-1.219010514000000001e+02, 3.736652550000000161e+01
-1.219156777999999974e+02, 3.735987719999999968e+01
-1.219152861999999971e+02, 3.735971940000000302e+01
-1.219094675999999993e+02, 3.735594389999999976e+01
-1.219092784000000051e+02, 3.735637040000000297e+01
-1.219016411000000062e+02, 3.736398899999999657e+01
-1.218977004000000051e+02, 3.736346619999999774e+01
-1.219054296000000051e+02, 3.736578899999999948e+01
-1.219048726000000045e+02, 3.736075770000000063e+01
-1.218874387999999982e+02, 3.736272149999999925e+01
-1.219212821999999932e+02, 3.734671050000000037e+01
-1.219083219999999983e+02, 3.734912099999999668e+01
-1.219192586000000063e+02, 3.734794920000000218e+01
-1.218611697000000049e+02, 3.734950630000000160e+01
-1.218640072000000032e+02, 3.735266419999999954e+01
-1.218649673000000035e+02, 3.735270020000000102e+01
-1.218639509000000061e+02, 3.735174680000000080e+01
-1.218660012999999935e+02, 3.735388499999999823e+01
-1.218976322999999979e+02, 3.733651379999999875e+01
-1.218970867999999967e+02, 3.733337889999999959e+01
-1.218968535000000060e+02, 3.733424029999999760e+01
-1.218977234999999979e+02, 3.733740710000000007e+01
-1.218543994999999995e+02, 3.733802089999999652e+01
-1.218617602000000062e+02, 3.733350190000000168e+01
-1.218510677000000015e+02, 3.733915329999999955e+01
-1.218481598999999989e+02, 3.734147879999999731e+01
-1.218480675999999931e+02, 3.733660869999999932e+01
-1.218496027000000055e+02, 3.733598030000000279e+01
-1.218421641000000051e+02, 3.734652919999999909e+01
-1.218482869000000051e+02, 3.733624110000000229e+01
-1.218946068000000054e+02, 3.732676599999999922e+01
-1.218941805999999985e+02, 3.732746159999999946e+01
-1.218854481999999990e+02, 3.732516090000000020e+01
-1.218824261999999976e+02, 3.732637979999999800e+01
-1.218884199000000024e+02, 3.732494150000000133e+01
-1.218779353999999984e+02, 3.732754750000000143e+01
-1.218940233000000006e+02, 3.732320490000000035e+01
-1.218961970000000008e+02, 3.732262829999999809e+01
-1.218931805999999938e+02, 3.732399170000000055e+01
-1.218924844000000007e+02, 3.732414109999999852e+01
-1.218931551999999954e+02, 3.732338289999999859e+01
-1.218892684000000060e+02, 3.732433509999999899e+01
-1.218904839000000067e+02, 3.731978399999999851e+01
-1.218894760000000019e+02, 3.731799500000000336e+01
-1.218899715000000015e+02, 3.732049940000000277e+01
-1.218877853999999985e+02, 3.732449640000000102e+01
-1.218857832000000059e+02, 3.731154060000000072e+01
-1.218874208000000010e+02, 3.731491960000000319e+01
-1.219112889999999965e+02, 3.741082629999999654e+01
-1.219126901000000061e+02, 3.741425379999999734e+01
-1.219098182999999977e+02, 3.740383409999999742e+01
-1.219100485000000020e+02, 3.740552970000000244e+01
-1.219187572999999958e+02, 3.743371020000000016e+01
-1.218420672000000025e+02, 3.725306539999999700e+01
-1.218586968999999982e+02, 3.726405450000000030e+01
-1.218586602000000028e+02, 3.725919789999999665e+01
-1.218747450000000043e+02, 3.729915669999999750e+01
-1.218714930000000010e+02, 3.729140389999999883e+01
-1.218642574999999937e+02, 3.727872399999999686e+01
-1.218382380000000040e+02, 3.735058130000000176e+01
-1.219190138000000019e+02, 3.742433499999999924e+01
-1.219167295999999965e+02, 3.742675810000000070e+01
-1.219185374000000053e+02, 3.742965490000000273e+01
-1.219179357999999951e+02, 3.742533399999999943e+01
-1.219093648999999999e+02, 3.740452990000000000e+01
-1.219119421000000045e+02, 3.741192879999999832e+01
-1.220270205000000061e+02, 3.733453699999999742e+01
-1.220270138000000060e+02, 3.733429590000000076e+01
-1.220797907999999978e+02, 3.741279469999999918e+01
-1.220629669000000064e+02, 3.733321660000000008e+01
-1.218589683000000008e+02, 3.725565139999999786e+01
-1.218713579000000067e+02, 3.725612699999999933e+01
-1.218812309999999997e+02, 3.725369779999999764e+01
-1.218753236000000015e+02, 3.725557909999999850e+01
-1.218349917000000033e+02, 3.724964930000000152e+01
-1.218853189000000015e+02, 3.742889579999999938e+01
-1.218902932000000021e+02, 3.744150750000000016e+01
-1.219800881999999973e+02, 3.731796419999999870e+01
-1.219557333000000057e+02, 3.731644049999999879e+01
-1.219388828000000018e+02, 3.731730840000000171e+01
-1.219453392000000065e+02, 3.731665019999999799e+01
-1.219406108999999958e+02, 3.731753400000000198e+01
-1.219403460999999993e+02, 3.731474269999999649e+01
-1.219461320000000057e+02, 3.727559620000000251e+01
-1.219488235000000032e+02, 3.726570970000000216e+01
-1.219076988000000057e+02, 3.739669140000000169e+01
-1.219079866999999950e+02, 3.739874199999999860e+01
-1.220470215999999937e+02, 3.740325310000000059e+01
-1.219914878999999956e+02, 3.731868750000000290e+01
-1.220048792999999989e+02, 3.732553740000000175e+01
-1.219724365000000006e+02, 3.738434099999999916e+01
-1.219572912999999943e+02, 3.738002070000000288e+01
-1.219451444999999978e+02, 3.737728820000000240e+01
-1.219458529000000055e+02, 3.737765559999999709e+01
-1.219390518000000014e+02, 3.737612800000000135e+01
-1.219417866000000004e+02, 3.737666329999999704e+01
-1.219414033000000046e+02, 3.737659130000000118e+01
-1.219428457000000066e+02, 3.737706519999999699e+01
-1.219241789000000011e+02, 3.737298450000000116e+01
-1.220217415000000045e+02, 3.740412539999999808e+01
-1.220265753999999987e+02, 3.740287080000000230e+01
-1.218085473999999948e+02, 3.728235279999999818e+01
-1.218098411999999939e+02, 3.729035100000000114e+01
-1.219467156999999986e+02, 3.727314419999999728e+01
-1.219471043000000066e+02, 3.726917339999999967e+01
-1.218783387999999945e+02, 3.730341680000000082e+01
-1.218745834000000059e+02, 3.729808109999999743e+01
-1.218587842999999964e+02, 3.725670879999999840e+01
-1.218590011000000004e+02, 3.725667310000000043e+01
-1.218645377999999937e+02, 3.725537940000000248e+01
-1.218666063999999949e+02, 3.725549550000000210e+01
-1.218638272000000029e+02, 3.725568650000000304e+01
-1.218378414000000021e+02, 3.735399910000000290e+01
-1.218429682999999955e+02, 3.736314740000000256e+01
-1.218330042000000049e+02, 3.732019660000000272e+01
-1.218672928000000013e+02, 3.738871749999999849e+01
-1.218602245999999951e+02, 3.738240660000000304e+01
-1.218699857000000009e+02, 3.739121509999999660e+01
-1.218747929000000028e+02, 3.739639780000000258e+01
-1.218771150999999975e+02, 3.740427290000000227e+01
-1.218500300999999979e+02, 3.737209730000000008e+01
-1.218460690000000000e+02, 3.736827449999999828e+01
-1.218433784000000060e+02, 3.736381949999999819e+01
-1.218456598000000071e+02, 3.736781189999999953e+01
-1.219771724000000006e+02, 3.722477909999999923e+01
-1.219780788999999999e+02, 3.722431869999999776e+01
-1.218644898000000012e+02, 3.727836380000000105e+01
-1.218616806999999937e+02, 3.727079679999999939e+01
-1.218628154999999964e+02, 3.727601980000000026e+01
-1.218625310000000042e+02, 3.727305160000000228e+01
-1.219058914999999956e+02, 3.725079980000000290e+01
-1.220133515999999929e+02, 3.740589390000000236e+01
-1.219955161999999973e+02, 3.740970039999999841e+01
-1.220016365000000036e+02, 3.740882179999999835e+01
-1.219983813999999995e+02, 3.740953400000000073e+01
-1.219953141999999957e+02, 3.741021949999999663e+01
-1.220038464000000005e+02, 3.740820980000000162e+01
-1.219994259999999997e+02, 3.740929940000000187e+01
-1.219608044000000007e+02, 3.741957630000000279e+01
-1.219559169000000054e+02, 3.741946389999999667e+01
-1.219387528000000032e+02, 3.742006539999999859e+01
-1.219336681999999996e+02, 3.742176919999999996e+01
-1.219835377999999935e+02, 3.741336799999999840e+01
-1.219980312999999938e+02, 3.740915019999999913e+01
-1.219877654999999947e+02, 3.721770730000000071e+01
-1.219881704999999954e+02, 3.721749150000000128e+01
-1.219182909999999964e+02, 3.731628760000000256e+01
-1.218967839999999967e+02, 3.732278970000000129e+01
-1.220499168999999995e+02, 3.732302349999999791e+01
-1.220675303999999954e+02, 3.733554060000000163e+01
-1.219404767999999990e+02, 3.730984029999999763e+01
-1.219399449000000004e+02, 3.731760189999999966e+01
-1.219416922000000056e+02, 3.731730309999999662e+01
-1.219407127000000060e+02, 3.731926320000000175e+01
-1.219404234000000002e+02, 3.731619990000000087e+01
-1.219406328000000030e+02, 3.732376740000000126e+01
-1.218062764999999956e+02, 3.727869210000000066e+01
-1.218095430000000050e+02, 3.728517320000000268e+01
-1.218080924000000067e+02, 3.728094180000000080e+01
-1.219350158000000022e+02, 3.733538899999999927e+01
-1.219144493000000011e+02, 3.735162139999999908e+01
-1.219085840000000047e+02, 3.739853029999999734e+01
-1.219080045999999982e+02, 3.739683420000000069e+01
-1.219748378999999971e+02, 3.738503190000000131e+01
-1.220110686000000015e+02, 3.732904049999999785e+01
-1.219406912000000034e+02, 3.732632190000000350e+01
-1.220047519999999963e+02, 3.732574309999999684e+01
-1.219408721000000071e+02, 3.732701569999999691e+01
-1.219154678000000018e+02, 3.731583359999999772e+01
-1.219269113999999945e+02, 3.731688940000000088e+01
-1.220356903999999929e+02, 3.730376030000000043e+01
-1.220284537999999941e+02, 3.729690709999999854e+01
-1.220267158000000052e+02, 3.729520440000000292e+01
-1.220363181000000026e+02, 3.730462219999999718e+01
-1.218312683999999990e+02, 3.724818359999999728e+01
-1.219200373000000042e+02, 3.736517580000000294e+01
-1.219237217000000015e+02, 3.736788430000000005e+01
-1.219295091999999983e+02, 3.737457109999999716e+01
-1.218485328000000010e+02, 3.725513509999999684e+01
-1.218542845999999997e+02, 3.725530140000000046e+01
-1.218590449000000007e+02, 3.726073780000000113e+01
-1.218527090000000044e+02, 3.725557560000000024e+01
-1.219732166000000007e+02, 3.722937379999999763e+01
-1.219733980999999972e+02, 3.722950500000000318e+01
-1.219548747999999989e+02, 3.725582200000000199e+01
-1.219560548999999980e+02, 3.725621060000000284e+01
-1.219616302000000019e+02, 3.725803210000000121e+01
-1.219561178999999953e+02, 3.725571430000000106e+01
-1.219552716999999973e+02, 3.725615510000000086e+01
-1.219539199999999965e+02, 3.725819520000000296e+01
-1.219560871000000049e+02, 3.725505350000000249e+01
-1.219531740999999982e+02, 3.725998129999999975e+01
-1.219513610999999997e+02, 3.725409280000000223e+01
-1.219577929999999952e+02, 3.725302860000000038e+01
-1.219578700999999938e+02, 3.725287649999999928e+01
-1.219604941999999994e+02, 3.724792639999999722e+01
-1.219603431000000029e+02, 3.725693880000000036e+01
-1.219583913999999965e+02, 3.725643850000000157e+01
-1.219606107999999978e+02, 3.724717509999999976e+01
-1.219587104000000011e+02, 3.724967670000000197e+01
-1.219573532000000000e+02, 3.725327200000000261e+01
-1.219591585000000009e+02, 3.724881729999999891e+01
-1.219583839000000012e+02, 3.725060659999999757e+01
-1.219447435999999954e+02, 3.725319720000000245e+01
-1.219469859999999954e+02, 3.725388629999999779e+01
-1.219505134999999996e+02, 3.725470760000000325e+01
-1.219513824000000000e+02, 3.726158980000000298e+01
-1.219440122999999971e+02, 3.725335820000000098e+01
-1.219239060999999964e+02, 3.725041569999999780e+01
-1.219291503999999975e+02, 3.725071630000000056e+01
-1.219378497999999951e+02, 3.725197090000000344e+01
-1.219698096000000049e+02, 3.726004960000000210e+01
-1.220015240000000034e+02, 3.727397969999999816e+01
-1.220017761000000007e+02, 3.727383460000000071e+01
-1.220119743999999997e+02, 3.728045440000000355e+01
-1.220116095999999999e+02, 3.727986529999999732e+01
-1.219689826000000039e+02, 3.726003159999999781e+01
-1.219165330999999952e+02, 3.725067750000000188e+01
-1.218805933000000010e+02, 3.725417579999999873e+01
-1.219048923000000002e+02, 3.734743780000000157e+01
-1.219041967000000000e+02, 3.734629120000000313e+01
-1.219037938999999966e+02, 3.734664879999999698e+01
-1.218957132000000030e+02, 3.732885910000000251e+01
-1.218959160999999938e+02, 3.733055170000000089e+01
-1.218998332000000033e+02, 3.732149650000000207e+01
-1.218807189999999991e+02, 3.732705409999999802e+01
-1.218709240000000023e+02, 3.732847569999999848e+01
-1.218676418999999953e+02, 3.733014769999999771e+01
-1.219256981000000053e+02, 3.734273699999999963e+01
-1.219277191000000045e+02, 3.734113229999999817e+01
-1.218422972000000044e+02, 3.732996010000000098e+01
-1.218874261999999931e+02, 3.736251270000000346e+01
-1.218413220999999993e+02, 3.736040040000000317e+01
-1.218490101000000010e+02, 3.737038249999999806e+01
-1.218474932000000024e+02, 3.736977120000000241e+01
-1.218625191999999942e+02, 3.738451080000000104e+01
-1.218628786000000019e+02, 3.738484330000000000e+01
-1.218628195999999946e+02, 3.738399499999999875e+01
-1.218611398999999977e+02, 3.738239229999999935e+01
-1.218632326000000035e+02, 3.738437869999999918e+01
-1.218654963999999978e+02, 3.738643309999999786e+01
-1.218675020000000018e+02, 3.738855550000000250e+01
-1.218392567000000071e+02, 3.735588380000000086e+01
-1.218389460000000071e+02, 3.735538580000000053e+01
-1.218380310000000009e+02, 3.735232859999999988e+01
-1.219157414999999958e+02, 3.742217500000000285e+01
-1.219191945000000032e+02, 3.743346729999999667e+01
-1.219132414999999980e+02, 3.741652990000000045e+01
-1.218745239999999939e+02, 3.739647029999999717e+01
-1.218348093999999975e+02, 3.732206089999999676e+01
-1.218132619000000005e+02, 3.729933299999999718e+01
-1.218096505000000036e+02, 3.729211389999999682e+01
-1.218102764000000064e+02, 3.729410130000000123e+01
-1.218112296000000043e+02, 3.729789980000000327e+01
-1.218099397000000010e+02, 3.729497930000000139e+01
-1.219343118000000032e+02, 3.737559920000000346e+01
-1.219181748999999968e+02, 3.736398750000000035e+01
-1.219187387000000058e+02, 3.736368199999999717e+01
-1.219781619999999975e+02, 3.741503029999999796e+01
-1.219377180000000038e+02, 3.729277929999999941e+01
-1.219395090000000010e+02, 3.729675830000000047e+01
-1.219385163000000034e+02, 3.729490289999999675e+01
-1.218789297000000005e+02, 3.730473109999999792e+01
-1.218307597000000015e+02, 3.724757759999999962e+01
-1.218398202999999995e+02, 3.725233990000000261e+01
-1.219044092999999975e+02, 3.734678149999999874e+01
-1.219043625999999989e+02, 3.738256700000000166e+01
-1.218582480000000032e+02, 3.738022980000000217e+01
-1.218587097000000057e+02, 3.738032050000000339e+01
-1.219689386000000013e+02, 3.738355580000000344e+01
-1.218799182000000059e+02, 3.741167630000000344e+01
-1.218822590999999989e+02, 3.742035109999999776e+01
-1.218792425999999978e+02, 3.741189380000000142e+01
-1.218787200999999953e+02, 3.740961659999999966e+01
-1.218816857999999996e+02, 3.741946800000000195e+01
-1.219228336000000041e+02, 3.731674470000000099e+01
-1.219146836999999977e+02, 3.731552219999999664e+01
-1.219312287999999995e+02, 3.731707420000000042e+01
-1.220883623999999941e+02, 3.741814229999999952e+01
-1.218557244999999938e+02, 3.733780469999999951e+01
-1.218914079000000044e+02, 3.732231149999999786e+01
-1.218902489000000031e+02, 3.731910340000000303e+01
-1.218984695000000045e+02, 3.732152870000000178e+01
-1.218973593999999991e+02, 3.732195099999999854e+01
-1.220482324999999975e+02, 3.731880429999999649e+01
-1.220599366000000003e+02, 3.734234860000000111e+01
-1.220753152999999998e+02, 3.741033440000000354e+01
-1.220778873999999945e+02, 3.741149169999999913e+01
-1.220773386999999985e+02, 3.741180800000000062e+01
-1.220783605000000023e+02, 3.741189229999999810e+01
-1.220470172999999932e+02, 3.740304919999999811e+01
-1.220507374999999968e+02, 3.740352089999999663e+01
-1.220270751999999987e+02, 3.739869290000000035e+01
-1.220248112999999961e+02, 3.739820170000000132e+01
-1.219941505999999976e+02, 3.739052159999999958e+01
-1.219911639999999977e+02, 3.738965389999999900e+01
-1.220604244000000023e+02, 3.738621750000000077e+01
-1.220351701000000020e+02, 3.740066339999999911e+01
-1.220707019000000031e+02, 3.738300619999999697e+01
-1.219072850999999957e+02, 3.731624289999999888e+01
-1.218991912000000042e+02, 3.732264440000000150e+01
-1.218685071000000022e+02, 3.735614809999999864e+01
-1.219251634000000024e+02, 3.734197629999999890e+01
-1.219106328000000019e+02, 3.731532630000000239e+01
-1.219043494999999950e+02, 3.734693339999999750e+01
-1.220519179000000065e+02, 3.732896439999999671e+01
-1.220508114000000006e+02, 3.732698390000000188e+01
-1.218713173000000012e+02, 3.729001199999999727e+01
-1.220517305000000050e+02, 3.740376229999999680e+01
-1.220510622999999981e+02, 3.740449370000000329e+01
-1.220519433000000049e+02, 3.740468880000000240e+01
-1.218923632000000055e+02, 3.732455649999999991e+01
-1.218904603999999949e+02, 3.732118969999999791e+01
-1.220695034000000021e+02, 3.739923060000000277e+01
-1.219607627000000036e+02, 3.741901440000000179e+01
-1.219702860999999956e+02, 3.741875189999999662e+01
-1.219702137000000022e+02, 3.741851330000000075e+01
-1.219358100000000036e+02, 3.742110129999999657e+01
-1.218921294000000017e+02, 3.736343529999999902e+01
-1.220602322999999956e+02, 3.735244250000000221e+01
-1.220612677000000019e+02, 3.735262579999999843e+01
-1.220596500999999989e+02, 3.733807079999999701e+01
-1.220680086999999929e+02, 3.737482550000000003e+01
-1.220677886999999942e+02, 3.737448880000000173e+01
-1.220586751999999962e+02, 3.738672739999999806e+01
-1.220480881999999951e+02, 3.731803490000000068e+01
-1.219175318000000061e+02, 3.742525239999999798e+01
-1.219244395999999995e+02, 3.742317649999999674e+01
-1.219193604000000022e+02, 3.743722000000000349e+01
-1.219750688000000025e+02, 3.722667650000000350e+01
-1.219750228000000050e+02, 3.722651299999999708e+01
-1.219492632999999984e+02, 3.726529560000000174e+01
-1.219505661000000032e+02, 3.726307429999999954e+01
-1.219100861000000009e+02, 3.740672820000000343e+01
-1.219090625999999986e+02, 3.740049599999999685e+01
-1.219088986000000006e+02, 3.740251310000000018e+01
-1.218483441000000056e+02, 3.733537710000000232e+01
-1.218900342000000023e+02, 3.743939149999999927e+01
-1.218893422000000015e+02, 3.743939999999999912e+01
-1.218920051999999998e+02, 3.744663020000000131e+01
-1.218448709999999977e+02, 3.734438839999999971e+01
-1.218481862999999947e+02, 3.734256760000000241e+01
-1.218648527000000001e+02, 3.738668040000000303e+01
-1.218859953999999988e+02, 3.743063500000000232e+01
-1.218863762999999949e+02, 3.742994490000000241e+01
-1.218880929000000037e+02, 3.743451129999999694e+01
-1.218882914000000000e+02, 3.743500540000000143e+01
-1.218889190000000013e+02, 3.743485629999999986e+01
-1.218887151999999929e+02, 3.743436220000000247e+01
-1.218451715000000064e+02, 3.736589680000000158e+01
-1.219189101000000051e+02, 3.736440850000000324e+01
-1.219189898999999997e+02, 3.736437680000000228e+01
-1.219189685000000054e+02, 3.736441920000000039e+01
-1.219189139000000068e+02, 3.736436270000000093e+01
-1.218569214999999986e+02, 3.733676679999999948e+01
-1.218683053999999970e+02, 3.732952720000000113e+01
-1.219487563999999935e+02, 3.731669449999999699e+01
-1.219909288000000060e+02, 3.731874820000000170e+01
-1.218472172999999970e+02, 3.733422740000000317e+01
-1.218551185999999973e+02, 3.734217639999999960e+01
-1.218508566000000002e+02, 3.733798809999999690e+01
-1.218552959999999956e+02, 3.734319570000000255e+01
-1.218922747000000015e+02, 3.732362700000000189e+01
-1.218968859999999950e+02, 3.732300450000000325e+01
-1.218850967000000054e+02, 3.732551629999999676e+01
-1.218873640999999992e+02, 3.731421290000000113e+01
-1.218997339999999951e+02, 3.732125130000000013e+01
-1.219353339999999974e+02, 3.731766660000000257e+01
-1.219342285999999973e+02, 3.731725000000000136e+01
-1.219352004999999934e+02, 3.731729760000000340e+01
-1.219103681999999935e+02, 3.731468579999999946e+01
-1.219098402000000050e+02, 3.731483709999999832e+01
-1.219108882999999963e+02, 3.731486509999999868e+01
-1.219048982000000052e+02, 3.731717600000000346e+01
-1.219308362000000017e+02, 3.731703159999999997e+01
-1.219129645000000011e+02, 3.731431429999999949e+01
-1.218400136000000060e+02, 3.734860030000000108e+01
-1.218405043000000063e+02, 3.735907000000000266e+01
-1.220666506000000027e+02, 3.740780139999999676e+01
-1.220676069000000012e+02, 3.740780850000000157e+01
-1.220795877999999988e+02, 3.741286499999999648e+01
-1.219214900999999998e+02, 3.742384150000000176e+01
-1.219678835999999933e+02, 3.731646279999999649e+01
-1.219347013999999945e+02, 3.731744849999999758e+01
-1.219262559999999951e+02, 3.742259270000000271e+01
-1.219159616999999969e+02, 3.742381340000000023e+01
-1.219272167000000024e+02, 3.737259720000000129e+01
-1.219303632999999962e+02, 3.737415330000000324e+01
-1.219149927999999932e+02, 3.742163409999999857e+01
-1.218474231000000003e+02, 3.734328239999999965e+01
-1.218857536000000010e+02, 3.731187340000000319e+01
-1.218422910000000030e+02, 3.732956850000000060e+01
-1.218494421999999986e+02, 3.733741810000000072e+01
-1.218617028999999974e+02, 3.734975010000000140e+01
-1.218466643999999945e+02, 3.733459309999999931e+01
-1.219136139999999955e+02, 3.737095870000000275e+01
-1.219249168999999995e+02, 3.742303739999999834e+01
-1.218637750999999980e+02, 3.727518340000000308e+01
-1.218625013999999993e+02, 3.727577980000000224e+01
-1.218726146999999997e+02, 3.729324040000000196e+01
-1.218855836000000039e+02, 3.731255680000000297e+01
-1.219033763000000050e+02, 3.736198199999999758e+01
-1.218953360999999944e+02, 3.736347930000000161e+01
-1.218590245000000039e+02, 3.734712929999999886e+01
-1.218969670999999977e+02, 3.733245459999999838e+01
-1.219144734999999997e+02, 3.735142100000000198e+01
-1.218904629000000028e+02, 3.744256769999999790e+01
-1.218783279000000022e+02, 3.732774369999999919e+01
-1.219086675000000071e+02, 3.740154559999999861e+01
-1.219093151999999947e+02, 3.740155210000000352e+01
-1.218633865000000043e+02, 3.735208839999999952e+01
-1.219368857999999989e+02, 3.725207040000000092e+01
-1.219575681999999972e+02, 3.725641180000000219e+01
-1.220678024999999991e+02, 3.737852519999999856e+01
-1.220299152999999990e+02, 3.740246419999999716e+01
-1.218667901999999970e+02, 3.735491770000000145e+01
-1.220129763999999994e+02, 3.739560649999999953e+01
-1.220282392999999956e+02, 3.739915669999999892e+01
-1.220926429000000013e+02, 3.742097030000000046e+01
-1.220273291000000029e+02, 3.740273150000000157e+01
-1.220258659999999935e+02, 3.740301149999999808e+01
-1.220609340999999972e+02, 3.735171969999999675e+01
-1.218296837000000039e+02, 3.731632290000000296e+01
-1.218270523999999995e+02, 3.731400200000000211e+01
-1.218206220999999942e+02, 3.730697479999999899e+01
-1.218198189999999954e+02, 3.730651100000000042e+01
-1.219411838000000046e+02, 3.732279110000000344e+01
-1.219051484000000016e+02, 3.734698649999999986e+01
-1.218704618999999951e+02, 3.732883089999999982e+01
-1.220751676000000003e+02, 3.741095359999999914e+01
-1.219403448999999995e+02, 3.732226359999999943e+01
-1.219411249000000055e+02, 3.732452640000000343e+01
-1.219194508000000070e+02, 3.742501860000000136e+01
-1.219193752999999987e+02, 3.734807479999999913e+01
-1.218292847000000023e+02, 3.731589329999999904e+01
-1.218151555999999971e+02, 3.730130020000000002e+01
-1.218186637000000019e+02, 3.730534529999999904e+01
-1.218140841999999964e+02, 3.730087819999999965e+01
-1.218156852999999984e+02, 3.730226809999999915e+01
-1.220456784999999940e+02, 3.739506339999999796e+01
-1.219407192999999978e+02, 3.731987759999999810e+01
-1.219046217000000070e+02, 3.734674660000000301e+01
-1.219045617999999962e+02, 3.734690750000000037e+01
-1.219403271999999987e+02, 3.741969780000000156e+01
-1.218443984999999969e+02, 3.736599379999999826e+01
-1.219642584999999997e+02, 3.741912920000000042e+01
-1.218436614999999961e+02, 3.736374370000000056e+01
-1.218686862999999931e+02, 3.735659160000000156e+01
-1.218419552999999951e+02, 3.725340299999999871e+01
-1.219601255999999978e+02, 3.725066079999999857e+01
-1.219351053999999976e+02, 3.737554469999999895e+01
-1.219238552999999996e+02, 3.736820099999999911e+01
-1.218383948999999973e+02, 3.735477180000000175e+01
-1.218512177000000065e+02, 3.733996199999999988e+01
-1.218507711999999970e+02, 3.734052779999999672e+01
-1.218489256000000012e+02, 3.733596980000000087e+01
-1.218477680000000021e+02, 3.733570519999999959e+01
-1.219051625999999970e+02, 3.736020369999999957e+01
-1.219075579000000005e+02, 3.735783779999999865e+01
-1.219068419000000034e+02, 3.735878610000000322e+01
-1.219695434000000063e+02, 3.738350930000000005e+01
-1.220494426000000061e+02, 3.732333710000000337e+01
-1.218569592999999998e+02, 3.733645190000000014e+01
-1.219363359999999972e+02, 3.733440389999999809e+01
-1.218405604999999952e+02, 3.734781490000000304e+01
-1.219018750000000040e+02, 3.731902350000000013e+01
-1.220418729999999954e+02, 3.739744379999999779e+01
-1.220394952999999987e+02, 3.739867859999999666e+01
-1.220425586000000067e+02, 3.739723930000000252e+01
-1.220360663000000017e+02, 3.740065820000000230e+01
-1.220463333000000006e+02, 3.739531120000000186e+01
-1.220353336999999954e+02, 3.740072469999999782e+01
-1.220314254000000034e+02, 3.740195640000000310e+01
-1.220697722999999968e+02, 3.738328609999999941e+01
-1.220696994000000046e+02, 3.740558330000000353e+01
-1.220822560999999951e+02, 3.741415289999999771e+01
-1.220630608999999964e+02, 3.733348540000000071e+01
-1.218536109000000067e+02, 3.734144979999999947e+01
-1.219280207000000047e+02, 3.734107449999999773e+01
-1.220311691999999937e+02, 3.739961089999999899e+01
-1.219011468729929106e+02, 3.736409344924173581e+01
-1.219454398000665378e+02, 3.725330429966504653e+01
-1.219065395727588736e+02, 3.735908857200614364e+01
-1.218729563720906128e+02, 3.729501089166789285e+01
-1.219022024840696474e+02, 3.736338095185477215e+01
-1.218754887199914378e+02, 3.725583950197343341e+01
-1.219355162969878990e+02, 3.733501438069070844e+01
-1.219077349409165834e+02, 3.725047642415974281e+01
-1.218904128493436332e+02, 3.732025384733735507e+01
-1.219774824512783766e+02, 3.738579457724849675e+01
-1.219556056967950752e+02, 3.725633639336148661e+01
-1.220120508696578838e+02, 3.732926209021943009e+01
-1.218747203537976418e+02, 3.725566593130518811e+01
-1.219127122442334610e+02, 3.741497870448084484e+01
-1.219725483368866321e+02, 3.741798419510045903e+01
-1.220105762536762342e+02, 3.727906046327681366e+01
-1.219388697640320345e+02, 3.729505316802816139e+01
-1.219554800677508410e+02, 3.741929951816110389e+01
-1.218894240765915669e+02, 3.736272633553281963e+01
-1.219011075454780411e+02, 3.736613647067524369e+01
-1.219262981430424873e+02, 3.734220179904059478e+01
-1.219124794262786367e+02, 3.725069464801778452e+01
-1.220779695532890514e+02, 3.741178056903786597e+01
-1.219367784988058929e+02, 3.742105248532632089e+01
-1.218605348407331519e+02, 3.734843759543801411e+01
-1.219955257475014463e+02, 3.739116028128818670e+01
-1.219397131237974605e+02, 3.737625829611540240e+01
-1.220697542819594901e+02, 3.740368586678219742e+01
-1.218635300526562730e+02, 3.727693128740007467e+01
-1.220345425551924023e+02, 3.730311270321304562e+01
-1.219628306728338316e+02, 3.741917602344312144e+01
-1.219621003715609220e+02, 3.738138969914476917e+01
-1.220490279595265264e+02, 3.731996248233041058e+01
-1.219671237584038437e+02, 3.725920934988408106e+01
-1.219378753994015767e+02, 3.729362584414731430e+01
-1.220046969880977628e+02, 3.727540614846176936e+01
-1.219435910016366478e+02, 3.737721152418404813e+01
-1.218928699247799443e+02, 3.732508402060582853e+01
-1.219123648583506849e+02, 3.741324285503384317e+01
-1.219537876401413712e+02, 3.725815446124597941e+01
-1.219794563801188332e+02, 3.738657075759421389e+01
-1.219257290398812899e+02, 3.734296517958775041e+01
-1.218716464428155035e+02, 3.729177763479876972e+01
-1.218860907762730363e+02, 3.731356640480241538e+01
-1.218580780194605211e+02, 3.725564944074397999e+01
-1.219972528552064261e+02, 3.740963090810061686e+01
-1.219486868342799113e+02, 3.726655898299446790e+01
-1.218584753712775068e+02, 3.726198019742474798e+01
-1.219720621005564993e+02, 3.731631734935164246e+01
-1.219391496363981418e+02, 3.742035742683248856e+01
-1.219378542992156014e+02, 3.729305036929221728e+01
-1.220268008347012483e+02, 3.739863337076516103e+01
-1.219282084453039090e+02, 3.725063005855550813e+01
-1.219178709936566065e+02, 3.734895960215102662e+01
-1.219674919332559000e+02, 3.738313918498926114e+01
-1.219742395624871136e+02, 3.738485975400697470e+01
-1.219027103471370879e+02, 3.736433338765031920e+01
-1.218545402362120456e+02, 3.734241266754057165e+01
-1.219772947901123672e+02, 3.731797832156627237e+01
-1.218716914817063639e+02, 3.729188733430319047e+01
-1.219931665113572166e+02, 3.731944036300112799e+01
-1.220474641772400730e+02, 3.740314765672030717e+01
-1.219470730033779660e+02, 3.727169588211677365e+01
-1.218658226339275501e+02, 3.735373210188782167e+01
-1.219554979409310960e+02, 3.741946121420699001e+01
-1.218638353051592560e+02, 3.727671175428317696e+01
-1.218789290719836771e+02, 3.725481255160248395e+01
-1.219622043706617234e+02, 3.725804774946875852e+01
-1.219031980958219208e+02, 3.736242723753815653e+01
-1.219492046959571923e+02, 3.725429271400802378e+01
-1.220149401125086825e+02, 3.733105045514228237e+01
-1.220298058827255261e+02, 3.729893110722633764e+01
-1.219199651214192670e+02, 3.734765458907454416e+01
-1.219362998728628611e+02, 3.733461729996835743e+01
-1.218525601368341285e+02, 3.725525220360337642e+01
-1.220688403030903544e+02, 3.738889381694396974e+01
-1.220336251219000019e+02, 3.740014365468595514e+01
-1.220029160985179288e+02, 3.732479062257394276e+01
-1.218929462694689505e+02, 3.732520010920713105e+01
-1.219628212849280544e+02, 3.741893902620408596e+01
-1.220290705591190346e+02, 3.740267426959639607e+01
-1.220048858707370556e+02, 3.727523886056136604e+01
-1.219425427651144247e+02, 3.737680402115905309e+01
-1.218557644078949522e+02, 3.725534304153381981e+01
-1.219949148038204783e+02, 3.739075377107102582e+01
-1.220348072851643337e+02, 3.730300861588511196e+01
-1.219581656274431509e+02, 3.725176670515807587e+01
-1.218739758755383207e+02, 3.729754281613181632e+01
-1.218780177331289707e+02, 3.730355676957454847e+01
-1.218492951520421599e+02, 3.734143286655899630e+01
-1.218669894040498605e+02, 3.735509479962169621e+01
-1.220134210547622615e+02, 3.732997573482229825e+01
-1.220488067770992728e+02, 3.731998580557485923e+01
-1.220009866614346663e+02, 3.740882207735950260e+01
-1.219669743980977472e+02, 3.725941036943523699e+01
-1.218768321420916152e+02, 3.725523426991978226e+01
-1.219340985308040217e+02, 3.725129079477956395e+01
-1.219277170461671886e+02, 3.734129936882013823e+01
-1.219340505636501177e+02, 3.725155966582916278e+01
-1.219535128436916693e+02, 3.731679950445571592e+01
-1.219553988674469878e+02, 3.725623814892501429e+01
-1.219124665413506534e+02, 3.725044831116194644e+01
-1.219367093654606435e+02, 3.733430047183152567e+01
-1.220283745797485437e+02, 3.739898198034774879e+01
-1.219077633586413043e+02, 3.725076566921944021e+01
-1.219310569468743353e+02, 3.737461988721523909e+01
-1.219282270091895839e+02, 3.725040151820417833e+01
-1.219980751974326978e+02, 3.739192805076441317e+01
-1.219555549627054489e+02, 3.725545477428794072e+01
-1.219937247075661730e+02, 3.739039313281147514e+01
-1.218761389851977839e+02, 3.732794824442547110e+01
-1.218484253800150441e+02, 3.733610035034914176e+01
-1.219553889486360987e+02, 3.725567426611946331e+01
-1.220301111642597647e+02, 3.733427886328178147e+01
-1.220300532462107412e+02, 3.729882003333561613e+01
-1.219568347173383529e+02, 3.725463915432226969e+01
-1.218782057073169938e+02, 3.730324851122120577e+01
-1.218591992554036096e+02, 3.726184840525237263e+01
-1.219165526662508654e+02, 3.737179665662577577e+01
-1.220699682599298797e+02, 3.740367292441570157e+01
-1.219367354912322838e+02, 3.742090566982906097e+01
-1.219607295614241735e+02, 3.738099803454970527e+01
-1.220105180653884105e+02, 3.739506669838899455e+01
-1.219623594324843765e+02, 3.725784473826198706e+01
-1.219220899342532505e+02, 3.737265347710933838e+01
-1.218901791571892232e+02, 3.732044797827403215e+01
-1.218995365830452187e+02, 3.736362743723837809e+01
-1.219493594083881618e+02, 3.725403423362001831e+01
-1.219407092068665577e+02, 3.732515030166921122e+01
-1.220103696086081015e+02, 3.727920873814790070e+01
-1.218807773850228102e+02, 3.732730175977670939e+01
-1.219407537712918952e+02, 3.737666527320523358e+01
-1.218935913878057704e+02, 3.736331760569154170e+01
-1.219962975704711283e+02, 3.740965909079663732e+01
-1.219013548058544814e+02, 3.736866447825862281e+01
-1.219724573006145931e+02, 3.741774984307574670e+01
-1.218862177477460591e+02, 3.731326540755637922e+01
-1.218624178301022027e+02, 3.735089022467137454e+01
-1.219391977007415591e+02, 3.742049502199751743e+01
-1.218590693729470189e+02, 3.726676446794688502e+01
-1.218594008345785653e+02, 3.726660911997002756e+01
-1.219231858498104373e+02, 3.731674113985636154e+01
-1.219232055434320046e+02, 3.731674094081545690e+01
-1.220234044949123557e+02, 3.729118687728208670e+01
-1.220236329944699207e+02, 3.729105812789032370e+01
-1.219145082426387035e+02, 3.731506254063985040e+01
-1.220328806702206208e+02, 3.740170676786502213e+01
-1.219524405905700775e+02, 3.731669825102103744e+01
-1.218546584603477072e+02, 3.733786217323011414e+01
-1.219524279147143204e+02, 3.731686414042454913e+01
-1.218545697442308011e+02, 3.733821040656867751e+01
-1.219088083880619138e+02, 3.735683048276190732e+01
-1.218646480757721520e+02, 3.727957722148764219e+01
-1.219160757654907457e+02, 3.742482355425135410e+01
-1.219170119787161184e+02, 3.742746496273019829e+01
-1.218589799643026481e+02, 3.725533706159724545e+01
-1.220795333282846684e+02, 3.741269109493072875e+01
-1.220652820642762464e+02, 3.740749344657931630e+01
-1.219015032920048327e+02, 3.737020538612699738e+01
-1.218589839613614600e+02, 3.725565129394902897e+01
-1.219078781992026563e+02, 3.735752015080907995e+01
-1.218646997707111979e+02, 3.727969084076893580e+01
-1.218694916667302692e+02, 3.728749537410019599e+01
-1.218696872189891138e+02, 3.728719691464110753e+01
-1.219401542797541111e+02, 3.731892481393322214e+01
-1.218589059552905809e+02, 3.733557467919628436e+01
-1.218600579550786023e+02, 3.733486985105320599e+01
-1.218600967919720262e+02, 3.733452203020888049e+01
-1.218839965824873701e+02, 3.732593738781043413e+01
-1.218839649707226158e+02, 3.732568045573643190e+01
-1.219268694235682489e+02, 3.737116531916353068e+01
-1.219268971843813176e+02, 3.737127881284271069e+01
-1.220606293708105028e+02, 3.733266225526874393e+01
-1.220606250163576334e+02, 3.733245075546648195e+01
-1.218555384507586865e+02, 3.734344752878772056e+01
-1.218557722849562452e+02, 3.734331490139911836e+01
-1.218480020726560298e+02, 3.733528716021401550e+01
-1.218476445869567613e+02, 3.733530100898246218e+01
-1.220784763317643069e+02, 3.741194037446106790e+01
-1.220651517875879506e+02, 3.740727375180478020e+01
-1.220768200540672979e+02, 3.741135274536695476e+01
-1.218978743938759095e+02, 3.732263034585469086e+01
-1.218978145752152216e+02, 3.732239323575197432e+01
-1.220717154518331569e+02, 3.740954476324773026e+01
-1.218609468852987732e+02, 3.727041235167256872e+01
-1.218611365090055045e+02, 3.727010071526203205e+01
-1.219758671154732212e+02, 3.738553989017103873e+01
-1.220157167449971638e+02, 3.739640758205224103e+01
-1.220256945745176012e+02, 3.739858993060789771e+01
-1.220510763906310814e+02, 3.740415187444256162e+01
-1.218955225847583108e+02, 3.732903176544716217e+01
-1.218976079258595036e+02, 3.733639200895159860e+01
-1.218978109703831620e+02, 3.733711247759090668e+01
-1.218977689854105222e+02, 3.733751295288649175e+01
-1.220624224253771786e+02, 3.735664793469884870e+01
-1.220626166216318751e+02, 3.735661694911240005e+01
-1.218995712141169037e+02, 3.732136730047471218e+01
-1.219022106444908502e+02, 3.734425789547191243e+01
-1.219020770894961174e+02, 3.734446733778541727e+01
-1.219150661558549871e+02, 3.742117177677847906e+01
-1.219085005735665419e+02, 3.739923029489388995e+01
-1.219040737140546327e+02, 3.738027117166980418e+01
-1.219048437996580390e+02, 3.738449028413109687e+01
-1.219050501949560896e+02, 3.738448346790171684e+01
-1.219065227477734368e+02, 3.739159104247544718e+01
-1.219067128371516304e+02, 3.739155635661767718e+01
-1.219081809847966298e+02, 3.739869583863059432e+01
-1.219098707077982624e+02, 3.740581727129500678e+01
-1.219101020347919189e+02, 3.740577031758595439e+01
-1.219141303227458764e+02, 3.741914370893142916e+01
-1.219143394612734284e+02, 3.741909478920746324e+01
-1.218420927117272186e+02, 3.732973649415571060e+01
-1.218423613486337160e+02, 3.732958985131644170e+01
-1.218488696812121077e+02, 3.733655991927417261e+01
-1.218719908419159594e+02, 3.735897967000558140e+01
-1.218720933794407557e+02, 3.735880103566049826e+01
-1.219078818392905532e+02, 3.736810178995552434e+01
-1.219079590748299893e+02, 3.736787351809128666e+01
-1.219864797993740524e+02, 3.738853549377228802e+01
-1.219865451355795614e+02, 3.738834614113019938e+01
-1.220052658894266813e+02, 3.739396535878771033e+01
-1.220053223623360878e+02, 3.739377921813641592e+01
-1.220134467205134570e+02, 3.739588356891730569e+01
-1.220175186038879502e+02, 3.739660823622750740e+01
-1.220559300790620796e+02, 3.740544361484296587e+01
-1.220563410224042400e+02, 3.740534347594784492e+01
-1.219173006423979899e+02, 3.734954640326874653e+01
-1.219177080390899874e+02, 3.734926039273287302e+01
-1.219474032007396715e+02, 3.727027877969796776e+01
-1.218708474884824682e+02, 3.732849884060573231e+01
-1.218707973497136976e+02, 3.732872450444991586e+01
-1.218749012528228661e+02, 3.732783087992236659e+01
-1.218833277540811224e+02, 3.732595105577776451e+01
-1.218906816218626830e+02, 3.732405915609308522e+01
-1.218976541391872246e+02, 3.732246543787041304e+01
-1.219136522574137587e+02, 3.731482576605660739e+01
-1.219215479185413216e+02, 3.731675829831935687e+01
-1.219391372039959123e+02, 3.729602512072519716e+01
-1.219815402700348699e+02, 3.726552041256211112e+01
-1.220508391599060616e+02, 3.732659707783422931e+01
-1.219816872990632532e+02, 3.726532557683649571e+01
-1.218627213767999109e+02, 3.727255604688023283e+01
-1.218675814826567319e+02, 3.728486644874738687e+01
-1.218824740891385545e+02, 3.730920701294008524e+01
-1.218826697493998665e+02, 3.730889293749749669e+01
-1.218628752894550331e+02, 3.727247133909604315e+01
-1.219656128530042736e+02, 3.738260046491057409e+01
-1.220416250293371405e+02, 3.740208006644436978e+01
-1.220134919944201215e+02, 3.739572045115729537e+01
-1.220416844118322217e+02, 3.740188652429633009e+01
-1.220116033159230540e+02, 3.740629057774106059e+01
-1.220116177987471815e+02, 3.740646067812959075e+01
-1.220496260321102966e+02, 3.733360939947056067e+01
-1.219029886093483555e+02, 3.736468994292814472e+01
-1.219015384496180303e+02, 3.736516268069636482e+01
-1.218585402032226739e+02, 3.726270330551889032e+01
-1.218677717222531953e+02, 3.728456184163476905e+01
-1.219244785649973863e+02, 3.731672807454981466e+01
-1.218844537730310691e+02, 3.742726457400473095e+01
-1.218820693032355393e+02, 3.742074809928203649e+01
-1.218807065866663208e+02, 3.741608585875585646e+01
-1.218751862228647269e+02, 3.739806810786781455e+01
-1.218703460476099849e+02, 3.739154565224298210e+01
-1.218638160329278435e+02, 3.738549981634893271e+01
-1.218781794164760157e+02, 3.740778612279685689e+01
-1.218453527320549625e+02, 3.734400387247824682e+01
-1.218483629194546012e+02, 3.734172901072862771e+01
-1.218479725666924764e+02, 3.734199305411922154e+01
-1.218760642757648611e+02, 3.740089203608479806e+01
-1.218402027805665568e+02, 3.735856104545489131e+01
-1.218412328856543922e+02, 3.736025496956054326e+01
-1.218465760773250253e+02, 3.736864137432093713e+01
-1.218507807903914255e+02, 3.737284355553715898e+01
-1.218577390359244106e+02, 3.737972864953470520e+01
-1.218848296427024707e+02, 3.742741286026950576e+01
-1.218824129374804812e+02, 3.742088390536237341e+01
-1.218708047741204439e+02, 3.739160670873554437e+01
-1.218616635557073238e+02, 3.738315118263414405e+01
-1.218800131846782051e+02, 3.741270686053432115e+01
-1.218785703655728412e+02, 3.740790962562051902e+01
-1.218455553592119145e+02, 3.734418034110737494e+01
-1.218755324200095203e+02, 3.739821022341796919e+01
-1.218417944176894849e+02, 3.736061280391383121e+01
-1.218450346714688521e+02, 3.736613621677394548e+01
-1.218512559901013219e+02, 3.737288703062894513e+01
-1.218581847133475407e+02, 3.737979734378987473e+01
-1.220568652761470076e+02, 3.733363368767649604e+01
-1.220687480532263436e+02, 3.739639654181644346e+01
-1.220681563540292416e+02, 3.738370186260496553e+01
-1.220675534875388593e+02, 3.737721800586469811e+01
-1.220583492542684922e+02, 3.733542203238462776e+01
-1.220694008245335311e+02, 3.740729382892745747e+01
-1.220674572880020889e+02, 3.737317462787435574e+01
-1.220627877807331743e+02, 3.736314850853293734e+01
-1.220608832134312536e+02, 3.735309988412328153e+01
-1.220602882819593304e+02, 3.735156995406513403e+01
-1.220597702999999967e+02, 3.734471299999999871e+01
-1.220676435870351213e+02, 3.737908949786098844e+01
-1.220546832731072300e+02, 3.733150490748468542e+01
-1.220684342773258635e+02, 3.738427097314965408e+01
-1.220677656308961190e+02, 3.737705310874697773e+01
-1.220700754306604949e+02, 3.740714039651866329e+01
-1.220676682996573561e+02, 3.737317742542305155e+01
-1.220629777066778558e+02, 3.736310643190364544e+01
-1.220604811631432369e+02, 3.735154058455633219e+01
-1.220678966770990286e+02, 3.737936512092576180e+01
-1.220570323152954586e+02, 3.733354783110595321e+01
-1.220599621980664438e+02, 3.734470831244222211e+01
-1.220597311141599022e+02, 3.733762480089869484e+01
-1.220686260691383893e+02, 3.739511993837289339e+01
-1.219387931455199663e+02, 3.731746719326456230e+01
-1.219415088561551528e+02, 3.731713663738050712e+01
-1.219404346464599342e+02, 3.732182095869299587e+01
-1.219408729996628580e+02, 3.732515268110532247e+01
-1.219072236156719953e+02, 3.734848002989454585e+01
-1.219174351641375154e+02, 3.736260901172823168e+01
-1.219215822006048739e+02, 3.736680702130203002e+01
-1.219173610495289353e+02, 3.736250935327491618e+01
-1.219214715212972351e+02, 3.736673620905074245e+01
-1.219148480027701709e+02, 3.742121807699516722e+01
-1.219257430496191574e+02, 3.742285891423581745e+01
-1.218996504517419481e+02, 3.732162501808392108e+01
-1.218886157536477270e+02, 3.732470540436658979e+01
-1.218965492557433379e+02, 3.732310406765342492e+01
-1.219135090634966616e+02, 3.731499950435186008e+01
